design_no,part_raw,part_clean,image_path,filename
1103,Neck 250,Neck,Jeetubhai Images\OS New folder (11) Images\1103 Neck 250.JPG,1103 Neck 250.JPG
1104,Neck 250,Neck,Jeetubhai Images\OS New folder (11) Images\1104 Neck 250.JPG,1104 Neck 250.JPG
1105,Border 250,Border,Jeetubhai Images\OS New folder (11) Images\1105 Border 250.JPG,1105 Border 250.JPG
1105,Butti 250,Butti,Jeetubhai Images\OS New folder (11) Images\1105 Butti 250.JPG,1105 Butti 250.JPG
1105,Daman 250,Daman,Jeetubhai Images\OS New folder (11) Images\1105 Daman 250.JPG,1105 Daman 250.JPG
1105,Neck Patti 250,Neck Patti,Jeetubhai Images\OS New folder (11) Images\1105 Neck Patti 250.JPG,1105 Neck Patti 250.JPG
1106,Neck 250,Neck,Jeetubhai Images\OS New folder (11) Images\1106 Neck 250.JPG,1106 Neck 250.JPG
1108,Border 250,Border,Jeetubhai Images\OS New folder (11) Images\1108 Border 250.JPG,1108 Border 250.JPG
1108,Daman 250,Daman,Jeetubhai Images\OS New folder (11) Images\1108 Daman 250.JPG,1108 Daman 250.JPG
1108,Neck 400,Neck,Jeetubhai Images\OS New folder (11) Images\1108 Neck 400.JPG,1108 Neck 400.JPG
1109,CP Border 250,CP Border,Jeetubhai Images\OS New folder (11) Images\1109 CP Border 250.JPG,1109 CP Border 250.JPG
1110,CP Border 250,CP Border,Jeetubhai Images\OS New folder (11) Images\1110 CP Border 250.JPG,1110 CP Border 250.JPG
1111,Neck 400,Neck,Jeetubhai Images\OS New folder (11) Images\1111 Neck 400.JPG,1111 Neck 400.JPG
1112,Neck 400,Neck,Jeetubhai Images\OS New folder (11) Images\1112 Neck 400.JPG,1112 Neck 400.JPG
1113,CP Border 250,CP Border,Jeetubhai Images\OS New folder (11) Images\1113 CP Border 250.JPG,1113 CP Border 250.JPG
1113,CP Neck 250,CP Neck,Jeetubhai Images\OS New folder (9) Images\1113 CP Neck 250.JPG,1113 CP Neck 250.JPG
1114,CP Border 250,CP Border,Jeetubhai Images\OS New folder (11) Images\1114 CP Border 250.JPG,1114 CP Border 250.JPG
1114,Neck 250,Neck,Jeetubhai Images\OS New folder (11) Images\1114 Neck 250.JPG,1114 Neck 250.JPG
1115,Border 250,Border,Jeetubhai Images\OS New folder (11) Images\1115 Border 250.JPG,1115 Border 250.JPG
1115,Neck 400,Neck,Jeetubhai Images\OS New folder (11) Images\1115 Neck 400.JPG,1115 Neck 400.JPG
1116,Border 250,Border,Jeetubhai Images\OS New folder (11) Images\1116 Border 250.JPG,1116 Border 250.JPG
1116,Neck 400,Neck,Jeetubhai Images\OS New folder (11) Images\1116 Neck 400.JPG,1116 Neck 400.JPG
1117,CP Border 250,CP Border,Jeetubhai Images\OS New folder (11) Images\1117 CP Border 250.JPG,1117 CP Border 250.JPG
1117,CP Neck,CP Neck,Jeetubhai Images\OS New folder (11) Images\1117 CP Neck.JPG,1117 CP Neck.JPG
1118,Neck 450,Neck,Jeetubhai Images\OS New folder (11) Images\1118 Neck 450.JPG,1118 Neck 450.JPG
1119,CP Border 250,CP Border,Jeetubhai Images\OS New folder (11) Images\1119 CP Border 250.JPG,1119 CP Border 250.JPG
1119,CP Neck 250,CP Neck,Jeetubhai Images\OS New folder (11) Images\1119 CP Neck 250.JPG,1119 CP Neck 250.JPG
1120,Neck 450,Neck,Jeetubhai Images\OS New folder (11) Images\1120 Neck 450.JPG,1120 Neck 450.JPG
1121,KP 250,KP,Jeetubhai Images\OS New folder (11) Images\1121 KP 250.JPG,1121 KP 250.JPG
1122,KP 250,KP,Jeetubhai Images\OS New folder (11) Images\1122 KP 250.JPG,1122 KP 250.JPG
1123,KP 250,KP,Jeetubhai Images\OS New folder (11) Images\1123 KP 250.JPG,1123 KP 250.JPG
1124,KP 250,KP,Jeetubhai Images\OS New folder (11) Images\1124 KP 250.JPG,1124 KP 250.JPG
1125,KP 250,KP,Jeetubhai Images\OS New folder (11) Images\1125 KP 250.JPG,1125 KP 250.JPG
1126,KP,KP,Jeetubhai Images\OS New folder (11) Images\1126 KP.JPG,1126 KP.JPG
1127,Neck,Neck,Jeetubhai Images\OS New folder (11) Images\1127 Neck.JPG,1127 Neck.JPG
1128,Neck 250,Neck,Jeetubhai Images\OS New folder (11) Images\1128 Neck 250.JPG,1128 Neck 250.JPG
1129,Neck 250,Neck,Jeetubhai Images\OS New folder (11) Images\1129 Neck 250.JPG,1129 Neck 250.JPG
1130,Neck 250,Neck,Jeetubhai Images\OS New folder (11) Images\1130 Neck 250.JPG,1130 Neck 250.JPG
1131,Neck 250,Neck,Jeetubhai Images\OS New folder (11) Images\1131 Neck 250.JPG,1131 Neck 250.JPG
1132,Neck 250,Neck,Jeetubhai Images\OS New folder (11) Images\1132 Neck 250.JPG,1132 Neck 250.JPG
1133,Neck 250,Neck,Jeetubhai Images\OS New folder (11) Images\1133 Neck 250.JPG,1133 Neck 250.JPG
1134,Neck 250,Neck,Jeetubhai Images\OS New folder (11) Images\1134 Neck 250.JPG,1134 Neck 250.JPG
1135,Neck 250,Neck,Jeetubhai Images\OS New folder (11) Images\1135 Neck 250.JPG,1135 Neck 250.JPG
1136,Neck 400,Neck,Jeetubhai Images\OS New folder (11) Images\1136 Neck 400.JPG,1136 Neck 400.JPG
1137,Neck 400,Neck,Jeetubhai Images\OS New folder (11) Images\1137 Neck 400.JPG,1137 Neck 400.JPG
1138,Neck 400,Neck,Jeetubhai Images\OS New folder (11) Images\1138 Neck 400.JPG,1138 Neck 400.JPG
1139,Neck 400,Neck,Jeetubhai Images\OS New folder (11) Images\1139 Neck 400.JPG,1139 Neck 400.JPG
1140,Neck 400,Neck,Jeetubhai Images\OS New folder (11) Images\1140 Neck 400.JPG,1140 Neck 400.JPG
1141,Border 250,Border,Jeetubhai Images\OS New folder (11) Images\1141 Border 250.JPG,1141 Border 250.JPG
1141,Neck 250,Neck,Jeetubhai Images\OS New folder (11) Images\1141 Neck 250.JPG,1141 Neck 250.JPG
1142,Neck,Neck,Jeetubhai Images\OS New folder (11) Images\1142 Neck.JPG,1142 Neck.JPG
1142,,,Jeetubhai Images\OS New folder (11) Images\1142.JPG,1142.JPG
1143,Border 250,Border,Jeetubhai Images\OS New folder (11) Images\1143 Border 250.JPG,1143 Border 250.JPG
1143,Neck,Neck,Jeetubhai Images\OS New folder (11) Images\1143 Neck.JPG,1143 Neck.JPG
1144,Border 250,Border,Jeetubhai Images\OS New folder (11) Images\1144 Border 250.JPG,1144 Border 250.JPG
1144,Neck 250,Neck,Jeetubhai Images\OS New folder (11) Images\1144 Neck 250.JPG,1144 Neck 250.JPG
1145,Neck 250,Neck,Jeetubhai Images\OS New folder (11) Images\1145 Neck 250.JPG,1145 Neck 250.JPG
1146,Neck 250,Neck,Jeetubhai Images\OS New folder (11) Images\1146 Neck 250.JPG,1146 Neck 250.JPG
1147,Neck 250,Neck,Jeetubhai Images\OS New folder (11) Images\1147 Neck 250.JPG,1147 Neck 250.JPG
1148,Neck 250,Neck,Jeetubhai Images\OS New folder (11) Images\1148 Neck 250.JPG,1148 Neck 250.JPG
1149,Neck 250,Neck,Jeetubhai Images\OS New folder (11) Images\1149 Neck 250.JPG,1149 Neck 250.JPG
1150,Neck 250,Neck,Jeetubhai Images\OS New folder (11) Images\1150 Neck 250.JPG,1150 Neck 250.JPG
1151,Neck 250,Neck,Jeetubhai Images\OS New folder (11) Images\1151 Neck 250.JPG,1151 Neck 250.JPG
1152,Neck 250,Neck,Jeetubhai Images\OS New folder (11) Images\1152 Neck 250.JPG,1152 Neck 250.JPG
1153,Neck 250,Neck,Jeetubhai Images\OS New folder (11) Images\1153 Neck 250.JPG,1153 Neck 250.JPG
1154,Neck 250,Neck,Jeetubhai Images\OS New folder (11) Images\1154 Neck 250.JPG,1154 Neck 250.JPG
1155,Neck 450,Neck,Jeetubhai Images\OS New folder (11) Images\1155 Neck 450.JPG,1155 Neck 450.JPG
1156,Neck 250,Neck,Jeetubhai Images\OS New folder (11) Images\1156 Neck 250.JPG,1156 Neck 250.JPG
1156,Neck 4 Color,Neck 4 Color,Jeetubhai Images\OS New folder (11) Images\1156 Neck 4 Color.JPG,1156 Neck 4 Color.JPG
1157,Neck 250,Neck,Jeetubhai Images\OS New folder (11) Images\1157 Neck 250.JPG,1157 Neck 250.JPG
1158,Border 200,Border,Jeetubhai Images\OS New folder (11) Images\1158 Border 200.JPG,1158 Border 200.JPG
1158,Neck 400,Neck,Jeetubhai Images\OS New folder (11) Images\1158 Neck 400.JPG,1158 Neck 400.JPG
1159,Neck 400,Neck,Jeetubhai Images\OS New folder (11) Images\1159 Neck 400.JPG,1159 Neck 400.JPG
1160,Neck 400,Neck,Jeetubhai Images\OS New folder (11) Images\1160 Neck 400.JPG,1160 Neck 400.JPG
1161,Astin 200,Astin,Jeetubhai Images\OS New folder (11) Images\1161 Astin 200.JPG,1161 Astin 200.JPG
1161,Neck 400,Neck,Jeetubhai Images\OS New folder (11) Images\1161 Neck 400.JPG,1161 Neck 400.JPG
1162,Neck,Neck,Jeetubhai Images\OS New folder (11) Images\1162 Neck.JPG,1162 Neck.JPG
1163,Neck 250,Neck,Jeetubhai Images\OS New folder (11) Images\1163 Neck 250.JPG,1163 Neck 250.JPG
1164,Neck 250,Neck,Jeetubhai Images\OS New folder (11) Images\1164 Neck 250.JPG,1164 Neck 250.JPG
1165,Neck 250,Neck,Jeetubhai Images\OS New folder (11) Images\1165 Neck 250.JPG,1165 Neck 250.JPG
1166,Neck 250,Neck,Jeetubhai Images\OS New folder (11) Images\1166 Neck 250.JPG,1166 Neck 250.JPG
1167,Neck 250,Neck,Jeetubhai Images\OS New folder (11) Images\1167 Neck 250.JPG,1167 Neck 250.JPG
1168,Neck 250,Neck,Jeetubhai Images\OS New folder (11) Images\1168 Neck 250.JPG,1168 Neck 250.JPG
1169,Astin Border 200,Astin Border,Jeetubhai Images\OS New folder (11) Images\1169 Astin Border 200.JPG,1169 Astin Border 200.JPG
1169,Neck 400,Neck,Jeetubhai Images\OS New folder (11) Images\1169 Neck 400.JPG,1169 Neck 400.JPG
1170,Asteen,Asteen,Jeetubhai Images\OS New folder (11) Images\1170 Asteen.JPG,1170 Asteen.JPG
1170,Neck 500,Neck,Jeetubhai Images\OS New folder (11) Images\1170 Neck 500.JPG,1170 Neck 500.JPG
1171,Asteen,Asteen,Jeetubhai Images\OS New folder (11) Images\1171 Asteen.JPG,1171 Asteen.JPG
1171,Neck,Neck,Jeetubhai Images\OS New folder (11) Images\1171 Neck.JPG,1171 Neck.JPG
1172,Asteen,Asteen,Jeetubhai Images\OS New folder (11) Images\1172 Asteen.JPG,1172 Asteen.JPG
1172,Neck,Neck,Jeetubhai Images\OS New folder (11) Images\1172 Neck.JPG,1172 Neck.JPG
1173,Asteen,Asteen,Jeetubhai Images\OS New folder (11) Images\1173 Asteen.JPG,1173 Asteen.JPG
1173,Neck,Neck,Jeetubhai Images\OS New folder (11) Images\1173 Neck.JPG,1173 Neck.JPG
1174,Asteen,Asteen,Jeetubhai Images\OS New folder (11) Images\1174 Asteen.JPG,1174 Asteen.JPG
1174,Neck,Neck,Jeetubhai Images\OS New folder (11) Images\1174 Neck.JPG,1174 Neck.JPG
1175,Neck 250,Neck,Jeetubhai Images\OS New folder (11) Images\1175 Neck 250.JPG,1175 Neck 250.JPG
1176,Neck,Neck,Jeetubhai Images\OS New folder (11) Images\1176 Neck.JPG,1176 Neck.JPG
1177,Neck 250,Neck,Jeetubhai Images\OS New folder (11) Images\1177 Neck 250.JPG,1177 Neck 250.JPG
1178,Neck,Neck,Jeetubhai Images\OS New folder (11) Images\1178 Neck.JPG,1178 Neck.JPG
1179,Asteen Border 200,Asteen Border,Jeetubhai Images\OS New folder (11) Images\1179 Asteen Border 200.JPG,1179 Asteen Border 200.JPG
1179,Neck 400,Neck,Jeetubhai Images\OS New folder (11) Images\1179 Neck 400.JPG,1179 Neck 400.JPG
1180,Asteen Border 200,Asteen Border,Jeetubhai Images\OS New folder (11) Images\1180 Asteen Border 200.JPG,1180 Asteen Border 200.JPG
1180,Neck 400,Neck,Jeetubhai Images\OS New folder (11) Images\1180 Neck 400.JPG,1180 Neck 400.JPG
1181,Border Asteen 200,Border Asteen,Jeetubhai Images\OS New folder (11) Images\1181 Border Asteen 200.JPG,1181 Border Asteen 200.JPG
1181,Neck 400,Neck,Jeetubhai Images\OS New folder (11) Images\1181 Neck 400.JPG,1181 Neck 400.JPG
1182,Neck 250,Neck,Jeetubhai Images\OS New folder (11) Images\1182 Neck 250.JPG,1182 Neck 250.JPG
1183,Neck 250,Neck,Jeetubhai Images\OS New folder (11) Images\1183 Neck 250.JPG,1183 Neck 250.JPG
1184,Neck 250,Neck,Jeetubhai Images\OS New folder (11) Images\1184 Neck 250.JPG,1184 Neck 250.JPG
1185,Neck 250,Neck,Jeetubhai Images\OS New folder (11) Images\1185 Neck 250.JPG,1185 Neck 250.JPG
1186,Neck 250,Neck,Jeetubhai Images\OS New folder (11) Images\1186 Neck 250.JPG,1186 Neck 250.JPG
1187,Neck 250,Neck,Jeetubhai Images\OS New folder (11) Images\1187 Neck 250.JPG,1187 Neck 250.JPG
1188,Asteen 200,Asteen,Jeetubhai Images\OS New folder (11) Images\1188 Asteen 200.JPG,1188 Asteen 200.JPG
1188,Neck,Neck,Jeetubhai Images\OS New folder (11) Images\1188 Neck.JPG,1188 Neck.JPG
1189,Neck 400,Neck,Jeetubhai Images\OS New folder (11) Images\1189 Neck 400.JPG,1189 Neck 400.JPG
1190,Astin Border 250,Astin Border,Jeetubhai Images\OS New folder (11) Images\1190 Astin Border 250.JPG,1190 Astin Border 250.JPG
1190,Neck 400,Neck,Jeetubhai Images\OS New folder (11) Images\1190 Neck 400.JPG,1190 Neck 400.JPG
1191,Astin Border 200,Astin Border,Jeetubhai Images\OS New folder (11) Images\1191 Astin Border 200.JPG,1191 Astin Border 200.JPG
1191,Neck 400,Neck,Jeetubhai Images\OS New folder (11) Images\1191 Neck 400.JPG,1191 Neck 400.JPG
1192,Neck 400,Neck,Jeetubhai Images\OS New folder (11) Images\1192 Neck 400.JPG,1192 Neck 400.JPG
1193,Astin Border 200,Astin Border,Jeetubhai Images\OS New folder (11) Images\1193 Astin Border 200.JPG,1193 Astin Border 200.JPG
1193,Neck 400,Neck,Jeetubhai Images\OS New folder (11) Images\1193 Neck 400.JPG,1193 Neck 400.JPG
1194,Neck 400,Neck,Jeetubhai Images\OS New folder (11) Images\1194 Neck 400.JPG,1194 Neck 400.JPG
1195,Border 200,Border,Jeetubhai Images\OS New folder (11) Images\1195 Border 200.JPG,1195 Border 200.JPG
1195,Neck 400,Neck,Jeetubhai Images\OS New folder (11) Images\1195 Neck 400.JPG,1195 Neck 400.JPG
1196,Border 200,Border,Jeetubhai Images\OS New folder (11) Images\1196 Border 200.JPG,1196 Border 200.JPG
1196,Neck 400,Neck,Jeetubhai Images\OS New folder (11) Images\1196 Neck 400.JPG,1196 Neck 400.JPG
1197,Astin 400,Astin,Jeetubhai Images\OS New folder (11) Images\1197 Astin 400.JPG,1197 Astin 400.JPG
1197,Neck 400,Neck,Jeetubhai Images\OS New folder (11) Images\1197 Neck 400.JPG,1197 Neck 400.JPG
1198,Neck 400,Neck,Jeetubhai Images\OS New folder (11) Images\1198 Neck 400.JPG,1198 Neck 400.JPG
1199,Border 200,Border,Jeetubhai Images\OS New folder (11) Images\1199 Border 200.JPG,1199 Border 200.JPG
1199,Neck 400,Neck,Jeetubhai Images\OS New folder (11) Images\1199 Neck 400.JPG,1199 Neck 400.JPG
1200,Border 200,Border,Jeetubhai Images\OS New folder (11) Images\1200 Border 200.JPG,1200 Border 200.JPG
1200,Neck 400,Neck,Jeetubhai Images\OS New folder (11) Images\1200 Neck 400.JPG,1200 Neck 400.JPG
1201,Neck 400,Neck,Jeetubhai Images\OS New folder (12) Images\1201 Neck 400.JPG,1201 Neck 400.JPG
1202,Neck 400,Neck,Jeetubhai Images\OS New folder (12) Images\1202 Neck 400.JPG,1202 Neck 400.JPG
1203,Neck 400,Neck,Jeetubhai Images\OS New folder (12) Images\1203 Neck 400.JPG,1203 Neck 400.JPG
1204,Astin Butta 400,Astin Butta,Jeetubhai Images\OS New folder (12) Images\1204 Astin Butta 400.JPG,1204 Astin Butta 400.JPG
1204,Neck 400,Neck,Jeetubhai Images\OS New folder (12) Images\1204 Neck 400.JPG,1204 Neck 400.JPG
1205,ASTEEN 200,ASTEEN,Jeetubhai Images\OS New folder (12) Images\1205 ASTEEN 200.JPG,1205 ASTEEN 200.JPG
1205,Neck 400,Neck,Jeetubhai Images\OS New folder (12) Images\1205 Neck 400.JPG,1205 Neck 400.JPG
1206,Astin 400,Astin,Jeetubhai Images\OS New folder (12) Images\1206 Astin 400.JPG,1206 Astin 400.JPG
1206,Neck 400,Neck,Jeetubhai Images\OS New folder (12) Images\1206 Neck 400.JPG,1206 Neck 400.JPG
1207,Border 200,Border,Jeetubhai Images\OS New folder (12) Images\1207 Border 200.JPG,1207 Border 200.JPG
1207,Neck 400,Neck,Jeetubhai Images\OS New folder (12) Images\1207 Neck 400.JPG,1207 Neck 400.JPG
1208,Border 200,Border,Jeetubhai Images\OS New folder (12) Images\1208 Border 200.JPG,1208 Border 200.JPG
1208,Neck 400,Neck,Jeetubhai Images\OS New folder (12) Images\1208 Neck 400.JPG,1208 Neck 400.JPG
1209,Astin 400,Astin,Jeetubhai Images\OS New folder (12) Images\1209 Astin 400.JPG,1209 Astin 400.JPG
1209,Neck 400,Neck,Jeetubhai Images\OS New folder (12) Images\1209 Neck 400.JPG,1209 Neck 400.JPG
1211,Astin 400,Astin,Jeetubhai Images\OS New folder (12) Images\1211 Astin 400.JPG,1211 Astin 400.JPG
1211,Neck,Neck,Jeetubhai Images\OS New folder (12) Images\1211 Neck.JPG,1211 Neck.JPG
1212,Astin 400,Astin,Jeetubhai Images\OS New folder (12) Images\1212 Astin 400.JPG,1212 Astin 400.JPG
1212,Neck 400,Neck,Jeetubhai Images\OS New folder (12) Images\1212 Neck 400.JPG,1212 Neck 400.JPG
1213,Border 250,Border,Jeetubhai Images\OS New folder (12) Images\1213 Border 250.JPG,1213 Border 250.JPG
1213,Neck 400,Neck,Jeetubhai Images\OS New folder (12) Images\1213 Neck 400.JPG,1213 Neck 400.JPG
1214,Border 200,Border,Jeetubhai Images\OS New folder (12) Images\1214 Border 200.JPG,1214 Border 200.JPG
1214,Neck 400,Neck,Jeetubhai Images\OS New folder (12) Images\1214 Neck 400.JPG,1214 Neck 400.JPG
1215,Border 200,Border,Jeetubhai Images\OS New folder (12) Images\1215 Border 200.JPG,1215 Border 200.JPG
1215,Neck 400,Neck,Jeetubhai Images\OS New folder (12) Images\1215 Neck 400.JPG,1215 Neck 400.JPG
1216,Astin Butta 400,Astin Butta,Jeetubhai Images\OS New folder (12) Images\1216 Astin Butta 400.JPG,1216 Astin Butta 400.JPG
1216,Neck 400,Neck,Jeetubhai Images\OS New folder (12) Images\1216 Neck 400.JPG,1216 Neck 400.JPG
1217,Border 200,Border,Jeetubhai Images\OS New folder (12) Images\1217 Border 200.JPG,1217 Border 200.JPG
1217,Neck 400,Neck,Jeetubhai Images\OS New folder (12) Images\1217 Neck 400.JPG,1217 Neck 400.JPG
1218,Astin 400,Astin,Jeetubhai Images\OS New folder (12) Images\1218 Astin 400.JPG,1218 Astin 400.JPG
1218,Border 200,Border,Jeetubhai Images\OS New folder (12) Images\1218 Border 200.JPG,1218 Border 200.JPG
1218,Neck 400,Neck,Jeetubhai Images\OS New folder (12) Images\1218 Neck 400.JPG,1218 Neck 400.JPG
1219,Border 200,Border,Jeetubhai Images\OS New folder (12) Images\1219 Border 200.JPG,1219 Border 200.JPG
1219,Neck 400,Neck,Jeetubhai Images\OS New folder (12) Images\1219 Neck 400.JPG,1219 Neck 400.JPG
1220,Border 200,Border,Jeetubhai Images\OS New folder (12) Images\1220 Border 200.JPG,1220 Border 200.JPG
1220,Neck 400,Neck,Jeetubhai Images\OS New folder (12) Images\1220 Neck 400.JPG,1220 Neck 400.JPG
1221,Astin 400,Astin,Jeetubhai Images\OS New folder (12) Images\1221 Astin 400.JPG,1221 Astin 400.JPG
1221,Neck 400,Neck,Jeetubhai Images\OS New folder (12) Images\1221 Neck 400.JPG,1221 Neck 400.JPG
1222,Border 200,Border,Jeetubhai Images\OS New folder (12) Images\1222 Border 200.JPG,1222 Border 200.JPG
1222,Neck 400,Neck,Jeetubhai Images\OS New folder (12) Images\1222 Neck 400.JPG,1222 Neck 400.JPG
1223,Border 200,Border,Jeetubhai Images\OS New folder (12) Images\1223 Border 200.JPG,1223 Border 200.JPG
1223,Neck 400,Neck,Jeetubhai Images\OS New folder (12) Images\1223 Neck 400.JPG,1223 Neck 400.JPG
1224,Astin 400,Astin,Jeetubhai Images\OS New folder (12) Images\1224 Astin 400.JPG,1224 Astin 400.JPG
1224,Neck 400,Neck,Jeetubhai Images\OS New folder (12) Images\1224 Neck 400.JPG,1224 Neck 400.JPG
1225,Border 200,Border,Jeetubhai Images\OS New folder (12) Images\1225 Border 200.JPG,1225 Border 200.JPG
1225,Neck 400,Neck,Jeetubhai Images\OS New folder (12) Images\1225 Neck 400.JPG,1225 Neck 400.JPG
1226,Astin 400,Astin,Jeetubhai Images\OS New folder (12) Images\1226 Astin 400.JPG,1226 Astin 400.JPG
1226,Neck 400,Neck,Jeetubhai Images\OS New folder (12) Images\1226 Neck 400.JPG,1226 Neck 400.JPG
1227,Border 200,Border,Jeetubhai Images\OS New folder (12) Images\1227 Border 200.JPG,1227 Border 200.JPG
1227,Neck 400,Neck,Jeetubhai Images\OS New folder (12) Images\1227 Neck 400.JPG,1227 Neck 400.JPG
1228,Astin 400,Astin,Jeetubhai Images\OS New folder (12) Images\1228 Astin 400.JPG,1228 Astin 400.JPG
1228,Neck 400,Neck,Jeetubhai Images\OS New folder (12) Images\1228 Neck 400.JPG,1228 Neck 400.JPG
1229,Astin 400,Astin,Jeetubhai Images\OS New folder (12) Images\1229 Astin 400.JPG,1229 Astin 400.JPG
1229,Neck 400,Neck,Jeetubhai Images\OS New folder (12) Images\1229 Neck 400.JPG,1229 Neck 400.JPG
1230,Border 200,Border,Jeetubhai Images\OS New folder (12) Images\1230 Border 200.JPG,1230 Border 200.JPG
1230,Neck 400,Neck,Jeetubhai Images\OS New folder (12) Images\1230 Neck 400.JPG,1230 Neck 400.JPG
1231,Astin 400,Astin,Jeetubhai Images\OS New folder (12) Images\1231 Astin 400.JPG,1231 Astin 400.JPG
1231,Border 200,Border,Jeetubhai Images\OS New folder (12) Images\1231 Border 200.JPG,1231 Border 200.JPG
1231,Neck 400,Neck,Jeetubhai Images\OS New folder (12) Images\1231 Neck 400.JPG,1231 Neck 400.JPG
1232,Astin 400,Astin,Jeetubhai Images\OS New folder (12) Images\1232 Astin 400.JPG,1232 Astin 400.JPG
1232,Border 200,Border,Jeetubhai Images\OS New folder (12) Images\1232 Border 200.JPG,1232 Border 200.JPG
1232,Neck 400,Neck,Jeetubhai Images\OS New folder (12) Images\1232 Neck 400.JPG,1232 Neck 400.JPG
1233,Astin 400,Astin,Jeetubhai Images\OS New folder (12) Images\1233 Astin 400.JPG,1233 Astin 400.JPG
1233,Neck 400,Neck,Jeetubhai Images\OS New folder (12) Images\1233 Neck 400.JPG,1233 Neck 400.JPG
1234,Border 200,Border,Jeetubhai Images\OS New folder (12) Images\1234 Border 200.JPG,1234 Border 200.JPG
1234,Neck 400,Neck,Jeetubhai Images\OS New folder (12) Images\1234 Neck 400.JPG,1234 Neck 400.JPG
1235,Border 200,Border,Jeetubhai Images\OS New folder (12) Images\1235 Border 200.JPG,1235 Border 200.JPG
1235,Neck 400,Neck,Jeetubhai Images\OS New folder (12) Images\1235 Neck 400.JPG,1235 Neck 400.JPG
1236,Border 200,Border,Jeetubhai Images\OS New folder (12) Images\1236 Border 200.JPG,1236 Border 200.JPG
1236,Neck 400,Neck,Jeetubhai Images\OS New folder (12) Images\1236 Neck 400.JPG,1236 Neck 400.JPG
1237,Border 200,Border,Jeetubhai Images\OS New folder (12) Images\1237 Border 200.JPG,1237 Border 200.JPG
1237,Neck 400,Neck,Jeetubhai Images\OS New folder (12) Images\1237 Neck 400.JPG,1237 Neck 400.JPG
1238,Border 200,Border,Jeetubhai Images\OS New folder (12) Images\1238 Border 200.JPG,1238 Border 200.JPG
1238,Neck 400,Neck,Jeetubhai Images\OS New folder (12) Images\1238 Neck 400.JPG,1238 Neck 400.JPG
1239,Astin Border,Astin Border,Jeetubhai Images\OS New folder (12) Images\1239 Astin Border.JPG,1239 Astin Border.JPG
1239,Border 200,Border,Jeetubhai Images\OS New folder (12) Images\1239 Border 200.JPG,1239 Border 200.JPG
1239,Neck 400,Neck,Jeetubhai Images\OS New folder (12) Images\1239 Neck 400.JPG,1239 Neck 400.JPG
1240,Border 200,Border,Jeetubhai Images\OS New folder (12) Images\1240 Border 200.JPG,1240 Border 200.JPG
1240,Neck 400,Neck,Jeetubhai Images\OS New folder (12) Images\1240 Neck 400.JPG,1240 Neck 400.JPG
1241,Astin 400,Astin,Jeetubhai Images\OS New folder (12) Images\1241 Astin 400.JPG,1241 Astin 400.JPG
1241,Neck 400,Neck,Jeetubhai Images\OS New folder (12) Images\1241 Neck 400.JPG,1241 Neck 400.JPG
1242,Astin 400,Astin,Jeetubhai Images\OS New folder (12) Images\1242 Astin 400.JPG,1242 Astin 400.JPG
1242,Neck 400,Neck,Jeetubhai Images\OS New folder (12) Images\1242 Neck 400.JPG,1242 Neck 400.JPG
1243,Astin 400,Astin,Jeetubhai Images\OS New folder (12) Images\1243 Astin 400.JPG,1243 Astin 400.JPG
1243,Neck 400,Neck,Jeetubhai Images\OS New folder (12) Images\1243 Neck 400.JPG,1243 Neck 400.JPG
1244,Astin 400,Astin,Jeetubhai Images\OS New folder (12) Images\1244 Astin 400.JPG,1244 Astin 400.JPG
1244,Neck 400,Neck,Jeetubhai Images\OS New folder (12) Images\1244 Neck 400.JPG,1244 Neck 400.JPG
1245,Astin 400,Astin,Jeetubhai Images\OS New folder (12) Images\1245 Astin 400.JPG,1245 Astin 400.JPG
1245,Neck 400,Neck,Jeetubhai Images\OS New folder (12) Images\1245 Neck 400.JPG,1245 Neck 400.JPG
1246,Neck 400,Neck,Jeetubhai Images\OS New folder (12) Images\1246 Neck 400.JPG,1246 Neck 400.JPG
1247,Border 200,Border,Jeetubhai Images\OS New folder (12) Images\1247 Border 200.JPG,1247 Border 200.JPG
1247,Neck 400,Neck,Jeetubhai Images\OS New folder (12) Images\1247 Neck 400.JPG,1247 Neck 400.JPG
1248,Border 500,Border,Jeetubhai Images\OS New folder (12) Images\1248 Border 500.JPG,1248 Border 500.JPG
1248,Neck 400,Neck,Jeetubhai Images\OS New folder (12) Images\1248 Neck 400.JPG,1248 Neck 400.JPG
1248,border  250,border,Jeetubhai Images\OS New folder (12) Images\1248 border  250.JPG,1248 border  250.JPG
1249,Border 200,Border,Jeetubhai Images\OS New folder (12) Images\1249 Border 200.JPG,1249 Border 200.JPG
1249,Neck 400,Neck,Jeetubhai Images\OS New folder (12) Images\1249 Neck 400.JPG,1249 Neck 400.JPG
1250,Border 200,Border,Jeetubhai Images\OS New folder (12) Images\1250 Border 200.JPG,1250 Border 200.JPG
1250,Border 250,Border,Jeetubhai Images\OS New folder (12) Images\1250 Border 250.JPG,1250 Border 250.JPG
1250,Neck 400,Neck,Jeetubhai Images\OS New folder (12) Images\1250 Neck 400.JPG,1250 Neck 400.JPG
1251,Astin 400,Astin,Jeetubhai Images\OS New folder (12) Images\1251 Astin 400.JPG,1251 Astin 400.JPG
1251,Neck 400,Neck,Jeetubhai Images\OS New folder (12) Images\1251 Neck 400.JPG,1251 Neck 400.JPG
1252,Astin 400,Astin,Jeetubhai Images\OS New folder (12) Images\1252 Astin 400.JPG,1252 Astin 400.JPG
1252,Neck 400,Neck,Jeetubhai Images\OS New folder (12) Images\1252 Neck 400.JPG,1252 Neck 400.JPG
1253,Astin 400,Astin,Jeetubhai Images\OS New folder (12) Images\1253 Astin 400.JPG,1253 Astin 400.JPG
1253,Neck 400,Neck,Jeetubhai Images\OS New folder (12) Images\1253 Neck 400.JPG,1253 Neck 400.JPG
1254,Astin 400,Astin,Jeetubhai Images\OS New folder (12) Images\1254 Astin 400.JPG,1254 Astin 400.JPG
1254,Atin 400,Atin,Jeetubhai Images\1254 Atin 400.JPG,1254 Atin 400.JPG
1254,Neck 400,Neck,Jeetubhai Images\OS New folder (12) Images\1254 Neck 400.JPG,1254 Neck 400.JPG
1255,Astin 400,Astin,Jeetubhai Images\OS New folder (12) Images\1255 Astin 400.JPG,1255 Astin 400.JPG
1255,Neck 400,Neck,Jeetubhai Images\OS New folder (12) Images\1255 Neck 400.JPG,1255 Neck 400.JPG
1256,Astin 400,Astin,Jeetubhai Images\OS New folder (12) Images\1256 Astin 400.JPG,1256 Astin 400.JPG
1256,Neck 400,Neck,Jeetubhai Images\OS New folder (12) Images\1256 Neck 400.JPG,1256 Neck 400.JPG
1257,Border 200,Border,Jeetubhai Images\OS New folder (12) Images\1257 Border 200.JPG,1257 Border 200.JPG
1257,Neck 400,Neck,Jeetubhai Images\OS New folder (12) Images\1257 Neck 400.JPG,1257 Neck 400.JPG
2002,Body,Body,Jeetubhai Images\OS New folder (2) Images\2002 Body.BMP,2002 Body.BMP
2003,Body,Body,Jeetubhai Images\OS New folder (2) Images\2003 Body.BMP,2003 Body.BMP
2004,Nack,Nack,Jeetubhai Images\OS New folder (2) Images\2004 Nack.BMP,2004 Nack.BMP
2005,Nack,Nack,Jeetubhai Images\OS New folder (2) Images\2005 Nack.BMP,2005 Nack.BMP
2006,Nack,Nack,Jeetubhai Images\OS New folder (2) Images\2006 Nack.BMP,2006 Nack.BMP
2007,Nack,Nack,Jeetubhai Images\OS New folder (2) Images\2007 Nack.BMP,2007 Nack.BMP
2008,Border,Border,Jeetubhai Images\OS New folder (2) Images\2008 Border.BMP,2008 Border.BMP
2009,Border,Border,Jeetubhai Images\OS New folder (2) Images\2009 Border.BMP,2009 Border.BMP
2010,Border,Border,Jeetubhai Images\OS New folder (2) Images\2010 Border.BMP,2010 Border.BMP
2011,B0rder,B0rder,Jeetubhai Images\OS New folder (2) Images\2011 B0rder.BMP,2011 B0rder.BMP
2011,Nack,Nack,Jeetubhai Images\OS New folder (2) Images\2011 Nack.BMP,2011 Nack.BMP
2012,Body,Body,Jeetubhai Images\OS New folder (2) Images\2012 Body.BMP,2012 Body.BMP
2013,Body,Body,Jeetubhai Images\OS New folder (2) Images\2013 Body.BMP,2013 Body.BMP
2014,Body,Body,Jeetubhai Images\OS New folder (2) Images\2014 Body.BMP,2014 Body.BMP
2015,BODY,BODY,Jeetubhai Images\OS New folder (2) Images\2015 BODY.BMP,2015 BODY.BMP
2016,Bodi,Bodi,Jeetubhai Images\OS New folder (2) Images\2016 Bodi.BMP,2016 Bodi.BMP
2017,Nack,Nack,Jeetubhai Images\OS New folder (2) Images\2017 Nack.BMP,2017 Nack.BMP
2018,Nack,Nack,Jeetubhai Images\OS New folder (2) Images\2018 Nack.BMP,2018 Nack.BMP
2019,Bodi,Bodi,Jeetubhai Images\OS New folder (2) Images\2019 Bodi.BMP,2019 Bodi.BMP
2020,Body,Body,Jeetubhai Images\OS New folder (2) Images\2020 Body.BMP,2020 Body.BMP
2021,Top 400,Top,Jeetubhai Images\OS New folder (2) Images\2021 Top 400.BMP,2021 Top 400.BMP
2022,Top 400,Top,Jeetubhai Images\OS New folder (2) Images\2022 Top 400.BMP,2022 Top 400.BMP
2023,Nake,Nake,Jeetubhai Images\OS New folder (2) Images\2023 Nake.BMP,2023 Nake.BMP
2024,Nake buta,Nake buta,Jeetubhai Images\OS New folder (2) Images\2024 Nake buta.BMP,2024 Nake buta.BMP
2025,Nake buta,Nake buta,Jeetubhai Images\OS New folder (2) Images\2025 Nake buta.BMP,2025 Nake buta.BMP
2026,Nake,Nake,Jeetubhai Images\OS New folder (2) Images\2026 Nake.BMP,2026 Nake.BMP
2027,Nake a,Nake a,Jeetubhai Images\OS New folder (2) Images\2027 Nake a.BMP,2027 Nake a.BMP
2028,Nake,Nake,Jeetubhai Images\OS New folder (2) Images\2028 Nake.BMP,2028 Nake.BMP
2029,Fool Top 450,Fool Top,Jeetubhai Images\OS New folder (2) Images\2029 Fool Top 450.BMP,2029 Fool Top 450.BMP
2030,Fool Top,Fool Top,Jeetubhai Images\OS New folder (2) Images\2030 Fool Top.BMP,2030 Fool Top.BMP
2031,Nake,Nake,Jeetubhai Images\OS New folder (2) Images\2031 Nake.BMP,2031 Nake.BMP
2032,Body,Body,Jeetubhai Images\OS New folder (2) Images\2032 Body.BMP,2032 Body.BMP
2033,Body B Kolar,Body B Kolar,Jeetubhai Images\OS New folder (2) Images\2033 Body B Kolar.BMP,2033 Body B Kolar.BMP
2034,Nake,Nake,Jeetubhai Images\OS New folder (2) Images\2034 Nake.BMP,2034 Nake.BMP
2035,Nake,Nake,Jeetubhai Images\OS New folder (2) Images\2035 Nake.BMP,2035 Nake.BMP
2036,Body,Body,Jeetubhai Images\OS New folder (2) Images\2036 Body.BMP,2036 Body.BMP
2037,Nake,Nake,Jeetubhai Images\OS New folder (2) Images\2037 Nake.BMP,2037 Nake.BMP
2038,NakeS,NakeS,Jeetubhai Images\OS New folder (2) Images\2038 NakeS.BMP,2038 NakeS.BMP
2040,New,New,Jeetubhai Images\OS New folder (2) Images\2040 New.BMP,2040 New.BMP
2041,Body,Body,Jeetubhai Images\OS New folder (2) Images\2041 Body.BMP,2041 Body.BMP
2042,Nake,Nake,Jeetubhai Images\OS New folder (2) Images\2042 Nake.BMP,2042 Nake.BMP
2043,Nake,Nake,Jeetubhai Images\OS New folder (2) Images\2043 Nake.BMP,2043 Nake.BMP
2044,Nake,Nake,Jeetubhai Images\OS New folder (2) Images\2044 Nake.BMP,2044 Nake.BMP
2045,Nake,Nake,Jeetubhai Images\OS New folder (2) Images\2045 Nake.BMP,2045 Nake.BMP
2046,Nake,Nake,Jeetubhai Images\OS New folder (2) Images\2046 Nake.BMP,2046 Nake.BMP
2047,Nake,Nake,Jeetubhai Images\OS New folder (2) Images\2047 Nake.BMP,2047 Nake.BMP
2048,Body,Body,Jeetubhai Images\OS New folder (2) Images\2048 Body.BMP,2048 Body.BMP
2049,Nake,Nake,Jeetubhai Images\OS New folder (2) Images\2049 Nake.BMP,2049 Nake.BMP
2050,Border,Border,Jeetubhai Images\OS New folder (2) Images\2050 Border.BMP,2050 Border.BMP
2051,Nake,Nake,Jeetubhai Images\OS New folder (2) Images\2051 Nake.BMP,2051 Nake.BMP
2052,Nake,Nake,Jeetubhai Images\OS New folder (2) Images\2052 Nake.BMP,2052 Nake.BMP
2053,Nake,Nake,Jeetubhai Images\OS New folder (2) Images\2053 Nake.BMP,2053 Nake.BMP
2054,Nake,Nake,Jeetubhai Images\OS New folder (2) Images\2054 Nake.BMP,2054 Nake.BMP
2055,Nake,Nake,Jeetubhai Images\OS New folder (2) Images\2055 Nake.BMP,2055 Nake.BMP
2056,NakeButa,NakeButa,Jeetubhai Images\OS New folder (2) Images\2056 NakeButa.BMP,2056 NakeButa.BMP
2057,Nake,Nake,Jeetubhai Images\OS New folder (2) Images\2057 Nake.BMP,2057 Nake.BMP
2058,Nake,Nake,Jeetubhai Images\OS New folder (2) Images\2058 Nake.BMP,2058 Nake.BMP
2059,Nake,Nake,Jeetubhai Images\OS New folder (2) Images\2059 Nake.BMP,2059 Nake.BMP
2060,Nake,Nake,Jeetubhai Images\OS New folder (2) Images\2060 Nake.BMP,2060 Nake.BMP
2061,Nake,Nake,Jeetubhai Images\OS New folder (2) Images\2061 Nake.BMP,2061 Nake.BMP
2062,Nake,Nake,Jeetubhai Images\OS New folder (2) Images\2062 Nake.BMP,2062 Nake.BMP
2063,Nake,Nake,Jeetubhai Images\OS New folder (2) Images\2063 Nake.BMP,2063 Nake.BMP
2064,Nake Buta,Nake Buta,Jeetubhai Images\OS New folder (2) Images\2064 Nake Buta.BMP,2064 Nake Buta.BMP
2065,Nake Buta,Nake Buta,Jeetubhai Images\OS New folder (2) Images\2065 Nake Buta.BMP,2065 Nake Buta.BMP
2066,Nake,Nake,Jeetubhai Images\OS New folder (2) Images\2066 Nake.BMP,2066 Nake.BMP
2067,Nake,Nake,Jeetubhai Images\OS New folder (2) Images\2067 Nake.BMP,2067 Nake.BMP
2068,Nake,Nake,Jeetubhai Images\OS New folder (2) Images\2068 Nake.BMP,2068 Nake.BMP
2069,Nake,Nake,Jeetubhai Images\OS New folder (2) Images\2069 Nake.BMP,2069 Nake.BMP
2070,Nake,Nake,Jeetubhai Images\OS New folder (2) Images\2070 Nake.BMP,2070 Nake.BMP
2071,Nake,Nake,Jeetubhai Images\OS New folder (2) Images\2071 Nake.BMP,2071 Nake.BMP
2072,Nake,Nake,Jeetubhai Images\OS New folder (2) Images\2072 Nake.BMP,2072 Nake.BMP
2073,Nake,Nake,Jeetubhai Images\OS New folder (2) Images\2073 Nake.BMP,2073 Nake.BMP
2074,Nake,Nake,Jeetubhai Images\OS New folder (2) Images\2074 Nake.BMP,2074 Nake.BMP
2075,Nake,Nake,Jeetubhai Images\OS New folder (2) Images\2075 Nake.BMP,2075 Nake.BMP
2076,Nake,Nake,Jeetubhai Images\OS New folder (2) Images\2076 Nake.BMP,2076 Nake.BMP
2077,border,border,Jeetubhai Images\OS New folder (2) Images\2077 border.BMP,2077 border.BMP
2078,boder,boder,Jeetubhai Images\OS New folder (2) Images\2078 boder.BMP,2078 boder.BMP
2079,boder,boder,Jeetubhai Images\OS New folder (2) Images\2079 boder.BMP,2079 boder.BMP
2080,boder,boder,Jeetubhai Images\OS New folder (2) Images\2080 boder.BMP,2080 boder.BMP
2081,boder,boder,Jeetubhai Images\OS New folder (2) Images\2081 boder.BMP,2081 boder.BMP
2082,boder,boder,Jeetubhai Images\OS New folder (2) Images\2082 boder.BMP,2082 boder.BMP
2083,border,border,Jeetubhai Images\OS New folder (2) Images\2083 border.BMP,2083 border.BMP
2084,Body,Body,Jeetubhai Images\OS New folder (2) Images\2084 Body.BMP,2084 Body.BMP
2085,Body,Body,Jeetubhai Images\OS New folder (2) Images\2085 Body.BMP,2085 Body.BMP
2086,Nake,Nake,Jeetubhai Images\OS New folder (2) Images\2086 Nake.BMP,2086 Nake.BMP
2087,Nake,Nake,Jeetubhai Images\OS New folder (2) Images\2087 Nake.BMP,2087 Nake.BMP
2088,B,B,Jeetubhai Images\OS New folder (2) Images\2088 B.BMP,2088 B.BMP
2090,Nake Buta,Nake Buta,Jeetubhai Images\OS New folder (2) Images\2090 Nake Buta.BMP,2090 Nake Buta.BMP
2091,Nake,Nake,Jeetubhai Images\OS New folder (2) Images\2091 Nake.BMP,2091 Nake.BMP
2092,Nake,Nake,Jeetubhai Images\OS New folder (2) Images\2092 Nake.BMP,2092 Nake.BMP
2093,Nake,Nake,Jeetubhai Images\OS New folder (2) Images\2093 Nake.BMP,2093 Nake.BMP
2094,Nake,Nake,Jeetubhai Images\OS New folder (2) Images\2094 Nake.BMP,2094 Nake.BMP
2095,Nake,Nake,Jeetubhai Images\OS New folder (2) Images\2095 Nake.BMP,2095 Nake.BMP
2096,Nake,Nake,Jeetubhai Images\OS New folder (2) Images\2096 Nake.BMP,2096 Nake.BMP
2097,Nake B,Nake B,Jeetubhai Images\OS New folder (2) Images\2097 Nake B.BMP,2097 Nake B.BMP
2098,Nake,Nake,Jeetubhai Images\OS New folder (2) Images\2098 Nake.BMP,2098 Nake.BMP
2099,Nake,Nake,Jeetubhai Images\OS New folder (2) Images\2099 Nake.BMP,2099 Nake.BMP
2100,Body,Body,Jeetubhai Images\OS New folder (2) Images\2100 Body.BMP,2100 Body.BMP
3001,Body,Body,Jeetubhai Images\OS New folder (3) images\3001 Body.BMP,3001 Body.BMP
3002,Body,Body,Jeetubhai Images\OS New folder (3) images\3002 Body.BMP,3002 Body.BMP
3003,Nake,Nake,Jeetubhai Images\OS New folder (3) images\3003 Nake.BMP,3003 Nake.BMP
3004,Nake,Nake,Jeetubhai Images\OS New folder (3) images\3004 Nake.BMP,3004 Nake.BMP
3005,Nake,Nake,Jeetubhai Images\OS New folder (3) images\3005 Nake.BMP,3005 Nake.BMP
3006,Nake,Nake,Jeetubhai Images\OS New folder (3) images\3006 Nake.BMP,3006 Nake.BMP
3007,Nake,Nake,Jeetubhai Images\OS New folder (3) images\3007 Nake.BMP,3007 Nake.BMP
3008,Nake,Nake,Jeetubhai Images\OS New folder (3) images\3008 Nake.BMP,3008 Nake.BMP
3009,Nake,Nake,Jeetubhai Images\OS New folder (3) images\3009 Nake.BMP,3009 Nake.BMP
3010,Nake,Nake,Jeetubhai Images\OS New folder (3) images\3010 Nake.BMP,3010 Nake.BMP
3011,Nake,Nake,Jeetubhai Images\OS New folder (3) images\3011 Nake.BMP,3011 Nake.BMP
3012,Nake,Nake,Jeetubhai Images\OS New folder (3) images\3012 Nake.BMP,3012 Nake.BMP
3013,Nake,Nake,Jeetubhai Images\OS New folder (3) images\3013 Nake.BMP,3013 Nake.BMP
3014,Nake,Nake,Jeetubhai Images\OS New folder (3) images\3014 Nake.BMP,3014 Nake.BMP
3015,Nake,Nake,Jeetubhai Images\OS New folder (3) images\3015 Nake.BMP,3015 Nake.BMP
3016,Nake,Nake,Jeetubhai Images\OS New folder (3) images\3016 Nake.BMP,3016 Nake.BMP
3017,Nake,Nake,Jeetubhai Images\OS New folder (3) images\3017 Nake.BMP,3017 Nake.BMP
3018,Nake,Nake,Jeetubhai Images\OS New folder (3) images\3018 Nake.BMP,3018 Nake.BMP
3019,Nake,Nake,Jeetubhai Images\OS New folder (3) images\3019 Nake.BMP,3019 Nake.BMP
3020,Nake,Nake,Jeetubhai Images\OS New folder (3) images\3020 Nake.BMP,3020 Nake.BMP
3021,Nake,Nake,Jeetubhai Images\OS New folder (3) images\3021 Nake.BMP,3021 Nake.BMP
3022,Body,Body,Jeetubhai Images\OS New folder (3) images\3022 Body.BMP,3022 Body.BMP
3023,Body,Body,Jeetubhai Images\OS New folder (3) images\3023 Body.BMP,3023 Body.BMP
3024,Nake,Nake,Jeetubhai Images\OS New folder (3) images\3024 Nake.BMP,3024 Nake.BMP
3025,Nake,Nake,Jeetubhai Images\OS New folder (3) images\3025 Nake.BMP,3025 Nake.BMP
3026,Body,Body,Jeetubhai Images\OS New folder (3) images\3026 Body.BMP,3026 Body.BMP
3027,Nake,Nake,Jeetubhai Images\OS New folder (3) images\3027 Nake.BMP,3027 Nake.BMP
3028,Body,Body,Jeetubhai Images\OS New folder (3) images\3028 Body.BMP,3028 Body.BMP
3029,Nake,Nake,Jeetubhai Images\OS New folder (3) images\3029 Nake.BMP,3029 Nake.BMP
3030,Nake,Nake,Jeetubhai Images\OS New folder (3) images\3030 Nake.BMP,3030 Nake.BMP
3031,Nake,Nake,Jeetubhai Images\OS New folder (3) images\3031 Nake.BMP,3031 Nake.BMP
3032,Nake,Nake,Jeetubhai Images\OS New folder (3) images\3032 Nake.BMP,3032 Nake.BMP
3033,Nake,Nake,Jeetubhai Images\OS New folder (3) images\3033 Nake.BMP,3033 Nake.BMP
3034,Nake Kolar,Nake Kolar,Jeetubhai Images\OS New folder (3) images\3034 Nake Kolar.BMP,3034 Nake Kolar.BMP
3035,Nake Kolar,Nake Kolar,Jeetubhai Images\OS New folder (3) images\3035 Nake Kolar.BMP,3035 Nake Kolar.BMP
3036,Nake,Nake,Jeetubhai Images\OS New folder (3) images\3036 Nake .BMP,3036 Nake .BMP
3037,Nake,Nake,Jeetubhai Images\OS New folder (3) images\3037 Nake.BMP,3037 Nake.BMP
3038,Nake,Nake,Jeetubhai Images\OS New folder (3) images\3038 Nake.BMP,3038 Nake.BMP
3039,Nake,Nake,Jeetubhai Images\OS New folder (3) images\3039 Nake.BMP,3039 Nake.BMP
3039,border,border,Jeetubhai Images\OS New folder (3) images\3039 border.BMP,3039 border.BMP
3040,Nake,Nake,Jeetubhai Images\OS New folder (3) images\3040 Nake.BMP,3040 Nake.BMP
3041,Body Border,Body Border,Jeetubhai Images\OS New folder (3) images\3041 Body Border.BMP,3041 Body Border.BMP
3042,Body,Body,Jeetubhai Images\OS New folder (3) images\3042 Body.BMP,3042 Body.BMP
3043,Body,Body,Jeetubhai Images\OS New folder (3) images\3043 Body.BMP,3043 Body.BMP
3044,Nake,Nake,Jeetubhai Images\OS New folder (3) images\3044 Nake.BMP,3044 Nake.BMP
3045,Nake,Nake,Jeetubhai Images\OS New folder (3) images\3045 Nake.BMP,3045 Nake.BMP
3046,Nake,Nake,Jeetubhai Images\OS New folder (3) images\3046 Nake.BMP,3046 Nake.BMP
3047,Nake,Nake,Jeetubhai Images\OS New folder (3) images\3047 Nake.BMP,3047 Nake.BMP
3048,Nake,Nake,Jeetubhai Images\OS New folder (3) images\3048 Nake.BMP,3048 Nake.BMP
3049,Nake,Nake,Jeetubhai Images\OS New folder (3) images\3049 Nake.BMP,3049 Nake.BMP
3050,Nake,Nake,Jeetubhai Images\OS New folder (3) images\3050 Nake.BMP,3050 Nake.BMP
3051,Nake,Nake,Jeetubhai Images\OS New folder (3) images\3051 Nake.BMP,3051 Nake.BMP
3052,Nake,Nake,Jeetubhai Images\OS New folder (3) images\3052 Nake.BMP,3052 Nake.BMP
3053,Nake,Nake,Jeetubhai Images\OS New folder (3) images\3053 Nake.BMP,3053 Nake.BMP
3054,Nake,Nake,Jeetubhai Images\OS New folder (3) images\3054 Nake.BMP,3054 Nake.BMP
3055,Nake,Nake,Jeetubhai Images\OS New folder (3) images\3055 Nake.BMP,3055 Nake.BMP
3056,Nake,Nake,Jeetubhai Images\OS New folder (3) images\3056 Nake.BMP,3056 Nake.BMP
3057,Nake,Nake,Jeetubhai Images\OS New folder (3) images\3057 Nake.BMP,3057 Nake.BMP
3058,Nake,Nake,Jeetubhai Images\OS New folder (3) images\3058 Nake.BMP,3058 Nake.BMP
3059,Body 450,Body,Jeetubhai Images\OS New folder (3) images\3059 Body 450.BMP,3059 Body 450.BMP
3060,Neck,Neck,Jeetubhai Images\OS New folder (3) images\3060 Neck.BMP,3060 Neck.BMP
3061,Body,Body,Jeetubhai Images\OS New folder (3) images\3061 Body.BMP,3061 Body.BMP
3062,Small Border,Small Border,Jeetubhai Images\OS New folder (3) images\3062 Small Border.BMP,3062 Small Border.BMP
3063,Neck,Neck,Jeetubhai Images\OS New folder (3) images\3063 Neck.BMP,3063 Neck.BMP
3064,Neck,Neck,Jeetubhai Images\OS New folder (3) images\3064 Neck.BMP,3064 Neck.BMP
3065,Neck,Neck,Jeetubhai Images\OS New folder (3) images\3065 Neck.BMP,3065 Neck.BMP
3066,Neck,Neck,Jeetubhai Images\OS New folder (3) images\3066 Neck.BMP,3066 Neck.BMP
3067,Neck,Neck,Jeetubhai Images\OS New folder (3) images\3067 Neck.BMP,3067 Neck.BMP
3068,Neck,Neck,Jeetubhai Images\OS New folder (3) images\3068 Neck.BMP,3068 Neck.BMP
3069,A Neck,A Neck,Jeetubhai Images\OS New folder (3) images\3069 A Neck.BMP,3069 A Neck.BMP
3070,Neck,Neck,Jeetubhai Images\OS New folder (3) images\3070 Neck.BMP,3070 Neck.BMP
3071,Body,Body,Jeetubhai Images\OS New folder (3) images\3071 Body.BMP,3071 Body.BMP
3072,Neck,Neck,Jeetubhai Images\OS New folder (3) images\3072 Neck.BMP,3072 Neck.BMP
3073,Neck,Neck,Jeetubhai Images\OS New folder (3) images\3073 Neck.BMP,3073 Neck.BMP
3074,Neck,Neck,Jeetubhai Images\OS New folder (3) images\3074 Neck.BMP,3074 Neck.BMP
3075,Neck,Neck,Jeetubhai Images\OS New folder (3) images\3075 Neck.BMP,3075 Neck.BMP
3076,Neck,Neck,Jeetubhai Images\OS New folder (3) images\3076 Neck.BMP,3076 Neck.BMP
3077,Neck,Neck,Jeetubhai Images\OS New folder (3) images\3077 Neck.BMP,3077 Neck.BMP
3078,Neck,Neck,Jeetubhai Images\OS New folder (3) images\3078 Neck.BMP,3078 Neck.BMP
3079,Neck+Border,Neck+Border,Jeetubhai Images\OS New folder (3) images\3079 Neck+Border.BMP,3079 Neck+Border.BMP
3080,Neck,Neck,Jeetubhai Images\OS New folder (3) images\3080 Neck.BMP,3080 Neck.BMP
3081,Neck,Neck,Jeetubhai Images\OS New folder (3) images\3081 Neck.BMP,3081 Neck.BMP
3082,Neck,Neck,Jeetubhai Images\OS New folder (3) images\3082 Neck.BMP,3082 Neck.BMP
3083,Border,Border,Jeetubhai Images\OS New folder (3) images\3083 Border.BMP,3083 Border.BMP
3084,Astin,Astin,Jeetubhai Images\OS New folder (3) images\3084 Astin.BMP,3084 Astin.BMP
3084,Neck,Neck,Jeetubhai Images\OS New folder (3) images\3084 Neck.BMP,3084 Neck.BMP
3085,Neck,Neck,Jeetubhai Images\OS New folder (3) images\3085 Neck.BMP,3085 Neck.BMP
3086,Neck,Neck,Jeetubhai Images\OS New folder (3) images\3086 Neck.BMP,3086 Neck.BMP
3087,Neck,Neck,Jeetubhai Images\OS New folder (3) images\3087 Neck.BMP,3087 Neck.BMP
3088,Neck,Neck,Jeetubhai Images\OS New folder (3) images\3088 Neck.BMP,3088 Neck.BMP
3089,Nake,Nake,Jeetubhai Images\OS New folder (3) images\3089 Nake.BMP,3089 Nake.BMP
3090,Nake,Nake,Jeetubhai Images\OS New folder (3) images\3090 Nake.BMP,3090 Nake.BMP
3091,Nake,Nake,Jeetubhai Images\OS New folder (3) images\3091 Nake.BMP,3091 Nake.BMP
3092,Nake,Nake,Jeetubhai Images\OS New folder (3) images\3092 Nake.BMP,3092 Nake.BMP
3093,Nake,Nake,Jeetubhai Images\OS New folder (3) images\3093 Nake.BMP,3093 Nake.BMP
3094,Nake,Nake,Jeetubhai Images\OS New folder (3) images\3094 Nake.BMP,3094 Nake.BMP
3095,Nake,Nake,Jeetubhai Images\OS New folder (3) images\3095 Nake.BMP,3095 Nake.BMP
3096,Nake,Nake,Jeetubhai Images\OS New folder (3) images\3096 Nake.BMP,3096 Nake.BMP
3097,Nake,Nake,Jeetubhai Images\OS New folder (3) images\3097 Nake.BMP,3097 Nake.BMP
3098,Nake Buta,Nake Buta,Jeetubhai Images\OS New folder (3) images\3098 Nake Buta.BMP,3098 Nake Buta.BMP
3099,Nake,Nake,Jeetubhai Images\OS New folder (3) images\3099 Nake.BMP,3099 Nake.BMP
4000,Body Border,Body Border,Jeetubhai Images\OS New folder (3) images\4000 Body Border.BMP,4000 Body Border.BMP
4001,Nake,Nake,Jeetubhai Images\OS New folder (4) Images\4001 Nake.BMP,4001 Nake.BMP
4002,Nake,Nake,Jeetubhai Images\OS New folder (4) Images\4002 Nake.BMP,4002 Nake.BMP
4003,Nake,Nake,Jeetubhai Images\OS New folder (4) Images\4003 Nake.BMP,4003 Nake.BMP
4004,Nake,Nake,Jeetubhai Images\OS New folder (4) Images\4004 Nake.BMP,4004 Nake.BMP
4005,Nake,Nake,Jeetubhai Images\OS New folder (4) Images\4005 Nake.BMP,4005 Nake.BMP
4006,Nake,Nake,Jeetubhai Images\OS New folder (4) Images\4006 Nake.BMP,4006 Nake.BMP
4007,Nake,Nake,Jeetubhai Images\OS New folder (4) Images\4007 Nake.BMP,4007 Nake.BMP
4008,Nake,Nake,Jeetubhai Images\OS New folder (4) Images\4008 Nake.BMP,4008 Nake.BMP
4009,Body,Body,Jeetubhai Images\OS New folder (4) Images\4009 Body.BMP,4009 Body.BMP
4010,Neck,Neck,Jeetubhai Images\OS New folder (4) Images\4010 Neck.BMP,4010 Neck.BMP
4011,Neck,Neck,Jeetubhai Images\OS New folder (4) Images\4011 Neck.BMP,4011 Neck.BMP
4012,Neck,Neck,Jeetubhai Images\OS New folder (4) Images\4012 Neck.BMP,4012 Neck.BMP
4013,Neck,Neck,Jeetubhai Images\OS New folder (4) Images\4013 Neck.BMP,4013 Neck.BMP
4014,Neck,Neck,Jeetubhai Images\OS New folder (4) Images\4014 Neck.BMP,4014 Neck.BMP
4015,Neck,Neck,Jeetubhai Images\OS New folder (4) Images\4015 Neck.BMP,4015 Neck.BMP
4016,Body,Body,Jeetubhai Images\OS New folder (4) Images\4016 Body.BMP,4016 Body.BMP
4017,Neck,Neck,Jeetubhai Images\OS New folder (4) Images\4017 Neck.BMP,4017 Neck.BMP
4018,Neck,Neck,Jeetubhai Images\OS New folder (4) Images\4018 Neck.BMP,4018 Neck.BMP
4019,Neck,Neck,Jeetubhai Images\OS New folder (4) Images\4019 Neck.BMP,4019 Neck.BMP
4020,Neck+B,Neck+B,Jeetubhai Images\OS New folder (3) images\4020 Neck+B.BMP,4020 Neck+B.BMP
4020,Neck+B,Neck+B,Jeetubhai Images\OS New folder (4) Images\4020 Neck+B.BMP,4020 Neck+B.BMP
4021,Neck,Neck,Jeetubhai Images\OS New folder (4) Images\4021 Neck.BMP,4021 Neck.BMP
4022,Neck,Neck,Jeetubhai Images\OS New folder (4) Images\4022 Neck.BMP,4022 Neck.BMP
4023,Neck,Neck,Jeetubhai Images\OS New folder (4) Images\4023 Neck.BMP,4023 Neck.BMP
4024,Neck,Neck,Jeetubhai Images\OS New folder (4) Images\4024 Neck.BMP,4024 Neck.BMP
4025,Body,Body,Jeetubhai Images\OS New folder (4) Images\4025 Body.BMP,4025 Body.BMP
4026,Neck,Neck,Jeetubhai Images\OS New folder (4) Images\4026 Neck.BMP,4026 Neck.BMP
4027,Neck,Neck,Jeetubhai Images\OS New folder (4) Images\4027 Neck.BMP,4027 Neck.BMP
4028,Neck,Neck,Jeetubhai Images\OS New folder (4) Images\4028 Neck.BMP,4028 Neck.BMP
4029,Neck,Neck,Jeetubhai Images\OS New folder (4) Images\4029 Neck.BMP,4029 Neck.BMP
4030,Neck,Neck,Jeetubhai Images\OS New folder (4) Images\4030 Neck.BMP,4030 Neck.BMP
4031,Body,Body,Jeetubhai Images\OS New folder (4) Images\4031 Body.BMP,4031 Body.BMP
4032,Nake,Nake,Jeetubhai Images\OS New folder (4) Images\4032 Nake.BMP,4032 Nake.BMP
4033,Nake,Nake,Jeetubhai Images\OS New folder (4) Images\4033 Nake.BMP,4033 Nake.BMP
4034,Nake,Nake,Jeetubhai Images\OS New folder (4) Images\4034 Nake.BMP,4034 Nake.BMP
4035,Nake,Nake,Jeetubhai Images\OS New folder (4) Images\4035 Nake.BMP,4035 Nake.BMP
4036,Nake 2,Nake 2,Jeetubhai Images\OS New folder (4) Images\4036 Nake 2.BMP,4036 Nake 2.BMP
4037,Body,Body,Jeetubhai Images\OS New folder (4) Images\4037 Body.BMP,4037 Body.BMP
4038,Body,Body,Jeetubhai Images\OS New folder (4) Images\4038 Body.BMP,4038 Body.BMP
4039,Nake,Nake,Jeetubhai Images\OS New folder (4) Images\4039 Nake.BMP,4039 Nake.BMP
4040,Body Kolar,Body Kolar,Jeetubhai Images\OS New folder (4) Images\4040 Body Kolar.BMP,4040 Body Kolar.BMP
4041,Body,Body,Jeetubhai Images\OS New folder (4) Images\4041 Body.BMP,4041 Body.BMP
4042,Nake,Nake,Jeetubhai Images\OS New folder (4) Images\4042 Nake.BMP,4042 Nake.BMP
4043,Nake,Nake,Jeetubhai Images\OS New folder (4) Images\4043 Nake.BMP,4043 Nake.BMP
4044,Nake,Nake,Jeetubhai Images\OS New folder (4) Images\4044 Nake.BMP,4044 Nake.BMP
4045,Nake,Nake,Jeetubhai Images\OS New folder (4) Images\4045 Nake.BMP,4045 Nake.BMP
4046,Nake,Nake,Jeetubhai Images\OS New folder (4) Images\4046 Nake.BMP,4046 Nake.BMP
4047,Border,Border,Jeetubhai Images\OS New folder (4) Images\4047 Border.BMP,4047 Border.BMP
4048,Nake,Nake,Jeetubhai Images\OS New folder (4) Images\4048 Nake.BMP,4048 Nake.BMP
4049,Nake 450,Nake,Jeetubhai Images\OS New folder (4) Images\4049 Nake 450.BMP,4049 Nake 450.BMP
4050,Nake 500,Nake,Jeetubhai Images\OS New folder (4) Images\4050 Nake 500.BMP,4050 Nake 500.BMP
4051,Nake 400,Nake,Jeetubhai Images\OS New folder (4) Images\4051 Nake 400.BMP,4051 Nake 400.BMP
4052,Nake 400,Nake,Jeetubhai Images\OS New folder (4) Images\4052 Nake 400.BMP,4052 Nake 400.BMP
4053,Nake 400,Nake,Jeetubhai Images\OS New folder (4) Images\4053 Nake 400.BMP,4053 Nake 400.BMP
4054,Nake 400,Nake,Jeetubhai Images\OS New folder (4) Images\4054 Nake 400.BMP,4054 Nake 400.BMP
4055,Nake 400,Nake,Jeetubhai Images\OS New folder (4) Images\4055 Nake 400.BMP,4055 Nake 400.BMP
4056,Nake 300,Nake 300,Jeetubhai Images\OS New folder (4) Images\4056 Nake 300.BMP,4056 Nake 300.BMP
4057,Nake 400,Nake,Jeetubhai Images\OS New folder (4) Images\4057 Nake 400.BMP,4057 Nake 400.BMP
4058,Body,Body,Jeetubhai Images\OS New folder (4) Images\4058 Body.BMP,4058 Body.BMP
4059,Body,Body,Jeetubhai Images\OS New folder (4) Images\4059 Body.BMP,4059 Body.BMP
4060,Nake 500,Nake,Jeetubhai Images\OS New folder (4) Images\4060 Nake 500.BMP,4060 Nake 500.BMP
4061,Nake 500,Nake,Jeetubhai Images\OS New folder (4) Images\4061 Nake 500.BMP,4061 Nake 500.BMP
4062,Nake 400,Nake,Jeetubhai Images\OS New folder (4) Images\4062 Nake 400.BMP,4062 Nake 400.BMP
4063,Nake 500,Nake,Jeetubhai Images\OS New folder (4) Images\4063 Nake 500.BMP,4063 Nake 500.BMP
4064,Nake 500,Nake,Jeetubhai Images\OS New folder (4) Images\4064 Nake 500.BMP,4064 Nake 500.BMP
4065,Nake 400,Nake,Jeetubhai Images\OS New folder (4) Images\4065 Nake 400.BMP,4065 Nake 400.BMP
4066,Nake,Nake,Jeetubhai Images\OS New folder (4) Images\4066 Nake.BMP,4066 Nake.BMP
4067,Nake,Nake,Jeetubhai Images\OS New folder (4) Images\4067 Nake.BMP,4067 Nake.BMP
4068,Body Border,Body Border,Jeetubhai Images\OS New folder (4) Images\4068 Body Border.BMP,4068 Body Border.BMP
4069,Nake,Nake,Jeetubhai Images\OS New folder (4) Images\4069 Nake.BMP,4069 Nake.BMP
4070,Nake,Nake,Jeetubhai Images\OS New folder (4) Images\4070 Nake.BMP,4070 Nake.BMP
4071,Nake,Nake,Jeetubhai Images\OS New folder (4) Images\4071 Nake.BMP,4071 Nake.BMP
4072,Nake,Nake,Jeetubhai Images\OS New folder (4) Images\4072 Nake.BMP,4072 Nake.BMP
4073,Nake,Nake,Jeetubhai Images\OS New folder (4) Images\4073 Nake.BMP,4073 Nake.BMP
4074,border 200,border,Jeetubhai Images\OS New folder (4) Images\4074 border 200.BMP,4074 border 200.BMP
4075,Nake,Nake,Jeetubhai Images\OS New folder (4) Images\4075 Nake.BMP,4075 Nake.BMP
4076,Nake,Nake,Jeetubhai Images\OS New folder (4) Images\4076 Nake.BMP,4076 Nake.BMP
4077,Nake,Nake,Jeetubhai Images\OS New folder (4) Images\4077 Nake.BMP,4077 Nake.BMP
4078,Nake,Nake,Jeetubhai Images\OS New folder (4) Images\4078 Nake.BMP,4078 Nake.BMP
4079,Nake,Nake,Jeetubhai Images\OS New folder (4) Images\4079 Nake.BMP,4079 Nake.BMP
4080,Nake,Nake,Jeetubhai Images\OS New folder (4) Images\4080 Nake.BMP,4080 Nake.BMP
4081,Nake,Nake,Jeetubhai Images\OS New folder (4) Images\4081 Nake.BMP,4081 Nake.BMP
4082,Nake,Nake,Jeetubhai Images\OS New folder (4) Images\4082 Nake.BMP,4082 Nake.BMP
4083,Nake,Nake,Jeetubhai Images\OS New folder (4) Images\4083 Nake.BMP,4083 Nake.BMP
4084,Nake,Nake,Jeetubhai Images\OS New folder (4) Images\4084 Nake.BMP,4084 Nake.BMP
4085,Nake,Nake,Jeetubhai Images\OS New folder (4) Images\4085 Nake.BMP,4085 Nake.BMP
4086,Nake,Nake,Jeetubhai Images\OS New folder (4) Images\4086 Nake.BMP,4086 Nake.BMP
4087,Nake,Nake,Jeetubhai Images\OS New folder (4) Images\4087 Nake.BMP,4087 Nake.BMP
4088,Nake,Nake,Jeetubhai Images\OS New folder (4) Images\4088 Nake.BMP,4088 Nake.BMP
4089,Neck,Neck,Jeetubhai Images\OS New folder (4) Images\4089 Neck.BMP,4089 Neck.BMP
4090,Neck,Neck,Jeetubhai Images\OS New folder (4) Images\4090 Neck.BMP,4090 Neck.BMP
4091,Neck,Neck,Jeetubhai Images\OS New folder (4) Images\4091 Neck.BMP,4091 Neck.BMP
4092,Neck,Neck,Jeetubhai Images\OS New folder (4) Images\4092 Neck.BMP,4092 Neck.BMP
4093,Neck,Neck,Jeetubhai Images\OS New folder (4) Images\4093 Neck.BMP,4093 Neck.BMP
4094,Neck,Neck,Jeetubhai Images\OS New folder (4) Images\4094 Neck.BMP,4094 Neck.BMP
4095,Neck,Neck,Jeetubhai Images\OS New folder (4) Images\4095 Neck.BMP,4095 Neck.BMP
4096,Buta Top,Buta Top,Jeetubhai Images\OS New folder (4) Images\4096 Buta Top.BMP,4096 Buta Top.BMP
4097,Neck Seq,Neck Seq,Jeetubhai Images\OS New folder (4) Images\4097 Neck Seq.BMP,4097 Neck Seq.BMP
4098,Neck,Neck,Jeetubhai Images\OS New folder (4) Images\4098 Neck.BMP,4098 Neck.BMP
4099,Neck,Neck,Jeetubhai Images\OS New folder (4) Images\4099 Neck.BMP,4099 Neck.BMP
5000,Neck,Neck,Jeetubhai Images\OS New folder (4) Images\5000 Neck.BMP,5000 Neck.BMP
5001,Body,Body,Jeetubhai Images\OS New folder (5) Images\5001 Body.BMP,5001 Body.BMP
5001,DAMAN,DAMAN,Jeetubhai Images\OS New folder (5) Images\5001 DAMAN.BMP,5001 DAMAN.BMP
5002,Nake,Nake,Jeetubhai Images\OS New folder (5) Images\5002 Nake.BMP,5002 Nake.BMP
5003,Nake,Nake,Jeetubhai Images\OS New folder (5) Images\5003 Nake.BMP,5003 Nake.BMP
5004,Nake 400,Nake,Jeetubhai Images\OS New folder (5) Images\5004 Nake 400.BMP,5004 Nake 400.BMP
5005,Nake 400,Nake,Jeetubhai Images\OS New folder (5) Images\5005 Nake 400.BMP,5005 Nake 400.BMP
5006,Nake 400,Nake,Jeetubhai Images\OS New folder (5) Images\5006 Nake 400.BMP,5006 Nake 400.BMP
5007,Nake 400,Nake,Jeetubhai Images\OS New folder (5) Images\5007 Nake 400.BMP,5007 Nake 400.BMP
5008,Nake 400,Nake,Jeetubhai Images\OS New folder (5) Images\5008 Nake 400.BMP,5008 Nake 400.BMP
5009,Nake 400,Nake,Jeetubhai Images\OS New folder (5) Images\5009 Nake 400.BMP,5009 Nake 400.BMP
5010,DAMAN,DAMAN,Jeetubhai Images\OS New folder (5) Images\5010 DAMAN.BMP,5010 DAMAN.BMP
5010,Nake 400,Nake,Jeetubhai Images\OS New folder (5) Images\5010 Nake 400.BMP,5010 Nake 400.BMP
5011,Nake Top A,Nake Top A,Jeetubhai Images\OS New folder (5) Images\5011 Nake Top A.BMP,5011 Nake Top A.BMP
5012,ASTIN,ASTIN,Jeetubhai Images\OS New folder (5) Images\5012 ASTIN.BMP,5012 ASTIN.BMP
5012,BORDER,BORDER,Jeetubhai Images\OS New folder (5) Images\5012 BORDER.BMP,5012 BORDER.BMP
5012,daman   XL XXL,daman XL XXL,Jeetubhai Images\OS New folder (5) Images\5012 daman   XL XXL.BMP,5012 daman   XL XXL.BMP
5013,ASTIN,ASTIN,Jeetubhai Images\OS New folder (5) Images\5013 ASTIN.BMP,5013 ASTIN.BMP
5013,Nake,Nake,Jeetubhai Images\OS New folder (5) Images\5013 Nake.BMP,5013 Nake.BMP
5014,ASTIN,ASTIN,Jeetubhai Images\OS New folder (5) Images\5014 ASTIN.BMP,5014 ASTIN.BMP
5014,BORDER,BORDER,Jeetubhai Images\OS New folder (5) Images\5014 BORDER.BMP,5014 BORDER.BMP
5014,DAMAN L XXL,DAMAN L XXL,Jeetubhai Images\OS New folder (5) Images\5014 DAMAN L XXL.BMP,5014 DAMAN L XXL.BMP
5014,DAMAN SM,DAMAN SM,Jeetubhai Images\OS New folder (5) Images\5014 DAMAN SM.BMP,5014 DAMAN SM.BMP
5015,ASTIN,ASTIN,Jeetubhai Images\OS New folder (5) Images\5015 ASTIN.BMP,5015 ASTIN.BMP
5015,BORDER,BORDER,Jeetubhai Images\OS New folder (5) Images\5015 BORDER.BMP,5015 BORDER.BMP
5015,DAMAN L XXL,DAMAN L XXL,Jeetubhai Images\OS New folder (5) Images\5015 DAMAN L XXL.BMP,5015 DAMAN L XXL.BMP
5015,DAMAN SM,DAMAN SM,Jeetubhai Images\OS New folder (5) Images\5015 DAMAN SM.BMP,5015 DAMAN SM.BMP
5015,Nake L XXL,Nake L XXL,Jeetubhai Images\OS New folder (5) Images\5015 Nake L XXL.BMP,5015 Nake L XXL.BMP
5016,ASTIN,ASTIN,Jeetubhai Images\OS New folder (5) Images\5016 ASTIN.BMP,5016 ASTIN.BMP
5016,BORDER,BORDER,Jeetubhai Images\OS New folder (5) Images\5016 BORDER.BMP,5016 BORDER.BMP
5016,DAMAN L XXL,DAMAN L XXL,Jeetubhai Images\OS New folder (5) Images\5016 DAMAN L XXL.BMP,5016 DAMAN L XXL.BMP
5016,Nake L XXL,Nake L XXL,Jeetubhai Images\OS New folder (5) Images\5016 Nake L XXL.BMP,5016 Nake L XXL.BMP
5017,ASTIN,ASTIN,Jeetubhai Images\OS New folder (5) Images\5017 ASTIN.BMP,5017 ASTIN.BMP
5017,BORDER,BORDER,Jeetubhai Images\OS New folder (5) Images\5017 BORDER.BMP,5017 BORDER.BMP
5017,DAMAN SM,DAMAN SM,Jeetubhai Images\OS New folder (5) Images\5017 DAMAN SM.BMP,5017 DAMAN SM.BMP
5017,Nake L XXL,Nake L XXL,Jeetubhai Images\OS New folder (5) Images\5017 Nake L XXL.BMP,5017 Nake L XXL.BMP
5018,Nake L XXL,Nake L XXL,Jeetubhai Images\OS New folder (5) Images\5018 Nake L XXL.BMP,5018 Nake L XXL.BMP
5019,Nake L XXL,Nake L XXL,Jeetubhai Images\OS New folder (5) Images\5019 Nake L XXL.BMP,5019 Nake L XXL.BMP
5020,Nake,Nake,Jeetubhai Images\OS New folder (5) Images\5020 Nake.BMP,5020 Nake.BMP
5021,Body Border,Body Border,Jeetubhai Images\OS New folder (5) Images\5021 Body Border.BMP,5021 Body Border.BMP
5022,Body,Body,Jeetubhai Images\OS New folder (5) Images\5022 Body.BMP,5022 Body.BMP
5023,Kurta pati,Kurta pati,Jeetubhai Images\OS New folder (5) Images\5023 Kurta pati.BMP,5023 Kurta pati.BMP
5024,Kurta pati,Kurta pati,Jeetubhai Images\OS New folder (5) Images\5024 Kurta pati.BMP,5024 Kurta pati.BMP
5025,Body 450,Body,Jeetubhai Images\OS New folder (5) Images\5025 Body 450.BMP,5025 Body 450.BMP
5026,Body 450,Body,Jeetubhai Images\OS New folder (5) Images\5026 Body 450.BMP,5026 Body 450.BMP
5027,Nake,Nake,Jeetubhai Images\OS New folder (5) Images\5027 Nake.BMP,5027 Nake.BMP
5028,BORDER,BORDER,Jeetubhai Images\OS New folder (5) Images\5028 BORDER.BMP,5028 BORDER.BMP
5028,Nake,Nake,Jeetubhai Images\OS New folder (5) Images\5028 Nake.BMP,5028 Nake.BMP
5029,Nake,Nake,Jeetubhai Images\OS New folder (5) Images\5029 Nake.BMP,5029 Nake.BMP
5030,Kurta patti,Kurta patti,Jeetubhai Images\OS New folder (5) Images\5030 Kurta patti.BMP,5030 Kurta patti.BMP
5031,Body,Body,Jeetubhai Images\OS New folder (5) Images\5031 Body.BMP,5031 Body.BMP
5032,Kurta patti,Kurta patti,Jeetubhai Images\OS New folder (5) Images\5032 Kurta patti.BMP,5032 Kurta patti.BMP
5033,Neck 400,Neck,Jeetubhai Images\OS New folder (5) Images\5033 Neck 400.BMP,5033 Neck 400.BMP
5034,Body,Body,Jeetubhai Images\OS New folder (5) Images\5034 Body.BMP,5034 Body.BMP
5035,Kurta patti,Kurta patti,Jeetubhai Images\OS New folder (5) Images\5035 Kurta patti.BMP,5035 Kurta patti.BMP
5036,Body 450,Body,Jeetubhai Images\OS New folder (5) Images\5036 Body 450.BMP,5036 Body 450.BMP
5037,Body 450,Body,Jeetubhai Images\OS New folder (5) Images\5037 Body 450.BMP,5037 Body 450.BMP
5038,Kurta patti,Kurta patti,Jeetubhai Images\OS New folder (5) Images\5038 Kurta patti.BMP,5038 Kurta patti.BMP
5039,Kurta patti 400,Kurta patti,Jeetubhai Images\OS New folder (5) Images\5039 Kurta patti 400.BMP,5039 Kurta patti 400.BMP
5040,Kurta patti 400,Kurta patti,Jeetubhai Images\OS New folder (5) Images\5040 Kurta patti 400.BMP,5040 Kurta patti 400.BMP
5041,Body 450 P1,Body P1,Jeetubhai Images\OS New folder (5) Images\5041 Body 450 P1.BMP,5041 Body 450 P1.BMP
5041,Body 450 P2,Body P2,Jeetubhai Images\OS New folder (5) Images\5041 Body 450 P2.BMP,5041 Body 450 P2.BMP
5042,Nake,Nake,Jeetubhai Images\OS New folder (5) Images\5042 Nake.BMP,5042 Nake.BMP
5043,Body 450,Body,Jeetubhai Images\OS New folder (5) Images\5043 Body 450.BMP,5043 Body 450.BMP
5044,Nake 400,Nake,Jeetubhai Images\OS New folder (5) Images\5044 Nake 400.BMP,5044 Nake 400.BMP
5045,BORDER 4,BORDER 4,Jeetubhai Images\OS New folder (5) Images\5045 BORDER 4.BMP,5045 BORDER 4.BMP
5046,Nake,Nake,Jeetubhai Images\OS New folder (5) Images\5046 Nake.BMP,5046 Nake.BMP
5047,Kurta Patti,Kurta Patti,Jeetubhai Images\OS New folder (5) Images\5047 Kurta Patti.BMP,5047 Kurta Patti.BMP
5048,Nake,Nake,Jeetubhai Images\OS New folder (5) Images\5048 Nake.BMP,5048 Nake.BMP
5049,Body 450,Body,Jeetubhai Images\OS New folder (5) Images\5049 Body 450.BMP,5049 Body 450.BMP
5050,Kurta patti 250,Kurta patti,Jeetubhai Images\OS New folder (5) Images\5050 Kurta patti 250.BMP,5050 Kurta patti 250.BMP
5051,Kurta patti 400,Kurta patti,Jeetubhai Images\OS New folder (5) Images\5051 Kurta patti 400.BMP,5051 Kurta patti 400.BMP
5052,Kurta patti 400,Kurta patti,Jeetubhai Images\OS New folder (5) Images\5052 Kurta patti 400.BMP,5052 Kurta patti 400.BMP
5053,Kurta patti 400,Kurta patti,Jeetubhai Images\OS New folder (5) Images\5053 Kurta patti 400.BMP,5053 Kurta patti 400.BMP
5054,Kurta patti 400,Kurta patti,Jeetubhai Images\OS New folder (5) Images\5054 Kurta patti 400.BMP,5054 Kurta patti 400.BMP
5055,Kurta patti 400,Kurta patti,Jeetubhai Images\OS New folder (5) Images\5055 Kurta patti 400.BMP,5055 Kurta patti 400.BMP
5056,Kurta patti 400,Kurta patti,Jeetubhai Images\OS New folder (5) Images\5056 Kurta patti 400.BMP,5056 Kurta patti 400.BMP
5057,Kurta patti 400,Kurta patti,Jeetubhai Images\OS New folder (5) Images\5057 Kurta patti 400.BMP,5057 Kurta patti 400.BMP
5058,Kurta patti 400,Kurta patti,Jeetubhai Images\OS New folder (5) Images\5058 Kurta patti 400.BMP,5058 Kurta patti 400.BMP
5059,Kurta patti 400,Kurta patti,Jeetubhai Images\OS New folder (5) Images\5059 Kurta patti 400.BMP,5059 Kurta patti 400.BMP
5060,Kurta patti 400,Kurta patti,Jeetubhai Images\OS New folder (5) Images\5060 Kurta patti 400.BMP,5060 Kurta patti 400.BMP
5061,Body 450,Body,Jeetubhai Images\OS New folder (5) Images\5061 Body 450.BMP,5061 Body 450.BMP
5062,Body 400,Body,Jeetubhai Images\OS New folder (5) Images\5062 Body 400.BMP,5062 Body 400.BMP
5062,Body p1 400,Body p1,Jeetubhai Images\OS New folder (5) Images\5062 Body p1 400.BMP,5062 Body p1 400.BMP
5063,Kurta patti 400,Kurta patti,Jeetubhai Images\OS New folder (5) Images\5063 Kurta patti 400.BMP,5063 Kurta patti 400.BMP
5064,Kurta patti 400,Kurta patti,Jeetubhai Images\OS New folder (5) Images\5064 Kurta patti 400.BMP,5064 Kurta patti 400.BMP
5065,Kurta patti 400,Kurta patti,Jeetubhai Images\OS New folder (5) Images\5065 Kurta patti 400.BMP,5065 Kurta patti 400.BMP
5066,Kurta patti 400,Kurta patti,Jeetubhai Images\OS New folder (5) Images\5066 Kurta patti 400.BMP,5066 Kurta patti 400.BMP
5067,Kurta patti 400,Kurta patti,Jeetubhai Images\OS New folder (5) Images\5067 Kurta patti 400.BMP,5067 Kurta patti 400.BMP
5068,Kurta patti 400,Kurta patti,Jeetubhai Images\OS New folder (5) Images\5068 Kurta patti 400.BMP,5068 Kurta patti 400.BMP
5069,Kurta patti 400,Kurta patti,Jeetubhai Images\OS New folder (5) Images\5069 Kurta patti 400.BMP,5069 Kurta patti 400.BMP
5070,Kurta patti 400,Kurta patti,Jeetubhai Images\OS New folder (5) Images\5070 Kurta patti 400.BMP,5070 Kurta patti 400.BMP
5071,Kurta patti 400,Kurta patti,Jeetubhai Images\OS New folder (5) Images\5071 Kurta patti 400.BMP,5071 Kurta patti 400.BMP
5072,Kurta patti 400,Kurta patti,Jeetubhai Images\OS New folder (5) Images\5072 Kurta patti 400.BMP,5072 Kurta patti 400.BMP
5073,Kurta patti 400,Kurta patti,Jeetubhai Images\OS New folder (5) Images\5073 Kurta patti 400.BMP,5073 Kurta patti 400.BMP
5074,Nake 400,Nake,Jeetubhai Images\OS New folder (5) Images\5074 Nake 400.BMP,5074 Nake 400.BMP
5075,Nake 400,Nake,Jeetubhai Images\OS New folder (5) Images\5075 Nake 400.BMP,5075 Nake 400.BMP
5076,Nake 400,Nake,Jeetubhai Images\OS New folder (5) Images\5076 Nake 400.BMP,5076 Nake 400.BMP
5077,Nake,Nake,Jeetubhai Images\OS New folder (5) Images\5077 Nake.BMP,5077 Nake.BMP
5078,Nake,Nake,Jeetubhai Images\OS New folder (5) Images\5078 Nake.BMP,5078 Nake.BMP
5079,Nake,Nake,Jeetubhai Images\OS New folder (5) Images\5079 Nake.BMP,5079 Nake.BMP
5080,Nake,Nake,Jeetubhai Images\OS New folder (5) Images\5080 Nake.BMP,5080 Nake.BMP
5081,Kurta patti 400,Kurta patti,Jeetubhai Images\OS New folder (5) Images\5081 Kurta patti 400.BMP,5081 Kurta patti 400.BMP
5082,Kurta patti 400,Kurta patti,Jeetubhai Images\OS New folder (5) Images\5082 Kurta patti 400.BMP,5082 Kurta patti 400.BMP
5083,Kurta patti 400,Kurta patti,Jeetubhai Images\OS New folder (5) Images\5083 Kurta patti 400.BMP,5083 Kurta patti 400.BMP
5084,Kurta patti 250,Kurta patti,Jeetubhai Images\OS New folder (5) Images\5084 Kurta patti 250.BMP,5084 Kurta patti 250.BMP
5085,Kurta patti 400,Kurta patti,Jeetubhai Images\OS New folder (5) Images\5085 Kurta patti 400.BMP,5085 Kurta patti 400.BMP
5086,Kurta Patti 400,Kurta Patti,Jeetubhai Images\OS New folder (5) Images\5086 Kurta Patti 400.BMP,5086 Kurta Patti 400.BMP
5087,Kurta Patti 400,Kurta Patti,Jeetubhai Images\OS New folder (5) Images\5087 Kurta Patti 400.BMP,5087 Kurta Patti 400.BMP
5088,Nake 400,Nake,Jeetubhai Images\OS New folder (5) Images\5088 Nake 400.BMP,5088 Nake 400.BMP
5089,Nake 400,Nake,Jeetubhai Images\OS New folder (5) Images\5089 Nake 400.BMP,5089 Nake 400.BMP
5090,Body,Body,Jeetubhai Images\OS New folder (5) Images\5090 Body.BMP,5090 Body.BMP
5091,Nake 400,Nake,Jeetubhai Images\OS New folder (5) Images\5091 Nake 400.BMP,5091 Nake 400.BMP
5091,Nake 450,Nake,Jeetubhai Images\OS New folder (5) Images\5091 Nake 450.BMP,5091 Nake 450.BMP
5092,Body 400,Body,Jeetubhai Images\OS New folder (5) Images\5092 Body 400.BMP,5092 Body 400.BMP
5093,Body P2,Body P2,Jeetubhai Images\OS New folder (5) Images\5093 Body P2.BMP,5093 Body P2.BMP
5094,Kurta Patti 250,Kurta Patti,Jeetubhai Images\OS New folder (5) Images\5094 Kurta Patti 250.BMP,5094 Kurta Patti 250.BMP
5095,Kurta Patti 250,Kurta Patti,Jeetubhai Images\OS New folder (5) Images\5095 Kurta Patti 250.BMP,5095 Kurta Patti 250.BMP
5096,Body 450 P1,Body P1,Jeetubhai Images\OS New folder (5) Images\5096 Body 450 P1.BMP,5096 Body 450 P1.BMP
5096,Body 450 P2,Body P2,Jeetubhai Images\OS New folder (5) Images\5096 Body 450 P2.BMP,5096 Body 450 P2.BMP
5097,Kurta Patti 400,Kurta Patti,Jeetubhai Images\OS New folder (5) Images\5097 Kurta Patti 400.BMP,5097 Kurta Patti 400.BMP
5098,Kurta Patti 400,Kurta Patti,Jeetubhai Images\OS New folder (5) Images\5098 Kurta Patti 400.BMP,5098 Kurta Patti 400.BMP
5099,Body 450 P1,Body P1,Jeetubhai Images\OS New folder (5) Images\5099 Body 450 P1.BMP,5099 Body 450 P1.BMP
5100,Body 450 P1,Body P1,Jeetubhai Images\OS New folder (5) Images\5100 Body 450 P1.BMP,5100 Body 450 P1.BMP
6001,Body P1,Body P1,Jeetubhai Images\OS New folder (6) Images\6001 Body P1.BMP,6001 Body P1.BMP
6001,booty,booty,Jeetubhai Images\OS New folder (6) Images\6001 booty.BMP,6001 booty.BMP
6001,daman Small,daman Small,Jeetubhai Images\OS New folder (6) Images\6001 daman Small.BMP,6001 daman Small.BMP
6002,KP 250,KP,Jeetubhai Images\OS New folder (6) Images\6002 KP 250.BMP,6002 KP 250.BMP
6002,Neck Dori,Neck Dori,Jeetubhai Images\OS New folder (6) Images\6002 Neck Dori.BMP,6002 Neck Dori.BMP
6003,KP 250,KP,Jeetubhai Images\OS New folder (6) Images\6003 KP 250.BMP,6003 KP 250.BMP
6004,KP 250,KP,Jeetubhai Images\OS New folder (6) Images\6004 KP 250.BMP,6004 KP 250.BMP
6005,Body P1,Body P1,Jeetubhai Images\OS New folder (6) Images\6005 Body P1.BMP,6005 Body P1.BMP
6005,daman 2,daman 2,Jeetubhai Images\OS New folder (6) Images\6005 daman 2.BMP,6005 daman 2.BMP
6006,KP 250,KP,Jeetubhai Images\OS New folder (6) Images\6006 KP 250.BMP,6006 KP 250.BMP
6007,KP 250,KP,Jeetubhai Images\OS New folder (6) Images\6007 KP 250.BMP,6007 KP 250.BMP
6008,KP 250,KP,Jeetubhai Images\OS New folder (6) Images\6008 KP 250.BMP,6008 KP 250.BMP
6009,KP 250,KP,Jeetubhai Images\OS New folder (6) Images\6009 KP 250.BMP,6009 KP 250.BMP
6010,BORDER,BORDER,Jeetubhai Images\OS New folder (6) Images\6010 BORDER.BMP,6010 BORDER.BMP
6010,Body P1,Body P1,Jeetubhai Images\OS New folder (6) Images\6010 Body P1.BMP,6010 Body P1.BMP
6010,daman Small,daman Small,Jeetubhai Images\OS New folder (6) Images\6010 daman Small.BMP,6010 daman Small.BMP
6011,ASTEEEN,ASTEEEN,Jeetubhai Images\OS New folder (6) Images\6011 ASTEEEN.BMP,6011 ASTEEEN.BMP
6011,Body P1,Body P1,Jeetubhai Images\OS New folder (6) Images\6011 Body P1.BMP,6011 Body P1.BMP
6011,buti,buti,Jeetubhai Images\OS New folder (6) Images\6011 buti.BMP,6011 buti.BMP
6011,daman Small,daman Small,Jeetubhai Images\OS New folder (6) Images\6011 daman Small.BMP,6011 daman Small.BMP
6012,BORDER,BORDER,Jeetubhai Images\OS New folder (6) Images\6012 BORDER.BMP,6012 BORDER.BMP
6012,Body P1,Body P1,Jeetubhai Images\OS New folder (6) Images\6012 Body P1.BMP,6012 Body P1.BMP
6012,Daman Small,Daman Small,Jeetubhai Images\OS New folder (6) Images\6012 Daman Small.BMP,6012 Daman Small.BMP
6012,Daman,Daman,Jeetubhai Images\OS New folder (6) Images\6012 Daman.BMP,6012 Daman.BMP
6013,Daman,Daman,Jeetubhai Images\OS New folder (6) Images\6013 Daman.BMP,6013 Daman.BMP
6013,Nake 400,Nake,Jeetubhai Images\OS New folder (6) Images\6013 Nake 400.BMP,6013 Nake 400.BMP
6014,KP 250,KP,Jeetubhai Images\OS New folder (6) Images\6014 KP 250.BMP,6014 KP 250.BMP
6015,Daman 250 3,Daman 3,Jeetubhai Images\OS New folder (6) Images\6015 Daman 250 3.BMP,6015 Daman 250 3.BMP
6015,Nake 400,Nake,Jeetubhai Images\OS New folder (6) Images\6015 Nake 400.BMP,6015 Nake 400.BMP
6016,KP 250,KP,Jeetubhai Images\OS New folder (6) Images\6016 KP 250.BMP,6016 KP 250.BMP
6017,KP 250,KP,Jeetubhai Images\OS New folder (6) Images\6017 KP 250.BMP,6017 KP 250.BMP
6018,BOOTY 980,BOOTY 980,Jeetubhai Images\OS New folder (6) Images\6018 BOOTY 980.BMP,6018 BOOTY 980.BMP
6018,BORDER,BORDER,Jeetubhai Images\OS New folder (6) Images\6018 BORDER.BMP,6018 BORDER.BMP
6018,Nake 400,Nake,Jeetubhai Images\OS New folder (6) Images\6018 Nake 400.BMP,6018 Nake 400.BMP
6019,KP 200,KP,Jeetubhai Images\OS New folder (6) Images\6019 KP 200.BMP,6019 KP 200.BMP
6020,KP 250,KP,Jeetubhai Images\OS New folder (6) Images\6020 KP 250.BMP,6020 KP 250.BMP
6021,KP 250,KP,Jeetubhai Images\OS New folder (6) Images\6021 KP 250.JPG,6021 KP 250.JPG
6022,Nake,Nake,Jeetubhai Images\OS New folder (6) Images\6022 Nake.BMP,6022 Nake.BMP
6023,Nake,Nake,Jeetubhai Images\OS New folder (6) Images\6023 Nake.BMP,6023 Nake.BMP
6024,Nake,Nake,Jeetubhai Images\OS New folder (6) Images\6024 Nake.BMP,6024 Nake.BMP
6025,Nake,Nake,Jeetubhai Images\OS New folder (6) Images\6025 Nake.BMP,6025 Nake.BMP
6025,Nake,Nake,Jeetubhai Images\OS New folder (6) Images\6025 Nake.JPG,6025 Nake.JPG
6026,Nake,Nake,Jeetubhai Images\OS New folder (6) Images\6026 Nake.BMP,6026 Nake.BMP
6027,Nake,Nake,Jeetubhai Images\OS New folder (6) Images\6027 Nake.BMP,6027 Nake.BMP
6028,Nake,Nake,Jeetubhai Images\OS New folder (6) Images\6028 Nake.BMP,6028 Nake.BMP
6029,Daman 250,Daman,Jeetubhai Images\OS New folder (6) Images\6029 Daman 250.BMP,6029 Daman 250.BMP
6029,Nake,Nake,Jeetubhai Images\OS New folder (6) Images\6029 Nake.BMP,6029 Nake.BMP
6030,BORDER,BORDER,Jeetubhai Images\OS New folder (6) Images\6030 BORDER.BMP,6030 BORDER.BMP
6030,Nake,Nake,Jeetubhai Images\OS New folder (6) Images\6030 Nake.BMP,6030 Nake.BMP
6031,KP 250,KP,Jeetubhai Images\OS New folder (6) Images\6031 KP 250.BMP,6031 KP 250.BMP
6032,KP 250,KP,Jeetubhai Images\OS New folder (6) Images\6032 KP 250.BMP,6032 KP 250.BMP
6033,Body P1,Body P1,Jeetubhai Images\OS New folder (6) Images\6033 Body P1.BMP,6033 Body P1.BMP
6033,Daman 250,Daman,Jeetubhai Images\OS New folder (6) Images\6033 Daman 250.BMP,6033 Daman 250.BMP
6034,KP 250,KP,Jeetubhai Images\OS New folder (6) Images\6034 KP 250.BMP,6034 KP 250.BMP
6035,KP 250,KP,Jeetubhai Images\OS New folder (6) Images\6035 KP 250.BMP,6035 KP 250.BMP
6036,BORDER 250,BORDER,Jeetubhai Images\OS New folder (6) Images\6036 BORDER 250.BMP,6036 BORDER 250.BMP
6036,Nake 400,Nake,Jeetubhai Images\OS New folder (6) Images\6036 Nake 400.BMP,6036 Nake 400.BMP
6037,KP 250,KP,Jeetubhai Images\OS New folder (6) Images\6037 KP 250.JPG,6037 KP 250.JPG
6038,KP 250,KP,Jeetubhai Images\OS New folder (6) Images\6038 KP 250.JPG,6038 KP 250.JPG
6039,KP 250,KP,Jeetubhai Images\OS New folder (6) Images\6039 KP 250.JPG,6039 KP 250.JPG
6040,KP 250,KP,Jeetubhai Images\OS New folder (6) Images\6040 KP 250.JPG,6040 KP 250.JPG
6041,KP 250,KP,Jeetubhai Images\OS New folder (6) Images\6041 KP 250.JPG,6041 KP 250.JPG
6042,KP 250,KP,Jeetubhai Images\OS New folder (6) Images\6042 KP 250.JPG,6042 KP 250.JPG
6043,KP 250,KP,Jeetubhai Images\OS New folder (6) Images\6043 KP 250.JPG,6043 KP 250.JPG
6044,KP 250,KP,Jeetubhai Images\OS New folder (6) Images\6044 KP 250.JPG,6044 KP 250.JPG
6045,KP 250,KP,Jeetubhai Images\OS New folder (6) Images\6045 KP 250.JPG,6045 KP 250.JPG
6046,DAMAN 3,DAMAN 3,Jeetubhai Images\OS New folder (6) Images\6046 DAMAN 3.JPG,6046 DAMAN 3.JPG
6046,Nake,Nake,Jeetubhai Images\OS New folder (6) Images\6046 Nake.JPG,6046 Nake.JPG
6047,Daman 250,Daman,Jeetubhai Images\OS New folder (6) Images\6047 Daman 250.JPG,6047 Daman 250.JPG
6047,Nake 400,Nake,Jeetubhai Images\OS New folder (6) Images\6047 Nake 400.JPG,6047 Nake 400.JPG
6048,Nake,Nake,Jeetubhai Images\OS New folder (6) Images\6048 Nake.JPG,6048 Nake.JPG
6048,daman A1,daman A1,Jeetubhai Images\OS New folder (6) Images\6048 daman A1.JPG,6048 daman A1.JPG
6049,ASTEEEN,ASTEEEN,Jeetubhai Images\OS New folder (6) Images\6049 ASTEEEN.JPG,6049 ASTEEEN.JPG
6049,Body 400 SM,Body SM,Jeetubhai Images\OS New folder (6) Images\6049 Body 400 SM.JPG,6049 Body 400 SM.JPG
6049,Body 400,Body,Jeetubhai Images\OS New folder (6) Images\6049 Body 400.JPG,6049 Body 400.JPG
6049,Daman 250,Daman,Jeetubhai Images\OS New folder (6) Images\6049 Daman 250.JPG,6049 Daman 250.JPG
6050,BOOTY,BOOTY,Jeetubhai Images\OS New folder (6) Images\6050 BOOTY.JPG,6050 BOOTY.JPG
6050,BORDER,BORDER,Jeetubhai Images\OS New folder (6) Images\6050 BORDER.JPG,6050 BORDER.JPG
6050,Body,Body,Jeetubhai Images\OS New folder (6) Images\6050 Body.JPG,6050 Body.JPG
6050,Daman,Daman,Jeetubhai Images\OS New folder (6) Images\6050 Daman.JPG,6050 Daman.JPG
6051,BOOTY,BOOTY,Jeetubhai Images\OS New folder (6) Images\6051 BOOTY.JPG,6051 BOOTY.JPG
6051,Daman 250 3,Daman 3,Jeetubhai Images\OS New folder (6) Images\6051 Daman 250 3.JPG,6051 Daman 250 3.JPG
6051,Nake 200,Nake,Jeetubhai Images\OS New folder (6) Images\6051 Nake 200.JPG,6051 Nake 200.JPG
6052,KP 250,KP,Jeetubhai Images\OS New folder (6) Images\6052 KP 250.JPG,6052 KP 250.JPG
6053,Neck,Neck,Jeetubhai Images\OS New folder (6) Images\6053 Neck.JPG,6053 Neck.JPG
6054,Daman 250,Daman,Jeetubhai Images\OS New folder (6) Images\6054 Daman 250.JPG,6054 Daman 250.JPG
6054,Nake 200,Nake,Jeetubhai Images\OS New folder (6) Images\6054 Nake 200.JPG,6054 Nake 200.JPG
6055,Body 400,Body,Jeetubhai Images\OS New folder (6) Images\6055 Body 400.JPG,6055 Body 400.JPG
6055,Daman1 250 2,Daman1 2,Jeetubhai Images\OS New folder (6) Images\6055 Daman1 250 2.JPG,6055 Daman1 250 2.JPG
6056,Neck 400,Neck,Jeetubhai Images\OS New folder (6) Images\6056 Neck 400.JPG,6056 Neck 400.JPG
6057,Neck 400,Neck,Jeetubhai Images\OS New folder (6) Images\6057 Neck 400.JPG,6057 Neck 400.JPG
6058,Neck 400,Neck,Jeetubhai Images\OS New folder (6) Images\6058 Neck 400.JPG,6058 Neck 400.JPG
6059,Neck 400,Neck,Jeetubhai Images\OS New folder (6) Images\6059 Neck 400.JPG,6059 Neck 400.JPG
6060,Neck 400,Neck,Jeetubhai Images\OS New folder (6) Images\6060 Neck 400.JPG,6060 Neck 400.JPG
6061,KP 400,KP,Jeetubhai Images\OS New folder (6) Images\6061 KP 400.JPG,6061 KP 400.JPG
6062,BOOTY,BOOTY,Jeetubhai Images\OS New folder (6) Images\6062 BOOTY.JPG,6062 BOOTY.JPG
6062,Daman 2 250,Daman 2,Jeetubhai Images\OS New folder (6) Images\6062 Daman 2 250.JPG,6062 Daman 2 250.JPG
6062,Neck 400,Neck,Jeetubhai Images\OS New folder (6) Images\6062 Neck 400.JPG,6062 Neck 400.JPG
6062,border,border,Jeetubhai Images\OS New folder (6) Images\6062 border.JPG,6062 border.JPG
6063,BOOTY,BOOTY,Jeetubhai Images\OS New folder (6) Images\6063 BOOTY.JPG,6063 BOOTY.JPG
6063,BORDER,BORDER,Jeetubhai Images\OS New folder (6) Images\6063 BORDER.JPG,6063 BORDER.JPG
6063,Daman 250 2,Daman 2,Jeetubhai Images\OS New folder (6) Images\6063 Daman 250 2.JPG,6063 Daman 250 2.JPG
6063,KP 250,KP,Jeetubhai Images\OS New folder (6) Images\6063 KP 250.JPG,6063 KP 250.JPG
6063,Neck 400,Neck,Jeetubhai Images\OS New folder (6) Images\6063 Neck 400.JPG,6063 Neck 400.JPG
6064,Body 400,Body,Jeetubhai Images\OS New folder (6) Images\6064 Body 400.JPG,6064 Body 400.JPG
6064,Daman 250,Daman,Jeetubhai Images\OS New folder (6) Images\6064 Daman 250.JPG,6064 Daman 250.JPG
6065,Neck 400,Neck,Jeetubhai Images\OS New folder (6) Images\6065 Neck 400.BMP,6065 Neck 400.BMP
6065,Neck 400,Neck,Jeetubhai Images\OS New folder (6) Images\6065 Neck 400.JPG,6065 Neck 400.JPG
6066,BORDER,BORDER,Jeetubhai Images\OS New folder (6) Images\6066 BORDER.JPG,6066 BORDER.JPG
6066,Neck KP,Neck KP,Jeetubhai Images\OS New folder (6) Images\6066 Neck KP.BMP,6066 Neck KP.BMP
6066,Neck KP,Neck KP,Jeetubhai Images\OS New folder (6) Images\6066 Neck KP.JPG,6066 Neck KP.JPG
6067,BOOTY,BOOTY,Jeetubhai Images\OS New folder (6) Images\6067 BOOTY.JPG,6067 BOOTY.JPG
6067,Body P1 400,Body P1,Jeetubhai Images\OS New folder (6) Images\6067 Body P1 400.JPG,6067 Body P1 400.JPG
6067,Daman 3,Daman 3,Jeetubhai Images\OS New folder (6) Images\6067 Daman 3.JPG,6067 Daman 3.JPG
6068,BOOTY,BOOTY,Jeetubhai Images\OS New folder (6) Images\6068 BOOTY.JPG,6068 BOOTY.JPG
6068,BORDER,BORDER,Jeetubhai Images\OS New folder (6) Images\6068 BORDER.BMP,6068 BORDER.BMP
6068,BORDER,BORDER,Jeetubhai Images\OS New folder (6) Images\6068 BORDER.JPG,6068 BORDER.JPG
6068,Body P1 400,Body P1,Jeetubhai Images\OS New folder (6) Images\6068 Body P1 400.BMP,6068 Body P1 400.BMP
6068,Body P1 400,Body P1,Jeetubhai Images\OS New folder (6) Images\6068 Body P1 400.JPG,6068 Body P1 400.JPG
6068,Daman 2,Daman 2,Jeetubhai Images\OS New folder (6) Images\6068 Daman 2.JPG,6068 Daman 2.JPG
6069,BOOTY,BOOTY,Jeetubhai Images\OS New folder (6) Images\6069 BOOTY.JPG,6069 BOOTY.JPG
6069,Daman 3,Daman 3,Jeetubhai Images\OS New folder (6) Images\6069 Daman 3.JPG,6069 Daman 3.JPG
6069,Neck 200,Neck,Jeetubhai Images\OS New folder (6) Images\6069 Neck 200.BMP,6069 Neck 200.BMP
6069,Neck 200,Neck,Jeetubhai Images\OS New folder (6) Images\6069 Neck 200.JPG,6069 Neck 200.JPG
6070,BOOTY,BOOTY,Jeetubhai Images\OS New folder (6) Images\6070 BOOTY.JPG,6070 BOOTY.JPG
6070,Body 400,Body,Jeetubhai Images\OS New folder (6) Images\6070 Body 400.JPG,6070 Body 400.JPG
6070,Daman 3,Daman 3,Jeetubhai Images\OS New folder (6) Images\6070 Daman 3.JPG,6070 Daman 3.JPG
6071,Body 400,Body,Jeetubhai Images\OS New folder (6) Images\6071 Body 400.BMP,6071 Body 400.BMP
6071,Body 400,Body,Jeetubhai Images\OS New folder (6) Images\6071 Body 400.JPG,6071 Body 400.JPG
6071,Daman 200,Daman,Jeetubhai Images\OS New folder (6) Images\6071 Daman 200.JPG,6071 Daman 200.JPG
6072,Neck 400,Neck,Jeetubhai Images\OS New folder (6) Images\6072 Neck 400.BMP,6072 Neck 400.BMP
6072,Neck 400,Neck,Jeetubhai Images\OS New folder (6) Images\6072 Neck 400.JPG,6072 Neck 400.JPG
6073,Neck 400,Neck,Jeetubhai Images\OS New folder (6) Images\6073 Neck 400.JPG,6073 Neck 400.JPG
6074,Neck 400,Neck,Jeetubhai Images\OS New folder (6) Images\6074 Neck 400.JPG,6074 Neck 400.JPG
6075,KP,KP,Jeetubhai Images\OS New folder (6) Images\6075 KP.JPG,6075 KP.JPG
6077,KP 200,KP,Jeetubhai Images\OS New folder (6) Images\6077 KP 200.JPG,6077 KP 200.JPG
6078,KP 250,KP,Jeetubhai Images\OS New folder (6) Images\6078 KP 250.JPG,6078 KP 250.JPG
6079,KP 250,KP,Jeetubhai Images\OS New folder (6) Images\6079 KP 250.JPG,6079 KP 250.JPG
6080,KP 250,KP,Jeetubhai Images\OS New folder (6) Images\6080 KP 250.JPG,6080 KP 250.JPG
6081,Neck 400,Neck,Jeetubhai Images\OS New folder (6) Images\6081 Neck 400.JPG,6081 Neck 400.JPG
6082,Neck 250,Neck,Jeetubhai Images\OS New folder (6) Images\6082 Neck 250.JPG,6082 Neck 250.JPG
6083,KP 200,KP,Jeetubhai Images\OS New folder (6) Images\6083 KP 200.JPG,6083 KP 200.JPG
6084,KP 250,KP,Jeetubhai Images\OS New folder (6) Images\6084 KP 250.JPG,6084 KP 250.JPG
6085,KP 200,KP,Jeetubhai Images\OS New folder (6) Images\6085 KP 200.JPG,6085 KP 200.JPG
6086,Border,Border,Jeetubhai Images\OS New folder (6) Images\6086 Border.JPG,6086 Border.JPG
6086,Butti,Butti,Jeetubhai Images\OS New folder (6) Images\6086 Butti.JPG,6086 Butti.JPG
6086,Daman 2,Daman 2,Jeetubhai Images\OS New folder (6) Images\6086 Daman 2.JPG,6086 Daman 2.JPG
6086,Neck 250,Neck,Jeetubhai Images\OS New folder (6) Images\6086 Neck 250.BMP,6086 Neck 250.BMP
6086,Neck 250,Neck,Jeetubhai Images\OS New folder (6) Images\6086 Neck 250.JPG,6086 Neck 250.JPG
6087,Border,Border,Jeetubhai Images\OS New folder (6) Images\6087 Border.JPG,6087 Border.JPG
6087,Butti,Butti,Jeetubhai Images\OS New folder (6) Images\6087 Butti.JPG,6087 Butti.JPG
6087,Daman 2,Daman 2,Jeetubhai Images\OS New folder (6) Images\6087 Daman 2.BMP,6087 Daman 2.BMP
6087,Daman 2,Daman 2,Jeetubhai Images\OS New folder (6) Images\6087 Daman 2.JPG,6087 Daman 2.JPG
6087,Neck 250,Neck,Jeetubhai Images\OS New folder (6) Images\6087 Neck 250.JPG,6087 Neck 250.JPG
6088,KP 200,KP,Jeetubhai Images\OS New folder (6) Images\6088 KP 200.JPG,6088 KP 200.JPG
6089,KP 250,KP,Jeetubhai Images\OS New folder (6) Images\6089 KP 250.JPG,6089 KP 250.JPG
6090,KP 200,KP,Jeetubhai Images\OS New folder (6) Images\6090 KP 200.JPG,6090 KP 200.JPG
6091,KP 250,KP,Jeetubhai Images\OS New folder (6) Images\6091 KP 250.JPG,6091 KP 250.JPG
6092,KP 200,KP,Jeetubhai Images\OS New folder (6) Images\6092 KP 200.JPG,6092 KP 200.JPG
6093,KP 250,KP,Jeetubhai Images\OS New folder (6) Images\6093 KP 250.JPG,6093 KP 250.JPG
6094,Neck 400,Neck,Jeetubhai Images\OS New folder (6) Images\6094 Neck 400.JPG,6094 Neck 400.JPG
6095,Neck 250,Neck,Jeetubhai Images\OS New folder (6) Images\6095 Neck 250.JPG,6095 Neck 250.JPG
6095,Neck 400,Neck,Jeetubhai Images\OS New folder (6) Images\6095 Neck 400.JPG,6095 Neck 400.JPG
6096,Neck 400,Neck,Jeetubhai Images\OS New folder (6) Images\6096 Neck 400.JPG,6096 Neck 400.JPG
6097,Neck 400,Neck,Jeetubhai Images\OS New folder (6) Images\6097 Neck 400.BMP,6097 Neck 400.BMP
6097,Neck 400,Neck,Jeetubhai Images\OS New folder (6) Images\6097 Neck 400.JPG,6097 Neck 400.JPG
6098,KP 250,KP,Jeetubhai Images\OS New folder (6) Images\6098 KP 250.JPG,6098 KP 250.JPG
6099,KP 250,KP,Jeetubhai Images\OS New folder (6) Images\6099 KP 250.JPG,6099 KP 250.JPG
6100,KP 250,KP,Jeetubhai Images\OS New folder (6) Images\6100 KP 250.JPG,6100 KP 250.JPG
7001,KP 250,KP,Jeetubhai Images\OS New folder (7) Images\7001 KP 250.JPG,7001 KP 250.JPG
7002,KP 250,KP,Jeetubhai Images\OS New folder (7) Images\7002 KP 250.JPG,7002 KP 250.JPG
7003,Border 250,Border,Jeetubhai Images\OS New folder (7) Images\7003 Border 250.JPG,7003 Border 250.JPG
7003,Buti 250,Buti,Jeetubhai Images\OS New folder (7) Images\7003 Buti 250.JPG,7003 Buti 250.JPG
7003,Daman 250 2,Daman 2,Jeetubhai Images\OS New folder (7) Images\7003 Daman 250 2.JPG,7003 Daman 250 2.JPG
7003,KP Nake 250,KP Nake,Jeetubhai Images\OS New folder (7) Images\7003 KP Nake 250.JPG,7003 KP Nake 250.JPG
7004,Nake 400,Nake,Jeetubhai Images\OS New folder (7) Images\7004 Nake 400.JPG,7004 Nake 400.JPG
7005,Nake 400,Nake,Jeetubhai Images\OS New folder (7) Images\7005 Nake 400.JPG,7005 Nake 400.JPG
7006,KP 200,KP,Jeetubhai Images\OS New folder (7) Images\7006 KP 200.JPG,7006 KP 200.JPG
7008,KP 200,KP,Jeetubhai Images\OS New folder (7) Images\7008 KP 200.JPG,7008 KP 200.JPG
7009,KP 200,KP,Jeetubhai Images\OS New folder (7) Images\7009 KP 200.JPG,7009 KP 200.JPG
7010,Nake 400,Nake,Jeetubhai Images\OS New folder (7) Images\7010 Nake 400.JPG,7010 Nake 400.JPG
7011,Nake 400,Nake,Jeetubhai Images\OS New folder (7) Images\7011 Nake 400.JPG,7011 Nake 400.JPG
7012,Nake 400,Nake,Jeetubhai Images\OS New folder (7) Images\7012 Nake 400.JPG,7012 Nake 400.JPG
7013,KP 200,KP,Jeetubhai Images\OS New folder (7) Images\7013 KP 200.JPG,7013 KP 200.JPG
7014,KP 200,KP,Jeetubhai Images\OS New folder (7) Images\7014 KP 200.JPG,7014 KP 200.JPG
7015,Border 250,Border,Jeetubhai Images\OS New folder (7) Images\7015 Border 250.JPG,7015 Border 250.JPG
7015,Nake KP 250,Nake KP,Jeetubhai Images\OS New folder (7) Images\7015 Nake KP 250.JPG,7015 Nake KP 250.JPG
7016,Nake 250,Nake,Jeetubhai Images\OS New folder (7) Images\7016 Nake 250.JPG,7016 Nake 250.JPG
7017,Nake 400,Nake,Jeetubhai Images\OS New folder (7) Images\7017 Nake 400.JPG,7017 Nake 400.JPG
7018,Body P1 400,Body P1,Jeetubhai Images\OS New folder (7) Images\7018 Body P1 400.BMP,7018 Body P1 400.BMP
7018,Border 200,Border,Jeetubhai Images\OS New folder (7) Images\7018 Border 200.JPG,7018 Border 200.JPG
7018,Border Big 200,Border Big,Jeetubhai Images\OS New folder (7) Images\7018 Border Big 200.JPG,7018 Border Big 200.JPG
7019,Nake 400,Nake,Jeetubhai Images\OS New folder (7) Images\7019 Nake 400.JPG,7019 Nake 400.JPG
7020,Nake 400,Nake,Jeetubhai Images\OS New folder (7) Images\7020 Nake 400.JPG,7020 Nake 400.JPG
7021,Body P1 400,Body P1,Jeetubhai Images\OS New folder (7) Images\7021 Body P1 400.JPG,7021 Body P1 400.JPG
7021,Border 200,Border,Jeetubhai Images\OS New folder (7) Images\7021 Border 200.JPG,7021 Border 200.JPG
7021,Border Big 200,Border Big,Jeetubhai Images\OS New folder (7) Images\7021 Border Big 200.BMP,7021 Border Big 200.BMP
7021,Border Big 200,Border Big,Jeetubhai Images\OS New folder (7) Images\7021 Border Big 200.JPG,7021 Border Big 200.JPG
7022,KP 200,KP,Jeetubhai Images\OS New folder (7) Images\7022 KP 200.JPG,7022 KP 200.JPG
7023,Body P1 400,Body P1,Jeetubhai Images\OS New folder (7) Images\7023 Body P1 400.JPG,7023 Body P1 400.JPG
7023,Border 200,Border,Jeetubhai Images\OS New folder (7) Images\7023 Border 200.JPG,7023 Border 200.JPG
7023,Daman B,Daman B,Jeetubhai Images\OS New folder (7) Images\7023 Daman B.JPG,7023 Daman B.JPG
7024,Astin 200,Astin,Jeetubhai Images\OS New folder (7) Images\7024 Astin 200.JPG,7024 Astin 200.JPG
7024,Daman B,Daman B,Jeetubhai Images\OS New folder (7) Images\7024 Daman B.JPG,7024 Daman B.JPG
7024,Nake 200,Nake,Jeetubhai Images\OS New folder (7) Images\7024 Nake 200.JPG,7024 Nake 200.JPG
7025,Nake 400,Nake,Jeetubhai Images\OS New folder (7) Images\7025 Nake 400.JPG,7025 Nake 400.JPG
7026,Nake 250,Nake,Jeetubhai Images\OS New folder (7) Images\7026 Nake 250.JPG,7026 Nake 250.JPG
7027,KP 200,KP,Jeetubhai Images\OS New folder (7) Images\7027 KP 200.JPG,7027 KP 200.JPG
7028,Nake 400,Nake,Jeetubhai Images\OS New folder (7) Images\7028 Nake 400.JPG,7028 Nake 400.JPG
7029,Body  400,Body,Jeetubhai Images\OS New folder (7) Images\7029 Body  400.BMP,7029 Body  400.BMP
7029,Body  400,Body,Jeetubhai Images\OS New folder (7) Images\7029 Body  400.JPG,7029 Body  400.JPG
7029,Border 200,Border,Jeetubhai Images\OS New folder (7) Images\7029 Border 200.JPG,7029 Border 200.JPG
7029,Daman,Daman,Jeetubhai Images\OS New folder (7) Images\7029 Daman.JPG,7029 Daman.JPG
7030,Body P1 400,Body P1,Jeetubhai Images\OS New folder (7) Images\7030 Body P1 400.JPG,7030 Body P1 400.JPG
7030,Daman 250,Daman,Jeetubhai Images\OS New folder (7) Images\7030 Daman 250.JPG,7030 Daman 250.JPG
7031,Body  400,Body,Jeetubhai Images\OS New folder (7) Images\7031 Body  400.JPG,7031 Body  400.JPG
7031,Daman 250,Daman,Jeetubhai Images\OS New folder (7) Images\7031 Daman 250.JPG,7031 Daman 250.JPG
7032,KP 250,KP,Jeetubhai Images\OS New folder (7) Images\7032 KP 250.JPG,7032 KP 250.JPG
7033,KP 200,KP,Jeetubhai Images\OS New folder (7) Images\7033 KP 200.JPG,7033 KP 200.JPG
7034,KP 200,KP,Jeetubhai Images\OS New folder (7) Images\7034 KP 200.JPG,7034 KP 200.JPG
7035,Nake 400 small,Nake small,Jeetubhai Images\OS New folder (7) Images\7035 Nake 400 small.JPG,7035 Nake 400 small.JPG
7036,Border 250,Border,Jeetubhai Images\OS New folder (7) Images\7036 Border 250.JPG,7036 Border 250.JPG
7036,Daman 250,Daman,Jeetubhai Images\OS New folder (7) Images\7036 Daman 250.JPG,7036 Daman 250.JPG
7036,Nake 200,Nake,Jeetubhai Images\OS New folder (7) Images\7036 Nake 200.JPG,7036 Nake 200.JPG
7037,KP 200,KP,Jeetubhai Images\OS New folder (7) Images\7037 KP 200.JPG,7037 KP 200.JPG
7038,Body P1 400,Body P1,Jeetubhai Images\OS New folder (7) Images\7038 Body P1 400.JPG,7038 Body P1 400.JPG
7038,Daman 250 2,Daman 2,Jeetubhai Images\OS New folder (7) Images\7038 Daman 250 2.JPG,7038 Daman 250 2.JPG
7039,KP 200,KP,Jeetubhai Images\OS New folder (7) Images\7039 KP 200.JPG,7039 KP 200.JPG
7040,KP 200,KP,Jeetubhai Images\OS New folder (7) Images\7040 KP 200.JPG,7040 KP 200.JPG
7041,Body P1 400,Body P1,Jeetubhai Images\OS New folder (7) Images\7041 Body P1 400.BMP,7041 Body P1 400.BMP
7041,Border,Border,Jeetubhai Images\OS New folder (7) Images\7041 Border.BMP,7041 Border.BMP
7041,Border,Border,Jeetubhai Images\OS New folder (7) Images\7041 Border.JPG,7041 Border.JPG
7041,Daman 2,Daman 2,Jeetubhai Images\OS New folder (7) Images\7041 Daman 2.JPG,7041 Daman 2.JPG
7042,KP 200,KP,Jeetubhai Images\OS New folder (7) Images\7042 KP 200.JPG,7042 KP 200.JPG
7043,KP 200,KP,Jeetubhai Images\OS New folder (7) Images\7043 KP 200.JPG,7043 KP 200.JPG
7044,Nake KP 250,Nake KP,Jeetubhai Images\OS New folder (7) Images\7044 Nake KP 250.JPG,7044 Nake KP 250.JPG
7045,KP 200,KP,Jeetubhai Images\OS New folder (7) Images\7045 KP 200.JPG,7045 KP 200.JPG
7046,Nake KP 250,Nake KP,Jeetubhai Images\OS New folder (7) Images\7046 Nake KP 250.BMP,7046 Nake KP 250.BMP
7046,Nake KP 250,Nake KP,Jeetubhai Images\OS New folder (7) Images\7046 Nake KP 250.JPG,7046 Nake KP 250.JPG
7047,KP 250,KP,Jeetubhai Images\OS New folder (7) Images\7047 KP 250.JPG,7047 KP 250.JPG
7048,Body  400 New,Body New,Jeetubhai Images\OS New folder (7) Images\7048 Body  400 New.JPG,7048 Body  400 New.JPG
7048,Daman +Border,Daman +Border,Jeetubhai Images\OS New folder (7) Images\7048 Daman +Border.JPG,7048 Daman +Border.JPG
7049,Body  400 P1,Body P1,Jeetubhai Images\OS New folder (7) Images\7049 Body  400 P1.JPG,7049 Body  400 P1.JPG
7049,Border 250,Border,Jeetubhai Images\OS New folder (7) Images\7049 Border 250.JPG,7049 Border 250.JPG
7049,Daman 250,Daman,Jeetubhai Images\OS New folder (7) Images\7049 Daman 250.JPG,7049 Daman 250.JPG
7050,KP 250,KP,Jeetubhai Images\OS New folder (7) Images\7050 KP 250.JPG,7050 KP 250.JPG
7051,KP 250,KP,Jeetubhai Images\OS New folder (7) Images\7051 KP 250.JPG,7051 KP 250.JPG
7052,KP 250,KP,Jeetubhai Images\OS New folder (7) Images\7052 KP 250.JPG,7052 KP 250.JPG
7053,KP 200,KP,Jeetubhai Images\OS New folder (7) Images\7053 KP 200.JPG,7053 KP 200.JPG
7054,Nake 250,Nake,Jeetubhai Images\OS New folder (7) Images\7054 Nake 250.JPG,7054 Nake 250.JPG
7055,Nake 400,Nake,Jeetubhai Images\OS New folder (7) Images\7055 Nake 400.BMP,7055 Nake 400.BMP
7055,Nake 400,Nake,Jeetubhai Images\OS New folder (7) Images\7055 Nake 400.JPG,7055 Nake 400.JPG
7056,Nake 400,Nake,Jeetubhai Images\OS New folder (7) Images\7056 Nake 400.JPG,7056 Nake 400.JPG
7057,KP 200,KP,Jeetubhai Images\OS New folder (7) Images\7057 KP 200.JPG,7057 KP 200.JPG
7058,KP 200,KP,Jeetubhai Images\OS New folder (7) Images\7058 KP 200.JPG,7058 KP 200.JPG
7059,KP 200,KP,Jeetubhai Images\OS New folder (7) Images\7059 KP 200.JPG,7059 KP 200.JPG
7059,KP 250,KP,Jeetubhai Images\OS New folder (7) Images\7059 KP 250.JPG,7059 KP 250.JPG
7060,KP 200,KP,Jeetubhai Images\OS New folder (7) Images\7060 KP 200.BMP,7060 KP 200.BMP
7060,KP 200,KP,Jeetubhai Images\OS New folder (7) Images\7060 KP 200.JPG,7060 KP 200.JPG
7061,KP 200,KP,Jeetubhai Images\OS New folder (7) Images\7061 KP 200.JPG,7061 KP 200.JPG
7062,Nake 400,Nake,Jeetubhai Images\OS New folder (7) Images\7062 Nake 400.JPG,7062 Nake 400.JPG
7063,Nake 250,Nake,Jeetubhai Images\OS New folder (7) Images\7063 Nake 250.BMP,7063 Nake 250.BMP
7063,Nake 250,Nake,Jeetubhai Images\OS New folder (7) Images\7063 Nake 250.JPG,7063 Nake 250.JPG
7064,KP 200,KP,Jeetubhai Images\OS New folder (7) Images\7064 KP 200.JPG,7064 KP 200.JPG
7065,KP 200,KP,Jeetubhai Images\OS New folder (7) Images\7065 KP 200.JPG,7065 KP 200.JPG
7066,KP 200,KP,Jeetubhai Images\OS New folder (7) Images\7066 KP 200.JPG,7066 KP 200.JPG
7067,Nake 400,Nake,Jeetubhai Images\OS New folder (7) Images\7067 Nake 400.BMP,7067 Nake 400.BMP
7067,Nake 400,Nake,Jeetubhai Images\OS New folder (7) Images\7067 Nake 400.JPG,7067 Nake 400.JPG
7068,Nake 400,Nake,Jeetubhai Images\OS New folder (7) Images\7068 Nake 400.JPG,7068 Nake 400.JPG
7069,KP 250,KP,Jeetubhai Images\OS New folder (7) Images\7069 KP 250.JPG,7069 KP 250.JPG
7070,KP 250,KP,Jeetubhai Images\OS New folder (7) Images\7070 KP 250.JPG,7070 KP 250.JPG
7071,KP 250,KP,Jeetubhai Images\OS New folder (7) Images\7071 KP 250.JPG,7071 KP 250.JPG
7072,KP 250,KP,Jeetubhai Images\OS New folder (7) Images\7072 KP 250.JPG,7072 KP 250.JPG
7073,KP 250,KP,Jeetubhai Images\OS New folder (7) Images\7073 KP 250.JPG,7073 KP 250.JPG
7074,KP 250,KP,Jeetubhai Images\OS New folder (7) Images\7074 KP 250.JPG,7074 KP 250.JPG
7075,KP 250,KP,Jeetubhai Images\OS New folder (7) Images\7075 KP 250.JPG,7075 KP 250.JPG
7076,KP 250,KP,Jeetubhai Images\OS New folder (7) Images\7076 KP 250.JPG,7076 KP 250.JPG
7077,KP 400,KP,Jeetubhai Images\OS New folder (7) Images\7077 KP 400.JPG,7077 KP 400.JPG
7078,KP 400,KP,Jeetubhai Images\OS New folder (7) Images\7078 KP 400.JPG,7078 KP 400.JPG
7079,KP 250,KP,Jeetubhai Images\OS New folder (7) Images\7079 KP 250.JPG,7079 KP 250.JPG
7080,KP 250,KP,Jeetubhai Images\OS New folder (7) Images\7080 KP 250.JPG,7080 KP 250.JPG
7081,KP 400,KP,Jeetubhai Images\OS New folder (7) Images\7081 KP 400.JPG,7081 KP 400.JPG
7082,KP 250,KP,Jeetubhai Images\OS New folder (7) Images\7082 KP 250.JPG,7082 KP 250.JPG
7083,Border 200,Border,Jeetubhai Images\OS New folder (7) Images\7083 Border 200.JPG,7083 Border 200.JPG
7083,Nake 400,Nake,Jeetubhai Images\OS New folder (7) Images\7083 Nake 400.JPG,7083 Nake 400.JPG
7084,Border 200,Border,Jeetubhai Images\OS New folder (7) Images\7084 Border 200.JPG,7084 Border 200.JPG
7084,Nake 400 2,Nake 2,Jeetubhai Images\OS New folder (7) Images\7084 Nake 400 2.JPG,7084 Nake 400 2.JPG
7084,Nake 400,Nake,Jeetubhai Images\OS New folder (7) Images\7084 Nake 400.JPG,7084 Nake 400.JPG
7085,Nake 250,Nake,Jeetubhai Images\OS New folder (7) Images\7085 Nake 250.JPG,7085 Nake 250.JPG
7086,Nake 400,Nake,Jeetubhai Images\OS New folder (7) Images\7086 Nake 400.JPG,7086 Nake 400.JPG
7087,Nake 400,Nake,Jeetubhai Images\OS New folder (7) Images\7087 Nake 400.JPG,7087 Nake 400.JPG
7088,Nake 400,Nake,Jeetubhai Images\OS New folder (7) Images\7088 Nake 400.JPG,7088 Nake 400.JPG
7089,Nake 250,Nake,Jeetubhai Images\OS New folder (7) Images\7089 Nake 250.JPG,7089 Nake 250.JPG
7090,KP 200,KP,Jeetubhai Images\OS New folder (7) Images\7090 KP 200.JPG,7090 KP 200.JPG
7090,KP 400,KP,Jeetubhai Images\OS New folder (7) Images\7090 KP 400.BMP,7090 KP 400.BMP
7091,Nake 250,Nake,Jeetubhai Images\OS New folder (7) Images\7091 Nake 250.JPG,7091 Nake 250.JPG
7092,KP 200,KP,Jeetubhai Images\OS New folder (7) Images\7092 KP 200.JPG,7092 KP 200.JPG
7093,Nake 400,Nake,Jeetubhai Images\OS New folder (7) Images\7093 Nake 400.JPG,7093 Nake 400.JPG
7094,Border 250,Border,Jeetubhai Images\OS New folder (7) Images\7094 Border 250.JPG,7094 Border 250.JPG
7094,Daman 250,Daman,Jeetubhai Images\OS New folder (7) Images\7094 Daman 250.JPG,7094 Daman 250.JPG
7094,Nake 250,Nake,Jeetubhai Images\OS New folder (7) Images\7094 Nake 250.JPG,7094 Nake 250.JPG
7095,Nake 400,Nake,Jeetubhai Images\OS New folder (7) Images\7095 Nake 400.JPG,7095 Nake 400.JPG
7096,Nake 400,Nake,Jeetubhai Images\OS New folder (7) Images\7096 Nake 400.JPG,7096 Nake 400.JPG
7096,Nake P2 400 small,Nake P2 small,Jeetubhai Images\OS New folder (7) Images\7096 Nake P2 400 small.JPG,7096 Nake P2 400 small.JPG
7097,Nake P2 250  small,Nake P2 small,Jeetubhai Images\OS New folder (7) Images\7097 Nake P2 250  small.JPG,7097 Nake P2 250  small.JPG
7098,Nake 400,Nake,Jeetubhai Images\OS New folder (7) Images\7098 Nake 400.JPG,7098 Nake 400.JPG
7099,Daman 250,Daman,Jeetubhai Images\OS New folder (7) Images\7099 Daman 250.JPG,7099 Daman 250.JPG
7099,Nake 400,Nake,Jeetubhai Images\OS New folder (7) Images\7099 Nake 400.JPG,7099 Nake 400.JPG
8000,Body P2 500,Body P2,Jeetubhai Images\OS New folder (7) Images\8000 Body P2 500.JPG,8000 Body P2 500.JPG
8000,Neck Patti 250,Neck Patti,Jeetubhai Images\OS New folder (7) Images\8000 Neck Patti 250.JPG,8000 Neck Patti 250.JPG
8000,border 250,border,Jeetubhai Images\OS New folder (7) Images\8000 border 250.JPG,8000 border 250.JPG
8001,Sholder,Sholder,Jeetubhai Images\OS New folder (8) Images\8001 Sholder.JPG,8001 Sholder.JPG
8001,Top P1,Top P1,Jeetubhai Images\OS New folder (8) Images\8001 Top P1.JPG,8001 Top P1.JPG
8001,border 250,border,Jeetubhai Images\OS New folder (8) Images\8001 border 250.BMP,8001 border 250.BMP
8002,GALA 200,GALA,Jeetubhai Images\OS New folder (8) Images\8002 GALA 200.JPG,8002 GALA 200.JPG
8002,border 200,border,Jeetubhai Images\OS New folder (8) Images\8002 border 200.JPG,8002 border 200.JPG
8003,GALA,GALA,Jeetubhai Images\OS New folder (8) Images\8003 GALA.JPG,8003 GALA.JPG
8003,border 200,border,Jeetubhai Images\OS New folder (8) Images\8003 border 200.JPG,8003 border 200.JPG
8004,GALA 200,GALA,Jeetubhai Images\OS New folder (8) Images\8004 GALA 200.JPG,8004 GALA 200.JPG
8004,border 200,border,Jeetubhai Images\OS New folder (8) Images\8004 border 200.JPG,8004 border 200.JPG
8005,Body 450,Body,Jeetubhai Images\OS New folder (8) Images\8005 Body 450.JPG,8005 Body 450.JPG
8005,border 200,border,Jeetubhai Images\OS New folder (8) Images\8005 border 200.JPG,8005 border 200.JPG
8006,BORDER 200,BORDER,Jeetubhai Images\OS New folder (8) Images\8006 BORDER 200.JPG,8006 BORDER 200.JPG
8006,Body 450,Body,Jeetubhai Images\OS New folder (8) Images\8006 Body 450.JPG,8006 Body 450.JPG
8006,Body P 1 450,Body P 1,Jeetubhai Images\OS New folder (8) Images\8006 Body P 1 450.BMP,8006 Body P 1 450.BMP
8007,KP 400,KP,Jeetubhai Images\OS New folder (8) Images\8007 KP 400.JPG,8007 KP 400.JPG
8008,KP 400,KP,Jeetubhai Images\OS New folder (8) Images\8008 KP 400.JPG,8008 KP 400.JPG
8009,KP,KP,Jeetubhai Images\OS New folder (8) Images\8009 KP.JPG,8009 KP.JPG
8010,Nake 250,Nake,Jeetubhai Images\OS New folder (8) Images\8010 Nake 250.JPG,8010 Nake 250.JPG
8011,Nake 250,Nake,Jeetubhai Images\OS New folder (8) Images\8011 Nake 250.BMP,8011 Nake 250.BMP
8011,Nake 250,Nake,Jeetubhai Images\OS New folder (8) Images\8011 Nake 250.JPG,8011 Nake 250.JPG
8012,Nake 250,Nake,Jeetubhai Images\OS New folder (8) Images\8012 Nake 250.JPG,8012 Nake 250.JPG
8013,Nake 250,Nake,Jeetubhai Images\OS New folder (8) Images\8013 Nake 250.JPG,8013 Nake 250.JPG
8014,Nake 250,Nake,Jeetubhai Images\OS New folder (8) Images\8014 Nake 250.BMP,8014 Nake 250.BMP
8014,Nake 250,Nake,Jeetubhai Images\OS New folder (8) Images\8014 Nake 250.JPG,8014 Nake 250.JPG
8015,Nake 250,Nake,Jeetubhai Images\OS New folder (8) Images\8015 Nake 250.JPG,8015 Nake 250.JPG
8016,BORDER 250,BORDER,Jeetubhai Images\OS New folder (8) Images\8016 BORDER 250.JPG,8016 BORDER 250.JPG
8016,Nake P1 450,Nake P1,Jeetubhai Images\OS New folder (8) Images\8016 Nake P1 450.JPG,8016 Nake P1 450.JPG
8017,BORDER 200,BORDER,Jeetubhai Images\OS New folder (8) Images\8017 BORDER 200.JPG,8017 BORDER 200.JPG
8017,Big BORDER 200,Big BORDER,Jeetubhai Images\OS New folder (8) Images\8017 Big BORDER 200.JPG,8017 Big BORDER 200.JPG
8017,Body P1 450,Body P1,Jeetubhai Images\OS New folder (8) Images\8017 Body P1 450.JPG,8017 Body P1 450.JPG
8018,BORDER 250,BORDER,Jeetubhai Images\OS New folder (8) Images\8018 BORDER 250.JPG,8018 BORDER 250.JPG
8018,Big BORDER 250,Big BORDER,Jeetubhai Images\OS New folder (8) Images\8018 Big BORDER 250.JPG,8018 Big BORDER 250.JPG
8018,TOP P1 400,TOP P1,Jeetubhai Images\OS New folder (8) Images\8018 TOP P1 400.JPG,8018 TOP P1 400.JPG
8018,Top P1 Midi,Top P1 Midi,Jeetubhai Images\OS New folder (8) Images\8018 Top P1 Midi.JPG,8018 Top P1 Midi.JPG
8019,BORDER 250,BORDER,Jeetubhai Images\OS New folder (8) Images\8019 BORDER 250.JPG,8019 BORDER 250.JPG
8019,TOP P1 400,TOP P1,Jeetubhai Images\OS New folder (8) Images\8019 TOP P1 400.JPG,8019 TOP P1 400.JPG
8020,BORDER 250,BORDER,Jeetubhai Images\OS New folder (8) Images\8020 BORDER 250.JPG,8020 BORDER 250.JPG
8020,TOP 400,TOP,Jeetubhai Images\OS New folder (8) Images\8020 TOP 400.JPG,8020 TOP 400.JPG
8021,BORDER 200,BORDER,Jeetubhai Images\OS New folder (8) Images\8021 BORDER 200.JPG,8021 BORDER 200.JPG
8021,Body P1 450,Body P1,Jeetubhai Images\OS New folder (8) Images\8021 Body P1 450.JPG,8021 Body P1 450.JPG
8021,Nake  400,Nake,Jeetubhai Images\OS New folder (8) Images\8021 Nake  400.JPG,8021 Nake  400.JPG
8022,Nake  400,Nake,Jeetubhai Images\OS New folder (8) Images\8022 Nake  400.JPG,8022 Nake  400.JPG
8023,Nake 250,Nake,Jeetubhai Images\OS New folder (8) Images\8023 Nake 250.JPG,8023 Nake 250.JPG
8024,KP 250,KP,Jeetubhai Images\OS New folder (8) Images\8024 KP 250.JPG,8024 KP 250.JPG
8025,Nake 250,Nake,Jeetubhai Images\OS New folder (8) Images\8025 Nake 250.JPG,8025 Nake 250.JPG
8026,Neck 250,Neck,Jeetubhai Images\OS New folder (8) Images\8026 Neck 250.JPG,8026 Neck 250.JPG
8027,Neck 250,Neck,Jeetubhai Images\OS New folder (8) Images\8027 Neck 250.JPG,8027 Neck 250.JPG
8028,Neck 3 250,Neck 3,Jeetubhai Images\OS New folder (8) Images\8028 Neck 3 250.JPG,8028 Neck 3 250.JPG
8029,Neck 250 3,Neck 3,Jeetubhai Images\OS New folder (8) Images\8029 Neck 250 3.JPG,8029 Neck 250 3.JPG
8030,KP 200,KP,Jeetubhai Images\OS New folder (8) Images\8030 KP 200.JPG,8030 KP 200.JPG
8031,Neck 250,Neck,Jeetubhai Images\OS New folder (8) Images\8031 Neck 250.JPG,8031 Neck 250.JPG
8032,Neck 250,Neck,Jeetubhai Images\OS New folder (8) Images\8032 Neck 250.JPG,8032 Neck 250.JPG
8033,Neck 250,Neck,Jeetubhai Images\OS New folder (8) Images\8033 Neck 250.JPG,8033 Neck 250.JPG
8034,Neck 250,Neck,Jeetubhai Images\OS New folder (8) Images\8034 Neck 250.JPG,8034 Neck 250.JPG
8035,KP 200,KP,Jeetubhai Images\OS New folder (8) Images\8035 KP 200.JPG,8035 KP 200.JPG
8036,Neck 250,Neck,Jeetubhai Images\OS New folder (8) Images\8036 Neck 250.BMP,8036 Neck 250.BMP
8036,Neck 250,Neck,Jeetubhai Images\OS New folder (8) Images\8036 Neck 250.JPG,8036 Neck 250.JPG
8037,Neck 250,Neck,Jeetubhai Images\OS New folder (8) Images\8037 Neck 250.BMP,8037 Neck 250.BMP
8037,Neck 250,Neck,Jeetubhai Images\OS New folder (8) Images\8037 Neck 250.JPG,8037 Neck 250.JPG
8038,Neck 250,Neck,Jeetubhai Images\OS New folder (8) Images\8038 Neck 250.BMP,8038 Neck 250.BMP
8039,Neck 250,Neck,Jeetubhai Images\OS New folder (8) Images\8039 Neck 250.BMP,8039 Neck 250.BMP
8040,KP 200,KP,Jeetubhai Images\OS New folder (8) Images\8040 KP 200.BMP,8040 KP 200.BMP
8040,KP 250,KP,Jeetubhai Images\OS New folder (8) Images\8040 KP 250.BMP,8040 KP 250.BMP
8041,KP 250,KP,Jeetubhai Images\OS New folder (8) Images\8041 KP 250.BMP,8041 KP 250.BMP
8042,Neck 400,Neck,Jeetubhai Images\OS New folder (8) Images\8042 Neck 400.BMP,8042 Neck 400.BMP
8043,Neck 400,Neck,Jeetubhai Images\OS New folder (8) Images\8043 Neck 400.BMP,8043 Neck 400.BMP
8044,Neck 250,Neck,Jeetubhai Images\OS New folder (8) Images\8044 Neck 250.BMP,8044 Neck 250.BMP
8045,KP 250,KP,Jeetubhai Images\OS New folder (8) Images\8045 KP 250.BMP,8045 KP 250.BMP
8046,Neck 400,Neck,Jeetubhai Images\OS New folder (8) Images\8046 Neck 400.BMP,8046 Neck 400.BMP
8047,Neck 400,Neck,Jeetubhai Images\OS New folder (8) Images\8047 Neck 400.BMP,8047 Neck 400.BMP
8048,Neck 400,Neck,Jeetubhai Images\OS New folder (8) Images\8048 Neck 400.BMP,8048 Neck 400.BMP
8049,Neck 400,Neck,Jeetubhai Images\OS New folder (8) Images\8049 Neck 400.BMP,8049 Neck 400.BMP
8050,Neck 250,Neck,Jeetubhai Images\OS New folder (8) Images\8050 Neck 250.BMP,8050 Neck 250.BMP
8051,KP 200,KP,Jeetubhai Images\OS New folder (8) Images\8051 KP 200.BMP,8051 KP 200.BMP
8051,KP 400,KP,Jeetubhai Images\OS New folder (8) Images\8051 KP 400.BMP,8051 KP 400.BMP
8052,Neck 400,Neck,Jeetubhai Images\OS New folder (8) Images\8052 Neck 400.BMP,8052 Neck 400.BMP
8053,Neck 400,Neck,Jeetubhai Images\OS New folder (8) Images\8053 Neck 400.BMP,8053 Neck 400.BMP
8054,Neck 250,Neck,Jeetubhai Images\OS New folder (8) Images\8054 Neck 250.BMP,8054 Neck 250.BMP
8054,Neck 400,Neck,Jeetubhai Images\OS New folder (8) Images\8054 Neck 400.BMP,8054 Neck 400.BMP
8055,Border 200,Border,Jeetubhai Images\OS New folder (8) Images\8055 Border 200.BMP,8055 Border 200.BMP
8055,Neck+Border,Neck+Border,Jeetubhai Images\OS New folder (8) Images\8055 Neck+Border.BMP,8055 Neck+Border.BMP
8055,Neck,Neck,Jeetubhai Images\OS New folder (8) Images\8055 Neck.BMP,8055 Neck.BMP
8056,Neck,Neck,Jeetubhai Images\OS New folder (8) Images\8056 Neck.BMP,8056 Neck.BMP
8057,KP 200,KP,Jeetubhai Images\OS New folder (8) Images\8057 KP 200.BMP,8057 KP 200.BMP
8058,KP 200,KP,Jeetubhai Images\OS New folder (8) Images\8058 KP 200.BMP,8058 KP 200.BMP
8059,Border 200,Border,Jeetubhai Images\OS New folder (8) Images\8059 Border 200.BMP,8059 Border 200.BMP
8059,Neck+Border,Neck+Border,Jeetubhai Images\OS New folder (8) Images\8059 Neck+Border.BMP,8059 Neck+Border.BMP
8059,Neck,Neck,Jeetubhai Images\OS New folder (8) Images\8059 Neck.BMP,8059 Neck.BMP
8060,Boder 200,Boder,Jeetubhai Images\OS New folder (8) Images\8060 Boder 200.BMP,8060 Boder 200.BMP
8060,Neck+Border,Neck+Border,Jeetubhai Images\OS New folder (8) Images\8060 Neck+Border.BMP,8060 Neck+Border.BMP
8060,Neck,Neck,Jeetubhai Images\OS New folder (8) Images\8060 Neck.BMP,8060 Neck.BMP
8061,Neck 250,Neck,Jeetubhai Images\OS New folder (8) Images\8061 Neck 250.BMP,8061 Neck 250.BMP
8062,KP 250,KP,Jeetubhai Images\OS New folder (8) Images\8062 KP 250.BMP,8062 KP 250.BMP
8063,KP 400,KP,Jeetubhai Images\OS New folder (8) Images\8063 KP 400.BMP,8063 KP 400.BMP
8064,KP 400,KP,Jeetubhai Images\OS New folder (8) Images\8064 KP 400.BMP,8064 KP 400.BMP
8065,Neck 250,Neck,Jeetubhai Images\OS New folder (8) Images\8065 Neck 250.BMP,8065 Neck 250.BMP
8066,Neck 250,Neck,Jeetubhai Images\OS New folder (8) Images\8066 Neck 250.BMP,8066 Neck 250.BMP
8066,Neck,Neck,Jeetubhai Images\OS New folder (8) Images\8066 Neck.BMP,8066 Neck.BMP
8067,Neck,Neck,Jeetubhai Images\OS New folder (8) Images\8067 Neck.BMP,8067 Neck.BMP
8068,KP,KP,Jeetubhai Images\OS New folder (8) Images\8068 KP.BMP,8068 KP.BMP
8069,Border 250,Border,Jeetubhai Images\OS New folder (8) Images\8069 Border 250.BMP,8069 Border 250.BMP
8069,Neck 250,Neck,Jeetubhai Images\OS New folder (8) Images\8069 Neck 250.BMP,8069 Neck 250.BMP
8069,Neck,Neck,Jeetubhai Images\OS New folder (8) Images\8069 Neck.BMP,8069 Neck.BMP
8070,Border 250,Border,Jeetubhai Images\OS New folder (8) Images\8070 Border 250.BMP,8070 Border 250.BMP
8070,Neck,Neck,Jeetubhai Images\OS New folder (8) Images\8070 Neck.BMP,8070 Neck.BMP
8071,Border 250,Border,Jeetubhai Images\OS New folder (8) Images\8071 Border 250.BMP,8071 Border 250.BMP
8071,Neck,Neck,Jeetubhai Images\OS New folder (8) Images\8071 Neck.BMP,8071 Neck.BMP
8072,KP 400,KP,Jeetubhai Images\OS New folder (8) Images\8072 KP 400.BMP,8072 KP 400.BMP
8073,KP 400,KP,Jeetubhai Images\OS New folder (8) Images\8073 KP 400.BMP,8073 KP 400.BMP
8074,KP 400,KP,Jeetubhai Images\OS New folder (8) Images\8074 KP 400.BMP,8074 KP 400.BMP
8075,KP 400,KP,Jeetubhai Images\OS New folder (8) Images\8075 KP 400.BMP,8075 KP 400.BMP
8076,Neck 250,Neck,Jeetubhai Images\OS New folder (8) Images\8076 Neck 250.BMP,8076 Neck 250.BMP
8077,Border,Border,Jeetubhai Images\OS New folder (8) Images\8077 Border.BMP,8077 Border.BMP
8077,Butti,Butti,Jeetubhai Images\OS New folder (8) Images\8077 Butti.BMP,8077 Butti.BMP
8077,Neck,Neck,Jeetubhai Images\OS New folder (8) Images\8077 Neck.BMP,8077 Neck.BMP
8078,KP 400,KP,Jeetubhai Images\OS New folder (8) Images\8078 KP 400.BMP,8078 KP 400.BMP
8079,KP 400,KP,Jeetubhai Images\OS New folder (8) Images\8079 KP 400.BMP,8079 KP 400.BMP
8080,Neck 200,Neck,Jeetubhai Images\OS New folder (8) Images\8080 Neck 200.BMP,8080 Neck 200.BMP
8081,KP 400,KP,Jeetubhai Images\OS New folder (8) Images\8081 KP 400.BMP,8081 KP 400.BMP
8082,Neck 250,Neck,Jeetubhai Images\OS New folder (8) Images\8082 Neck 250.BMP,8082 Neck 250.BMP
8083,Border 200,Border,Jeetubhai Images\OS New folder (8) Images\8083 Border 200.BMP,8083 Border 200.BMP
8083,Neck 200,Neck,Jeetubhai Images\OS New folder (8) Images\8083 Neck 200.BMP,8083 Neck 200.BMP
8084,Border,Border,Jeetubhai Images\OS New folder (8) Images\8084 Border.BMP,8084 Border.BMP
8084,Butti,Butti,Jeetubhai Images\OS New folder (8) Images\8084 Butti.BMP,8084 Butti.BMP
8084,Neck,Neck,Jeetubhai Images\OS New folder (8) Images\8084 Neck.BMP,8084 Neck.BMP
8085,Neck 250,Neck,Jeetubhai Images\OS New folder (8) Images\8085 Neck 250.BMP,8085 Neck 250.BMP
8086,Neck 250,Neck,Jeetubhai Images\OS New folder (8) Images\8086 Neck 250.BMP,8086 Neck 250.BMP
8087,Neck 250,Neck,Jeetubhai Images\OS New folder (8) Images\8087 Neck 250.BMP,8087 Neck 250.BMP
8088,Neck 250,Neck,Jeetubhai Images\OS New folder (8) Images\8088 Neck 250.BMP,8088 Neck 250.BMP
8089,Neck 250,Neck,Jeetubhai Images\OS New folder (8) Images\8089 Neck 250.BMP,8089 Neck 250.BMP
8090,Border,Border,Jeetubhai Images\OS New folder (8) Images\8090 Border.BMP,8090 Border.BMP
8090,Neck,Neck,Jeetubhai Images\OS New folder (8) Images\8090 Neck.JPG,8090 Neck.JPG
8091,Border,Border,Jeetubhai Images\OS New folder (8) Images\8091 Border.BMP,8091 Border.BMP
8091,Neck 250,Neck,Jeetubhai Images\OS New folder (8) Images\8091 Neck 250.BMP,8091 Neck 250.BMP
8092,Border 250,Border,Jeetubhai Images\OS New folder (8) Images\8092 Border 250.BMP,8092 Border 250.BMP
8092,Neck 250,Neck,Jeetubhai Images\OS New folder (8) Images\8092 Neck 250.BMP,8092 Neck 250.BMP
8093,Border,Border,Jeetubhai Images\OS New folder (8) Images\8093 Border.BMP,8093 Border.BMP
8093,Butti 250,Butti,Jeetubhai Images\OS New folder (8) Images\8093 Butti 250.BMP,8093 Butti 250.BMP
8093,Daman,Daman,Jeetubhai Images\OS New folder (8) Images\8093 Daman.BMP,8093 Daman.BMP
8093,Neck 250,Neck,Jeetubhai Images\OS New folder (8) Images\8093 Neck 250.BMP,8093 Neck 250.BMP
8094,Border,Border,Jeetubhai Images\OS New folder (8) Images\8094 Border.BMP,8094 Border.BMP
8094,Neck 250,Neck,Jeetubhai Images\OS New folder (8) Images\8094 Neck 250.BMP,8094 Neck 250.BMP
8095,Border 250,Border,Jeetubhai Images\OS New folder (8) Images\8095 Border 250.BMP,8095 Border 250.BMP
8095,Neck 250,Neck,Jeetubhai Images\OS New folder (8) Images\8095 Neck 250.BMP,8095 Neck 250.BMP
8096,Neck 400,Neck,Jeetubhai Images\OS New folder (8) Images\8096 Neck 400.BMP,8096 Neck 400.BMP
8097,KP 400,KP,Jeetubhai Images\OS New folder (8) Images\8097 KP 400.BMP,8097 KP 400.BMP
8098,Neck 400,Neck,Jeetubhai Images\OS New folder (8) Images\8098 Neck 400.BMP,8098 Neck 400.BMP
8099,Border 250,Border,Jeetubhai Images\OS New folder (8) Images\8099 Border 250.BMP,8099 Border 250.BMP
8099,Neck,Neck,Jeetubhai Images\OS New folder (8) Images\8099 Neck.BMP,8099 Neck.BMP
9000,KP,KP,Jeetubhai Images\OS New folder (8) Images\9000 KP.BMP,9000 KP.BMP
9001,Neck 250,Neck,Jeetubhai Images\OS New folder (9) Images\9001 Neck 250.JPG,9001 Neck 250.JPG
9002,Border 250,Border,Jeetubhai Images\OS New folder (9) Images\9002 Border 250.JPG,9002 Border 250.JPG
9002,Neck 250,Neck,Jeetubhai Images\OS New folder (9) Images\9002 Neck 250.JPG,9002 Neck 250.JPG
9003,KP 250,KP,Jeetubhai Images\OS New folder (9) Images\9003 KP 250.JPG,9003 KP 250.JPG
9004,Neck 400,Neck,Jeetubhai Images\OS New folder (9) Images\9004 Neck 400.JPG,9004 Neck 400.JPG
9005,Border,Border,Jeetubhai Images\OS New folder (9) Images\9005 Border.JPG,9005 Border.JPG
9005,Neck,Neck,Jeetubhai Images\OS New folder (9) Images\9005 Neck.JPG,9005 Neck.JPG
9006,Neck 250,Neck,Jeetubhai Images\OS New folder (9) Images\9006 Neck 250.JPG,9006 Neck 250.JPG
9007,Body 400,Body,Jeetubhai Images\OS New folder (9) Images\9007 Body 400.JPG,9007 Body 400.JPG
9007,Border 250,Border,Jeetubhai Images\OS New folder (9) Images\9007 Border 250.JPG,9007 Border 250.JPG
9007,Pannel 2,Pannel 2,Jeetubhai Images\OS New folder (9) Images\9007 Pannel 2.JPG,9007 Pannel 2.JPG
9008,Border 250,Border,Jeetubhai Images\OS New folder (9) Images\9008 Border 250.JPG,9008 Border 250.JPG
9008,Pannel P1 250,Pannel P1,Jeetubhai Images\OS New folder (9) Images\9008 Pannel P1 250.JPG,9008 Pannel P1 250.JPG
9009,Neck 250,Neck,Jeetubhai Images\OS New folder (9) Images\9009 Neck 250.JPG,9009 Neck 250.JPG
9010,Neck 250,Neck,Jeetubhai Images\OS New folder (9) Images\9010 Neck 250.JPG,9010 Neck 250.JPG
9011,Neck 250,Neck,Jeetubhai Images\OS New folder (9) Images\9011 Neck 250.JPG,9011 Neck 250.JPG
9012,Neck 250,Neck,Jeetubhai Images\OS New folder (9) Images\9012 Neck 250.JPG,9012 Neck 250.JPG
9013,Neck 200,Neck,Jeetubhai Images\OS New folder (9) Images\9013 Neck 200.JPG,9013 Neck 200.JPG
9014,Neck 200,Neck,Jeetubhai Images\OS New folder (9) Images\9014 Neck 200.JPG,9014 Neck 200.JPG
9015,Neck 200,Neck,Jeetubhai Images\OS New folder (9) Images\9015 Neck 200.JPG,9015 Neck 200.JPG
9016,Neck 200,Neck,Jeetubhai Images\OS New folder (9) Images\9016 Neck 200.JPG,9016 Neck 200.JPG
9017,Neck 200,Neck,Jeetubhai Images\OS New folder (9) Images\9017 Neck 200.JPG,9017 Neck 200.JPG
9018,Neck 200,Neck,Jeetubhai Images\OS New folder (9) Images\9018 Neck 200.JPG,9018 Neck 200.JPG
9019,Astin 450,Astin,Jeetubhai Images\OS New folder (9) Images\9019 Astin 450.JPG,9019 Astin 450.JPG
9019,Neck 450,Neck,Jeetubhai Images\OS New folder (9) Images\9019 Neck 450.JPG,9019 Neck 450.JPG
9020,Neck 200,Neck,Jeetubhai Images\OS New folder (9) Images\9020 Neck 200.JPG,9020 Neck 200.JPG
9021,Neck 200,Neck,Jeetubhai Images\OS New folder (9) Images\9021 Neck 200.JPG,9021 Neck 200.JPG
9022,KP 200,KP,Jeetubhai Images\OS New folder (9) Images\9022 KP 200.JPG,9022 KP 200.JPG
9022,KP,KP,Jeetubhai Images\OS New folder (9) Images\9022 KP.JPG,9022 KP.JPG
9023,KP 200,KP,Jeetubhai Images\OS New folder (9) Images\9023 KP 200.JPG,9023 KP 200.JPG
9024,Neck 200,Neck,Jeetubhai Images\OS New folder (9) Images\9024 Neck 200.JPG,9024 Neck 200.JPG
9025,Border 1 200,Border 1,Jeetubhai Images\OS New folder (9) Images\9025 Border 1 200.JPG,9025 Border 1 200.JPG
9025,Border 2 200,Border 2,Jeetubhai Images\OS New folder (9) Images\9025 Border 2 200.JPG,9025 Border 2 200.JPG
9025,Neck 200,Neck,Jeetubhai Images\OS New folder (9) Images\9025 Neck 200.JPG,9025 Neck 200.JPG
9025,Neck 450,Neck,Jeetubhai Images\OS New folder (9) Images\9025 Neck 450.JPG,9025 Neck 450.JPG
9026,KP 200,KP,Jeetubhai Images\OS New folder (9) Images\9026 KP 200.JPG,9026 KP 200.JPG
9027,KP 200,KP,Jeetubhai Images\OS New folder (9) Images\9027 KP 200.JPG,9027 KP 200.JPG
9028,Neck 250,Neck,Jeetubhai Images\OS New folder (9) Images\9028 Neck 250.JPG,9028 Neck 250.JPG
9029,KP 200,KP,Jeetubhai Images\OS New folder (9) Images\9029 KP 200.JPG,9029 KP 200.JPG
9029,KP 250,KP,Jeetubhai Images\OS New folder (9) Images\9029 KP 250.JPG,9029 KP 250.JPG
9030,KP 250,KP,Jeetubhai Images\OS New folder (9) Images\9030 KP 250.JPG,9030 KP 250.JPG
9031,KP 200,KP,Jeetubhai Images\OS New folder (9) Images\9031 KP 200.JPG,9031 KP 200.JPG
9031,KP 250,KP,Jeetubhai Images\OS New folder (9) Images\9031 KP 250.JPG,9031 KP 250.JPG
9032,KP 200,KP,Jeetubhai Images\OS New folder (9) Images\9032 KP 200.JPG,9032 KP 200.JPG
9032,KP 250,KP,Jeetubhai Images\OS New folder (9) Images\9032 KP 250.JPG,9032 KP 250.JPG
9033,KP 200,KP,Jeetubhai Images\OS New folder (9) Images\9033 KP 200.JPG,9033 KP 200.JPG
9033,KP 250,KP,Jeetubhai Images\OS New folder (9) Images\9033 KP 250.JPG,9033 KP 250.JPG
9034,Daman 250,Daman,Jeetubhai Images\OS New folder (9) Images\9034 Daman 250.JPG,9034 Daman 250.JPG
9034,Neck 2 400,Neck 2,Jeetubhai Images\OS New folder (9) Images\9034 Neck 2 400.JPG,9034 Neck 2 400.JPG
9034,Neck 200,Neck,Jeetubhai Images\OS New folder (9) Images\9034 Neck 200.JPG,9034 Neck 200.JPG
9035,KP 200,KP,Jeetubhai Images\OS New folder (9) Images\9035 KP 200.JPG,9035 KP 200.JPG
9036,Neck 250,Neck,Jeetubhai Images\OS New folder (9) Images\9036 Neck 250.JPG,9036 Neck 250.JPG
9037,KP 200,KP,Jeetubhai Images\OS New folder (9) Images\9037 KP 200.JPG,9037 KP 200.JPG
9038,KP 200,KP,Jeetubhai Images\OS New folder (9) Images\9038 KP 200.JPG,9038 KP 200.JPG
9039,KP 200,KP,Jeetubhai Images\OS New folder (9) Images\9039 KP 200.JPG,9039 KP 200.JPG
9040,Neck 250,Neck,Jeetubhai Images\OS New folder (9) Images\9040 Neck 250.JPG,9040 Neck 250.JPG
9041,Neck 250,Neck,Jeetubhai Images\OS New folder (9) Images\9041 Neck 250.JPG,9041 Neck 250.JPG
9042,KP 200,KP,Jeetubhai Images\OS New folder (9) Images\9042 KP 200.JPG,9042 KP 200.JPG
9043,KP 200,KP,Jeetubhai Images\OS New folder (9) Images\9043 KP 200.JPG,9043 KP 200.JPG
9044,KP 200,KP,Jeetubhai Images\OS New folder (9) Images\9044 KP 200.JPG,9044 KP 200.JPG
9045,KP 200,KP,Jeetubhai Images\OS New folder (9) Images\9045 KP 200.JPG,9045 KP 200.JPG
9046,KP 200,KP,Jeetubhai Images\OS New folder (9) Images\9046 KP 200.JPG,9046 KP 200.JPG
9047,KP 200,KP,Jeetubhai Images\OS New folder (9) Images\9047 KP 200.JPG,9047 KP 200.JPG
9048,KP 200,KP,Jeetubhai Images\OS New folder (9) Images\9048 KP 200.JPG,9048 KP 200.JPG
9049,KP 200,KP,Jeetubhai Images\OS New folder (9) Images\9049 KP 200.JPG,9049 KP 200.JPG
9050,KP 200,KP,Jeetubhai Images\OS New folder (9) Images\9050 KP 200.JPG,9050 KP 200.JPG
9051,KP 200,KP,Jeetubhai Images\OS New folder (9) Images\9051 KP 200.JPG,9051 KP 200.JPG
9052,Astin Border 250,Astin Border,Jeetubhai Images\OS New folder (9) Images\9052 Astin Border 250.JPG,9052 Astin Border 250.JPG
9052,Neck 250,Neck,Jeetubhai Images\OS New folder (9) Images\9052 Neck 250.JPG,9052 Neck 250.JPG
9052,Top Border 250,Top Border,Jeetubhai Images\OS New folder (9) Images\9052 Top Border 250.JPG,9052 Top Border 250.JPG
9053,KP 200,KP,Jeetubhai Images\OS New folder (9) Images\9053 KP 200.JPG,9053 KP 200.JPG
9054,KP 200,KP,Jeetubhai Images\OS New folder (9) Images\9054 KP 200.JPG,9054 KP 200.JPG
9055,Neck 250,Neck,Jeetubhai Images\OS New folder (9) Images\9055 Neck 250.JPG,9055 Neck 250.JPG
9056,Neck 250,Neck,Jeetubhai Images\OS New folder (9) Images\9056 Neck 250.JPG,9056 Neck 250.JPG
9057,Neck 250,Neck,Jeetubhai Images\OS New folder (9) Images\9057 Neck 250.JPG,9057 Neck 250.JPG
9058,4 Color CP Border,4 Color CP Border,Jeetubhai Images\OS New folder (9) Images\9058 4 Color CP Border.JPG,9058 4 Color CP Border.JPG
9058,4 Color CP Neck,4 Color CP Neck,Jeetubhai Images\OS New folder (9) Images\9058 4 Color CP Neck.JPG,9058 4 Color CP Neck.JPG
9058,Border CP 250,Border CP,Jeetubhai Images\OS New folder (9) Images\9058 Border CP 250.JPG,9058 Border CP 250.JPG
9058,CP Border 250,CP Border,Jeetubhai Images\OS New folder (9) Images\9058 CP Border 250.JPG,9058 CP Border 250.JPG
9058,Neck CP 250,Neck CP,Jeetubhai Images\OS New folder (9) Images\9058 Neck CP 250.JPG,9058 Neck CP 250.JPG
9059,Border CP 250,Border CP,Jeetubhai Images\OS New folder (9) Images\9059 Border CP 250.JPG,9059 Border CP 250.JPG
9059,Neck CP 250,Neck CP,Jeetubhai Images\OS New folder (9) Images\9059 Neck CP 250.JPG,9059 Neck CP 250.JPG
9060,Border CP 250,Border CP,Jeetubhai Images\OS New folder (9) Images\9060 Border CP 250.JPG,9060 Border CP 250.JPG
9060,Neck CP 250,Neck CP,Jeetubhai Images\OS New folder (9) Images\9060 Neck CP 250.JPG,9060 Neck CP 250.JPG
9061,Neck 250,Neck,Jeetubhai Images\OS New folder (9) Images\9061 Neck 250.JPG,9061 Neck 250.JPG
9062,Neck 400,Neck,Jeetubhai Images\OS New folder (9) Images\9062 Neck 400.JPG,9062 Neck 400.JPG
9062,Neck,Neck,Jeetubhai Images\OS New folder (9) Images\9062 Neck.JPG,9062 Neck.JPG
9063,Neck,Neck,Jeetubhai Images\OS New folder (9) Images\9063 Neck.JPG,9063 Neck.JPG
9064,Neck 400,Neck,Jeetubhai Images\OS New folder (9) Images\9064 Neck 400.JPG,9064 Neck 400.JPG
9065,Border,Border,Jeetubhai Images\OS New folder (9) Images\9065 Border.JPG,9065 Border.JPG
9065,Top 450,Top,Jeetubhai Images\OS New folder (9) Images\9065 Top 450.JPG,9065 Top 450.JPG
9066,Neck 250,Neck,Jeetubhai Images\OS New folder (9) Images\9066 Neck 250.JPG,9066 Neck 250.JPG
9067,Neck 250,Neck,Jeetubhai Images\OS New folder (9) Images\9067 Neck 250.JPG,9067 Neck 250.JPG
9068,Big Border 250,Big Border,Jeetubhai Images\OS New folder (9) Images\9068 Big Border 250.JPG,9068 Big Border 250.JPG
9068,Neck 200,Neck,Jeetubhai Images\OS New folder (9) Images\9068 Neck 200.JPG,9068 Neck 200.JPG
9068,Small Border 250,Small Border,Jeetubhai Images\OS New folder (9) Images\9068 Small Border 250.JPG,9068 Small Border 250.JPG
9069,Buti 250,Buti,Jeetubhai Images\OS New folder (9) Images\9069 Buti 250.JPG,9069 Buti 250.JPG
9069,Koler 400,Koler,Jeetubhai Images\OS New folder (9) Images\9069 Koler 400.JPG,9069 Koler 400.JPG
9069,Neck 250,Neck,Jeetubhai Images\OS New folder (9) Images\9069 Neck 250.JPG,9069 Neck 250.JPG
9070,Border 200,Border,Jeetubhai Images\OS New folder (9) Images\9070 Border 200.JPG,9070 Border 200.JPG
9070,Neck Patti 200,Neck Patti,Jeetubhai Images\OS New folder (9) Images\9070 Neck Patti 200.JPG,9070 Neck Patti 200.JPG
9070,Top P1,Top P1,Jeetubhai Images\OS New folder (9) Images\9070 Top P1.JPG,9070 Top P1.JPG
9070,Top,Top,Jeetubhai Images\OS New folder (9) Images\9070 Top.JPG,9070 Top.JPG
9071,Border 200,Border,Jeetubhai Images\OS New folder (9) Images\9071 Border 200.JPG,9071 Border 200.JPG
9071,Neck Patti 200,Neck Patti,Jeetubhai Images\OS New folder (9) Images\9071 Neck Patti 200.JPG,9071 Neck Patti 200.JPG
9071,Top,Top,Jeetubhai Images\OS New folder (9) Images\9071 Top.JPG,9071 Top.JPG
9072,Big Border 200,Big Border,Jeetubhai Images\OS New folder (9) Images\9072 Big Border 200.JPG,9072 Big Border 200.JPG
9072,Neck 200,Neck,Jeetubhai Images\OS New folder (9) Images\9072 Neck 200.JPG,9072 Neck 200.JPG
9072,Small Border 250,Small Border,Jeetubhai Images\OS New folder (9) Images\9072 Small Border 250.JPG,9072 Small Border 250.JPG
9073,Border 250,Border,Jeetubhai Images\OS New folder (9) Images\9073 Border 250.JPG,9073 Border 250.JPG
9073,Neck 250,Neck,Jeetubhai Images\OS New folder (9) Images\9073 Neck 250.JPG,9073 Neck 250.JPG
9074,Border 250 1000,Border 1000,Jeetubhai Images\OS New folder (9) Images\9074 Border 250 1000.JPG,9074 Border 250 1000.JPG
9074,Neck 250,Neck,Jeetubhai Images\OS New folder (9) Images\9074 Neck 250.JPG,9074 Neck 250.JPG
9075,Border 250,Border,Jeetubhai Images\OS New folder (9) Images\9075 Border 250.JPG,9075 Border 250.JPG
9075,Neck 250,Neck,Jeetubhai Images\OS New folder (9) Images\9075 Neck 250.JPG,9075 Neck 250.JPG
9076,Astin Border 250,Astin Border,Jeetubhai Images\OS New folder (9) Images\9076 Astin Border 250.JPG,9076 Astin Border 250.JPG
9076,Body 400,Body,Jeetubhai Images\OS New folder (9) Images\9076 Body 400.JPG,9076 Body 400.JPG
9076,Daman 2,Daman 2,Jeetubhai Images\OS New folder (9) Images\9076 Daman 2.JPG,9076 Daman 2.JPG
9077,Daman 250,Daman,Jeetubhai Images\OS New folder (9) Images\9077 Daman 250.JPG,9077 Daman 250.JPG
9077,Neck 200,Neck,Jeetubhai Images\OS New folder (9) Images\9077 Neck 200.JPG,9077 Neck 200.JPG
9078,Neck 400,Neck,Jeetubhai Images\OS New folder (9) Images\9078 Neck 400.JPG,9078 Neck 400.JPG
9079,Neck 400,Neck,Jeetubhai Images\OS New folder (9) Images\9079 Neck 400.JPG,9079 Neck 400.JPG
9080,Neck 250,Neck,Jeetubhai Images\OS New folder (9) Images\9080 Neck 250.JPG,9080 Neck 250.JPG
9081,CP Border 250,CP Border,Jeetubhai Images\OS New folder (9) Images\9081 CP Border 250.JPG,9081 CP Border 250.JPG
9081,CP Neck 250,CP Neck,Jeetubhai Images\OS New folder (9) Images\9081 CP Neck 250.JPG,9081 CP Neck 250.JPG
9082,Neck,Neck,Jeetubhai Images\OS New folder (9) Images\9082 Neck.JPG,9082 Neck.JPG
9083,Neck,Neck,Jeetubhai Images\OS New folder (9) Images\9083 Neck.JPG,9083 Neck.JPG
9084,Neck,Neck,Jeetubhai Images\OS New folder (9) Images\9084 Neck.JPG,9084 Neck.JPG
9085,Neck 250,Neck,Jeetubhai Images\OS New folder (9) Images\9085 Neck 250.JPG,9085 Neck 250.JPG
9085,Neck,Neck,Jeetubhai Images\OS New folder (9) Images\9085 Neck.JPG,9085 Neck.JPG
9086,Neck,Neck,Jeetubhai Images\OS New folder (9) Images\9086 Neck.JPG,9086 Neck.JPG
9087,Neck,Neck,Jeetubhai Images\OS New folder (9) Images\9087 Neck.JPG,9087 Neck.JPG
9087,border 250,border,Jeetubhai Images\OS New folder (9) Images\9087 border 250.JPG,9087 border 250.JPG
9088,2 Daman,2 Daman,Jeetubhai Images\OS New folder (9) Images\9088 2 Daman.JPG,9088 2 Daman.JPG
9088,Border 400,Border,Jeetubhai Images\OS New folder (9) Images\9088 Border 400.JPG,9088 Border 400.JPG
9088,Neck 400,Neck,Jeetubhai Images\OS New folder (9) Images\9088 Neck 400.JPG,9088 Neck 400.JPG
9089,Border CP 250 1000,Border CP 1000,Jeetubhai Images\OS New folder (9) Images\9089 Border CP 250 1000.JPG,9089 Border CP 250 1000.JPG
9089,Neck CP 250,Neck CP,Jeetubhai Images\OS New folder (9) Images\9089 Neck CP 250.JPG,9089 Neck CP 250.JPG
9090,Border 250,Border,Jeetubhai Images\OS New folder (9) Images\9090 Border 250.JPG,9090 Border 250.JPG
9090,Top 500,Top,Jeetubhai Images\OS New folder (9) Images\9090 Top 500.JPG,9090 Top 500.JPG
9091,Astin Border 250,Astin Border,Jeetubhai Images\OS New folder (9) Images\9091 Astin Border 250.JPG,9091 Astin Border 250.JPG
9091,Big Border 250,Big Border,Jeetubhai Images\OS New folder (9) Images\9091 Big Border 250.JPG,9091 Big Border 250.JPG
9091,Kali,Kali,Jeetubhai Images\OS New folder (9) Images\9091 Kali.JPG,9091 Kali.JPG
9091,Neck 400,Neck,Jeetubhai Images\OS New folder (9) Images\9091 Neck 400.JPG,9091 Neck 400.JPG
9092,Neck 400,Neck,Jeetubhai Images\OS New folder (9) Images\9092 Neck 400.JPG,9092 Neck 400.JPG
9093,Neck 400,Neck,Jeetubhai Images\OS New folder (9) Images\9093 Neck 400.JPG,9093 Neck 400.JPG
9094,Neck 400,Neck,Jeetubhai Images\OS New folder (9) Images\9094 Neck 400.JPG,9094 Neck 400.JPG
9095,Astin Butta 200,Astin Butta,Jeetubhai Images\OS New folder (9) Images\9095 Astin Butta 200.JPG,9095 Astin Butta 200.JPG
9095,Border 200,Border,Jeetubhai Images\OS New folder (9) Images\9095 Border 200.JPG,9095 Border 200.JPG
9095,Neck 400,Neck,Jeetubhai Images\OS New folder (9) Images\9095 Neck 400.JPG,9095 Neck 400.JPG
9096,Border 200,Border,Jeetubhai Images\OS New folder (9) Images\9096 Border 200.JPG,9096 Border 200.JPG
9096,Border,Border,Jeetubhai Images\OS New folder (9) Images\9096 Border.JPG,9096 Border.JPG
9096,Neck 400,Neck,Jeetubhai Images\OS New folder (9) Images\9096 Neck 400.JPG,9096 Neck 400.JPG
9097,Border 250,Border,Jeetubhai Images\OS New folder (9) Images\9097 Border 250.JPG,9097 Border 250.JPG
9097,Butti,Butti,Jeetubhai Images\OS New folder (9) Images\9097 Butti.JPG,9097 Butti.JPG
9097,Neck,Neck,Jeetubhai Images\OS New folder (9) Images\9097 Neck.JPG,9097 Neck.JPG
9098,Asteen border,Asteen border,Jeetubhai Images\OS New folder (9) Images\9098 Asteen border.JPG,9098 Asteen border.JPG
9098,Butti Border,Butti Border,Jeetubhai Images\OS New folder (9) Images\9098 Butti Border.JPG,9098 Butti Border.JPG
9098,Neck 400,Neck,Jeetubhai Images\OS New folder (9) Images\9098 Neck 400.JPG,9098 Neck 400.JPG
9099,Border,Border,Jeetubhai Images\OS New folder (9) Images\9099 Border.JPG,9099 Border.JPG
9099,Neck 400,Neck,Jeetubhai Images\OS New folder (9) Images\9099 Neck 400.JPG,9099 Neck 400.JPG
9100,Asteen,Asteen,Jeetubhai Images\OS New folder (9) Images\9100 Asteen.JPG,9100 Asteen.JPG
9100,Big border,Big border,Jeetubhai Images\OS New folder (9) Images\9100 Big border.JPG,9100 Big border.JPG
9100,Body,Body,Jeetubhai Images\OS New folder (9) Images\9100 Body.JPG,9100 Body.JPG
9100,Border,Border,Jeetubhai Images\OS New folder (9) Images\9100 Border.JPG,9100 Border.JPG
