recipe_id,source_page,design_no,parts,cloth,n1,n2,n3,n4,n5,tikli,jari_note,image,notes,clarity
R0115,5,9050,kp,,29 Royal,190 Raj,27 Royal,,,,,Jeetubhai Images\OS New folder (9) Images\9050 KP 200.JPG,46 pcs,high
R0116,5,9050,kp,,87 Royal,190 Raj,84 Raj,,,,,Jeetubhai Images\OS New folder (9) Images\9050 KP 200.JPG,49 pcs,high
R0117,5,9050,kp,,144 Royal,190 Raj,704 Royal,,,,,Jeetubhai Images\OS New folder (9) Images\9050 KP 200.JPG,51 pcs,high
R0118,5,9032,kp,,357 Royal,34 Raj,779 Royal,,,,,Jeetubhai Images\OS New folder (9) Images\9032 KP 200.JPG|Jeetubhai Images\OS New folder (9) Images\9032 KP 250.JPG,36 pcs; KP 110 Pcs block,high
R0119,5,9032,kp,,309 Royal,123 Royal,27 Royal,,,,,Jeetubhai Images\OS New folder (9) Images\9032 KP 200.JPG|Jeetubhai Images\OS New folder (9) Images\9032 KP 250.JPG,38 pcs,high
R0120,5,9032,kp,,804 Royal,820 Royal,735 Royal,,,,,Jeetubhai Images\OS New folder (9) Images\9032 KP 200.JPG|Jeetubhai Images\OS New folder (9) Images\9032 KP 250.JPG,36 pcs,high
R0124,5,1192,neck+border,,BCH Jari,1375 Royal,32 N Royal,,,,n1=BCH Jari,Jeetubhai Images\OS New folder (11) Images\1192 Neck 400.JPG,,high
R0125,5,1192,neck+border,,BCH Jari,710 D Royal,709 Raj,,,,n1=BCH Jari,Jeetubhai Images\OS New folder (11) Images\1192 Neck 400.JPG,,high
R0126,5,1192,neck+border,,BCH Jari,34 Royal,34 S Royal,,,,n1=BCH Jari,Jeetubhai Images\OS New folder (11) Images\1192 Neck 400.JPG,,high
R0237,10,5082,kp,,9 Royal,126 Raj,,,,,,Jeetubhai Images\OS New folder (5) Images\5082 Kurta patti 400.BMP,,high
R0238,10,5082,kp,,126 Raj,8 D Royal,,,,,,Jeetubhai Images\OS New folder (5) Images\5082 Kurta patti 400.BMP,,high
R0239,10,5082,kp,,842 Royal,8 D Royal,,,,,,Jeetubhai Images\OS New folder (5) Images\5082 Kurta patti 400.BMP,,high
R0305,12,1189,neck,,763 Royal,709 Raj,311 Jari,710 D Royal,,,n3=311 Jari,Jeetubhai Images\OS New folder (11) Images\1189 Neck 400.JPG,,high
R0306,12,1189,neck,,79 Raj,119 D Royal,311 Jari,90 ND Royal,,,n3=311 Jari,Jeetubhai Images\OS New folder (11) Images\1189 Neck 400.JPG,,high
R0317,13,9075,cp,,319 Royal,110 D Royal,86 Royal,,,,,Jeetubhai Images\OS New folder (9) Images\9075 Border 250.JPG|Jeetubhai Images\OS New folder (9) Images\9075 Neck 250.JPG,,high
R0318,13,1182,neck,,732 Royal,315 Royal,727 Royal,,,,,Jeetubhai Images\OS New folder (11) Images\1182 Neck 250.JPG,,high
R0320,13,1182,neck,,842 Royal,315 Royal,710 Royal,,,,,Jeetubhai Images\OS New folder (11) Images\1182 Neck 250.JPG,,high
R0328,13,1185,neck,,124 Royal,32 S Royal,786 Royal,,,,,Jeetubhai Images\OS New folder (11) Images\1185 Neck 250.JPG,,high
R0333,13,1187,neck,,775 L Royal,32 N Royal,734 Royal,,,,,Jeetubhai Images\OS New folder (11) Images\1187 Neck 250.JPG,,high
R0334,13,1187,neck,,27 Royal,33 N Royal,706 Royal,,,,,Jeetubhai Images\OS New folder (11) Images\1187 Neck 250.JPG,,high
R0335,13,1187,neck,,62 N Royal,32 N Royal,85 Royal,,,,,Jeetubhai Images\OS New folder (11) Images\1187 Neck 250.JPG,,high
R0344,14,6034,kp,,145 T Raj,1375 Royal,372 LL Royal,,,,,Jeetubhai Images\OS New folder (6) Images\6034 KP 250.BMP,,high
R0345,14,6034,kp,,62 N Royal,409 Royal,710 Royal,,,,,Jeetubhai Images\OS New folder (6) Images\6034 KP 250.BMP,,high
R0346,14,6034,kp,,LM Royal,343 Royal,323 Royal,,,,,Jeetubhai Images\OS New folder (6) Images\6034 KP 250.BMP,,high
R0347,14,7037,kp,,235 Royal,727 L Royal,105 L Royal,,,,,Jeetubhai Images\OS New folder (7) Images\7037 KP 200.JPG,,high
R0349,14,7037,kp,,824 Royal,727 L Royal,809 Royal,,,,,Jeetubhai Images\OS New folder (7) Images\7037 KP 200.JPG,,high
R0368,14,9058,cp,,79 Royal,118 LL Royal,728 Royal,,,,,Jeetubhai Images\OS New folder (9) Images\9058 4 Color CP Border.JPG|Jeetubhai Images\OS New folder (9) Images\9058 4 Color CP Neck.JPG|Jeetubhai Images\OS New folder (9) Images\9058 Border CP 250.JPG|Jeetubhai Images\OS New folder (9) Images\9058 CP Border 250.JPG,,high
R0391,15,9022,kp,,46 Royal,94 Royal,797 Royal,,,,,Jeetubhai Images\OS New folder (9) Images\9022 KP 200.JPG|Jeetubhai Images\OS New folder (9) Images\9022 KP.JPG,,high
R0392,15,9022,kp,,45 Royal,710 Royal,711 Royal,,,,,Jeetubhai Images\OS New folder (9) Images\9022 KP 200.JPG|Jeetubhai Images\OS New folder (9) Images\9022 KP.JPG,,high
R0399,15,9026,kp,,123 Royal,777 Royal,810 Raj,,,,,Jeetubhai Images\OS New folder (9) Images\9026 KP 200.JPG,,high
R0400,15,9026,kp,,123 Royal,834 D Raj,75 Royal,,,,,Jeetubhai Images\OS New folder (9) Images\9026 KP 200.JPG,,high
R0401,15,9026,kp,,123 Royal,147 DT Raj,767 Raj,,,,,Jeetubhai Images\OS New folder (9) Images\9026 KP 200.JPG,,high
R0535,20,9058,cp,,823 Royal,710 Royal,333 Royal,847 Royal,,,,Jeetubhai Images\OS New folder (9) Images\9058 4 Color CP Border.JPG|Jeetubhai Images\OS New folder (9) Images\9058 4 Color CP Neck.JPG|Jeetubhai Images\OS New folder (9) Images\9058 Border CP 250.JPG|Jeetubhai Images\OS New folder (9) Images\9058 CP Border 250.JPG,New 4 color design 40x3=120 Pcs,high
R0536,20,9058,cp,,823 Royal,710 Royal,333 Royal,406 Royal,,,,Jeetubhai Images\OS New folder (9) Images\9058 4 Color CP Border.JPG|Jeetubhai Images\OS New folder (9) Images\9058 4 Color CP Neck.JPG|Jeetubhai Images\OS New folder (9) Images\9058 Border CP 250.JPG|Jeetubhai Images\OS New folder (9) Images\9058 CP Border 250.JPG,"ditto n1,n2,n3",high
R0537,20,9058,cp,,823 Royal,80 Royal,333 Royal,776 Raj,,,,Jeetubhai Images\OS New folder (9) Images\9058 4 Color CP Border.JPG|Jeetubhai Images\OS New folder (9) Images\9058 4 Color CP Neck.JPG|Jeetubhai Images\OS New folder (9) Images\9058 Border CP 250.JPG|Jeetubhai Images\OS New folder (9) Images\9058 CP Border 250.JPG,"ditto n1,n3",high
R0538,20,9023,kp,,710 Royal,823 Royal,847 Royal,,,,,Jeetubhai Images\OS New folder (9) Images\9023 KP 200.JPG,shared with 9057+9078; 40x3=120 Pcs,high
R0539,20,9023,kp,,710 Royal,823 Royal,406 Royal,,,,,Jeetubhai Images\OS New folder (9) Images\9023 KP 200.JPG,shared with 9057+9078; ditto n2,high
R0540,20,9023,kp,,80 Royal,823 Royal,776 Royal,,,,,Jeetubhai Images\OS New folder (9) Images\9023 KP 200.JPG,shared with 9057+9078; ditto n2,high
R0541,20,9078,neck,,710 Royal,823 Royal,847 Royal,,,,,Jeetubhai Images\OS New folder (9) Images\9078 Neck 400.JPG,shared with 9057+9078; 40x3=120 Pcs; shared list with 9023+9057; Neck 40x3=120,high
R0542,20,9078,neck,,710 Royal,823 Royal,406 Royal,,,,,Jeetubhai Images\OS New folder (9) Images\9078 Neck 400.JPG,shared with 9057+9078; ditto n2; shared list with 9023+9057; Neck 40x3=120,high
R0543,20,9078,neck,,80 Royal,823 Royal,776 Royal,,,,,Jeetubhai Images\OS New folder (9) Images\9078 Neck 400.JPG,shared with 9057+9078; ditto n2; shared list with 9023+9057; Neck 40x3=120,high
R0544,20,9057,neck,,710 Royal,823 Royal,847 Royal,,,,,Jeetubhai Images\OS New folder (9) Images\9057 Neck 250.JPG,shared with 9057+9078; 40x3=120 Pcs; shared list with 9023+9078; Neck 32+35+35=102,high
R0545,20,9057,neck,,710 Royal,823 Royal,406 Royal,,,,,Jeetubhai Images\OS New folder (9) Images\9057 Neck 250.JPG,shared with 9057+9078; ditto n2; shared list with 9023+9078; Neck 32+35+35=102,high
R0546,20,9057,neck,,80 Royal,823 Royal,776 Royal,,,,,Jeetubhai Images\OS New folder (9) Images\9057 Neck 250.JPG,shared with 9057+9078; ditto n2; shared list with 9023+9078; Neck 32+35+35=102,high
R0579,21,1140,neck,,104 Raj,311 Jari,792 D Raj,2220 Raj,,,n2=311 Jari,Jeetubhai Images\OS New folder (11) Images\1140 Neck 400.JPG,101 Pcs,high
R0580,21,1140,neck,,Silver Jari,311 Jari,711 Royal,722 D Raj,,,n1=Silver Jari; n2=311 Jari,Jeetubhai Images\OS New folder (11) Images\1140 Neck 400.JPG,109 Pcs,high
R0622,23,7090,kp,,778 L Royal,820 Royal,341 R Raj,,,,,Jeetubhai Images\OS New folder (7) Images\7090 KP 200.JPG|Jeetubhai Images\OS New folder (7) Images\7090 KP 400.BMP,50x3=150 Pcs,high
R0623,23,7090,kp,,88 NL Royal,820 Royal,93 N Raj,,,,,Jeetubhai Images\OS New folder (7) Images\7090 KP 200.JPG|Jeetubhai Images\OS New folder (7) Images\7090 KP 400.BMP,,high
R0624,23,7090,kp,,840 L Royal,710 D Raj,841 Royal,,,,,Jeetubhai Images\OS New folder (7) Images\7090 KP 200.JPG|Jeetubhai Images\OS New folder (7) Images\7090 KP 400.BMP,,high
R0634,23,8079,kp,,8 D Royal,102 Raj,,,,,,Jeetubhai Images\OS New folder (8) Images\8079 KP 400.BMP,70x3=210 Pcs; single clear row,high
R0638,23,1132,neck,,307 Royal,820 Royal,767 Royal,,,,,Jeetubhai Images\OS New folder (11) Images\1132 Neck 250.JPG,shared with 6008; 21x3=63 + 40x3=120; 36 KP,high
R0639,23,1132,neck,,828 Royal,820 Royal,722 Royal,,,,,Jeetubhai Images\OS New folder (11) Images\1132 Neck 250.JPG,ditto n2; 52 KP,high
R0640,23,1132,neck,,102 Royal,820 Royal,707 D Royal,,,,,Jeetubhai Images\OS New folder (11) Images\1132 Neck 250.JPG,ditto n2; 49 KP,high
R0641,23,6008,kp,,307 Royal,820 Royal,767 Royal,,,,,Jeetubhai Images\OS New folder (6) Images\6008 KP 250.BMP,shared with 1132; 137 Pcs; 36 KP,high
R0642,23,6008,kp,,828 Royal,820 Royal,722 Royal,,,,,Jeetubhai Images\OS New folder (6) Images\6008 KP 250.BMP,ditto n2; 52 KP,high
R0643,23,6008,kp,,102 Royal,820 Royal,707 D Royal,,,,,Jeetubhai Images\OS New folder (6) Images\6008 KP 250.BMP,ditto n2; 49 KP,high
R0663,24,9073,cp,,790 Royal,727 Royal,47 Royal,,,,,Jeetubhai Images\OS New folder (9) Images\9073 Border 250.JPG|Jeetubhai Images\OS New folder (9) Images\9073 Neck 250.JPG,52x3=156,high
R0664,24,9073,cp,,104 L Royal,123 Royal,105 Raj,,,,,Jeetubhai Images\OS New folder (9) Images\9073 Border 250.JPG|Jeetubhai Images\OS New folder (9) Images\9073 Neck 250.JPG,,high
R0665,24,9073,cp,,721 Raj,803 Royal,222 D Raj,,,,,Jeetubhai Images\OS New folder (9) Images\9073 Border 250.JPG|Jeetubhai Images\OS New folder (9) Images\9073 Neck 250.JPG,,high
R0675,25,9079,neck,,103 Royal,190 Raj,744 Royal,,,,,Jeetubhai Images\OS New folder (9) Images\9079 Neck 400.JPG,shared with 1121; 60x4=240; prefix QS/OS,high
R0676,25,9079,neck,,81 Raj,190 Raj,363R Raj,,,,,Jeetubhai Images\OS New folder (9) Images\9079 Neck 400.JPG,ditto n2,high
R0677,25,9079,neck,,707 Royal,190 Raj,90NL Royal,,,,,Jeetubhai Images\OS New folder (9) Images\9079 Neck 400.JPG,ditto n2,high
R0678,25,9079,neck,,702 Raj,190 Raj,741 Raj,,,,,Jeetubhai Images\OS New folder (9) Images\9079 Neck 400.JPG,ditto n2,high
R0679,25,1121,kp,,103 Royal,190 Raj,744 Royal,,,,,Jeetubhai Images\OS New folder (11) Images\1121 KP 250.JPG,shared with 9079; 60x4=240,high
R0680,25,1121,kp,,81 Raj,190 Raj,363R Raj,,,,,Jeetubhai Images\OS New folder (11) Images\1121 KP 250.JPG,ditto n2,high
R0681,25,1121,kp,,707 Royal,190 Raj,90NL Royal,,,,,Jeetubhai Images\OS New folder (11) Images\1121 KP 250.JPG,ditto n2,high
R0682,25,1121,kp,,702 Raj,190 Raj,741 Raj,,,,,Jeetubhai Images\OS New folder (11) Images\1121 KP 250.JPG,ditto n2,high
R0709,26,1119,cp,,376 Royal,124 Raj,145 DT Raj,,,,,Jeetubhai Images\OS New folder (11) Images\1119 CP Border 250.JPG|Jeetubhai Images\OS New folder (11) Images\1119 CP Neck 250.JPG,40x4=160,high
R0710,26,1119,cp,,711 Royal,124 Raj,834 D Raj,,,,,Jeetubhai Images\OS New folder (11) Images\1119 CP Border 250.JPG|Jeetubhai Images\OS New folder (11) Images\1119 CP Neck 250.JPG,ditto n2,high
R0711,26,1119,cp,,104 Royal,124 Raj,105 N Raj,,,,,Jeetubhai Images\OS New folder (11) Images\1119 CP Border 250.JPG|Jeetubhai Images\OS New folder (11) Images\1119 CP Neck 250.JPG,ditto n2,high
R0712,26,1119,cp,,779 Royal,124 Raj,358 Royal,,,,,Jeetubhai Images\OS New folder (11) Images\1119 CP Border 250.JPG|Jeetubhai Images\OS New folder (11) Images\1119 CP Neck 250.JPG,ditto n2,high
R0713,26,1084,neck,,911 Raj,105 D Raj,871 Raj,,,,,,shared 1084+1106+9054; 40x3=120; 53 Pcs,high
R0714,26,1084,neck,,MD Royal,871 Raj,80 Raj,,,,,,65 Pcs,high
R0715,26,1084,neck,,8 D Raj,MD Royal,Black,,,,,,53 Pcs; n3=Black,high
R0716,26,1106,neck,,911 Raj,105 D Raj,871 Raj,,,,,Jeetubhai Images\OS New folder (11) Images\1106 Neck 250.JPG,shared 1084+1106+9054; 40x3=120; 53 Pcs,high
R0717,26,1106,neck,,MD Royal,871 Raj,80 Raj,,,,,Jeetubhai Images\OS New folder (11) Images\1106 Neck 250.JPG,65 Pcs,high
R0718,26,1106,neck,,8 D Raj,MD Royal,Black,,,,,Jeetubhai Images\OS New folder (11) Images\1106 Neck 250.JPG,53 Pcs; n3=Black,high
R0719,26,9054,kp,,911 Raj,105 D Raj,871 Raj,,,,,Jeetubhai Images\OS New folder (9) Images\9054 KP 200.JPG,shared 1084+1106+9054; 171 Pcs; 53 Pcs,high
R0720,26,9054,kp,,MD Royal,871 Raj,80 Raj,,,,,Jeetubhai Images\OS New folder (9) Images\9054 KP 200.JPG,65 Pcs,high
R0721,26,9054,kp,,8 D Raj,MD Royal,Black,,,,,Jeetubhai Images\OS New folder (9) Images\9054 KP 200.JPG,53 Pcs; n3=Black,high
R0725,26,9085,neck,,342 Royal,335 Royal,722 D Royal,,,,,Jeetubhai Images\OS New folder (9) Images\9085 Neck 250.JPG|Jeetubhai Images\OS New folder (9) Images\9085 Neck.JPG,shared with 8057; 81x3=243,high
R0726,26,9085,neck,,950 Raj,335 Royal,862 Raj,,,,,Jeetubhai Images\OS New folder (9) Images\9085 Neck 250.JPG|Jeetubhai Images\OS New folder (9) Images\9085 Neck.JPG,ditto n2,high
R0728,26,8057,kp,,342 Royal,335 Royal,722 D Royal,,,,,Jeetubhai Images\OS New folder (8) Images\8057 KP 200.BMP,shared with 9085; 80x3=240,high
R0729,26,8057,kp,,950 Raj,335 Royal,862 Raj,,,,,Jeetubhai Images\OS New folder (8) Images\8057 KP 200.BMP,ditto n2,high
R0731,26,8054,neck,,104 Royal,95 Royal,727 Royal,,,,,Jeetubhai Images\OS New folder (8) Images\8054 Neck 250.BMP|Jeetubhai Images\OS New folder (8) Images\8054 Neck 400.BMP,154 Pcs; 52 Pcs,high
R0732,26,8054,neck,,827 Royal,722 Royal,325 Royal,,,,,Jeetubhai Images\OS New folder (8) Images\8054 Neck 250.BMP|Jeetubhai Images\OS New folder (8) Images\8054 Neck 400.BMP,52 Pcs,high
R0733,26,8054,neck,,710 Raj,877 Raj,727 Royal,,,,,Jeetubhai Images\OS New folder (8) Images\8054 Neck 250.BMP|Jeetubhai Images\OS New folder (8) Images\8054 Neck 400.BMP,50 Pcs,high
R0745,27,6008,kp,,315 Royal,719 Royal,125 Royal,,,,,Jeetubhai Images\OS New folder (6) Images\6008 KP 250.BMP,40x3=120,high
R0746,27,6008,kp,,739L Raj,840L Royal,739 Royal,,,,,Jeetubhai Images\OS New folder (6) Images\6008 KP 250.BMP,,high
R0747,27,6008,kp,,338 Royal,104L Royal,168 Royal,,,,,Jeetubhai Images\OS New folder (6) Images\6008 KP 250.BMP,,high
R0748,27,6040,kp,,722 Royal,372 Royal,834D Raj,,,,,Jeetubhai Images\OS New folder (6) Images\6040 KP 250.JPG,40x3=120,high
R0749,27,6040,kp,,719 Royal,190 Raj,90ND Royal,,,,,Jeetubhai Images\OS New folder (6) Images\6040 KP 250.JPG,,high
R0750,27,6040,kp,,339D Raj,190 Raj,941 Raj,,,,,Jeetubhai Images\OS New folder (6) Images\6040 KP 250.JPG,ditto n2,high
R0763,27,1117,cp,,709 Raj,722 Royal,834 Raj,,,,,Jeetubhai Images\OS New folder (11) Images\1117 CP Border 250.JPG|Jeetubhai Images\OS New folder (11) Images\1117 CP Neck.JPG,40x4=160,high
R0764,27,1117,cp,,727 Royal,127 Royal,362 Royal,,,,,Jeetubhai Images\OS New folder (11) Images\1117 CP Border 250.JPG|Jeetubhai Images\OS New folder (11) Images\1117 CP Neck.JPG,,high
R0765,27,1117,cp,,79 Royal,793 Raj,732D Royal,,,,,Jeetubhai Images\OS New folder (11) Images\1117 CP Border 250.JPG|Jeetubhai Images\OS New folder (11) Images\1117 CP Neck.JPG,,high
R0766,27,1117,cp,,710 Royal,793 Raj,74N Royal,,,,,Jeetubhai Images\OS New folder (11) Images\1117 CP Border 250.JPG|Jeetubhai Images\OS New folder (11) Images\1117 CP Neck.JPG,ditto n2,high
R0773,28,1116,neck+border,,73 N Raj,33 S Royal,722 Royal,,,,,Jeetubhai Images\OS New folder (11) Images\1116 Border 250.JPG|Jeetubhai Images\OS New folder (11) Images\1116 Neck 400.JPG,223 Pcs; 72 Pcs,high
R0774,28,1116,neck+border,,735D Royal,717 L Royal,99 Royal,,,,,Jeetubhai Images\OS New folder (11) Images\1116 Border 250.JPG|Jeetubhai Images\OS New folder (11) Images\1116 Neck 400.JPG,76 Pcs,high
R0775,28,1116,neck+border,,26 Royal,727 Royal,15 Royal,,,,,Jeetubhai Images\OS New folder (11) Images\1116 Border 250.JPG|Jeetubhai Images\OS New folder (11) Images\1116 Neck 400.JPG,75 Pcs,high
R0785,28,9074,cp,,147 D T Raj,702 Royal,766 Raj,,,,,Jeetubhai Images\OS New folder (9) Images\9074 Border 250 1000.JPG|Jeetubhai Images\OS New folder (9) Images\9074 Neck 250.JPG,40x4=160; n1 written DTRay→DT Raj,high
R0786,28,9074,cp,,105D Royal,702 Royal,104 Royal,,,,,Jeetubhai Images\OS New folder (9) Images\9074 Border 250 1000.JPG|Jeetubhai Images\OS New folder (9) Images\9074 Neck 250.JPG,ditto n2,high
R0787,28,9074,cp,,840L Royal,702 Royal,722 Royal,,,,,Jeetubhai Images\OS New folder (9) Images\9074 Border 250 1000.JPG|Jeetubhai Images\OS New folder (9) Images\9074 Neck 250.JPG,ditto n2,high
R0788,28,9074,cp,,82 Royal,702 Royal,720 Royal,,,,,Jeetubhai Images\OS New folder (9) Images\9074 Border 250 1000.JPG|Jeetubhai Images\OS New folder (9) Images\9074 Neck 250.JPG,ditto n2,high
R0789,28,5087,kp,,110N Royal,1003 Royal,,,,,,Jeetubhai Images\OS New folder (5) Images\5087 Kurta Patti 400.BMP,70x3=210,high
R0790,28,5087,kp,,740 Royal,823 Royal,,,,,,Jeetubhai Images\OS New folder (5) Images\5087 Kurta Patti 400.BMP,,high
R0791,28,5087,kp,,707 Royal,17N Royal,,,,,,Jeetubhai Images\OS New folder (5) Images\5087 Kurta Patti 400.BMP,,high
R0792,28,9026,kp,,710 Royal,110N Royal,97 Raj,,,,,Jeetubhai Images\OS New folder (9) Images\9026 KP 200.JPG,40x3=120,high
R0793,28,9026,kp,,97 Raj,315D Royal,840 Royal,,,,,Jeetubhai Images\OS New folder (9) Images\9026 KP 200.JPG,,high
R0794,28,9026,kp,,97 Royal,315D Royal,718 Raj,,,,,Jeetubhai Images\OS New folder (9) Images\9026 KP 200.JPG,,high
R0795,29,9034,neck+daman,,361 Royal,724 Royal,127 Raj,,,,,Jeetubhai Images\OS New folder (9) Images\9034 Daman 250.JPG|Jeetubhai Images\OS New folder (9) Images\9034 Neck 2 400.JPG|Jeetubhai Images\OS New folder (9) Images\9034 Neck 200.JPG,Neck1+Neck2+Daman(2.15) 151 Pcs; 53 Pcs,high
R0796,29,9034,neck+daman,,840L Royal,820 Royal,827 Royal,,,,,Jeetubhai Images\OS New folder (9) Images\9034 Daman 250.JPG|Jeetubhai Images\OS New folder (9) Images\9034 Neck 2 400.JPG|Jeetubhai Images\OS New folder (9) Images\9034 Neck 200.JPG,50 Pcs,high
R0797,29,9034,neck+daman,,743 Royal,820 Royal,839 Raj,,,,,Jeetubhai Images\OS New folder (9) Images\9034 Daman 250.JPG|Jeetubhai Images\OS New folder (9) Images\9034 Neck 2 400.JPG|Jeetubhai Images\OS New folder (9) Images\9034 Neck 200.JPG,48 Pcs,high
R0826,30,1114,cp,,342 Royal,33S Royal,722D Royal,,,,,Jeetubhai Images\OS New folder (11) Images\1114 CP Border 250.JPG,52x3=156,high
R0827,30,1114,cp,,94N Raj,33S Royal,104L Royal,,,,,Jeetubhai Images\OS New folder (11) Images\1114 CP Border 250.JPG,,high
R0828,30,1114,cp,,787 Royal,33S Royal,767 Raj,,,,,Jeetubhai Images\OS New folder (11) Images\1114 CP Border 250.JPG,,high
R0832,30,9051,kp,,151 Raj,88 NL Royal,117 Royal,,,,,Jeetubhai Images\OS New folder (9) Images\9051 KP 200.JPG,70x3=210,high
R0833,30,9051,kp,,825 Royal,142 Royal,357 Royal,,,,,Jeetubhai Images\OS New folder (9) Images\9051 KP 200.JPG,,high
R0834,30,9051,kp,,741 Raj,727 L Royal,813D Royal,,,,,Jeetubhai Images\OS New folder (9) Images\9051 KP 200.JPG,,high
R0838,30,7050,kp,,741 Raj,739 Raj,,,,,,Jeetubhai Images\OS New folder (7) Images\7050 KP 250.JPG,50x4=200,high
R0839,30,7050,kp,,145 T Raj,715 Raj,,,,,,Jeetubhai Images\OS New folder (7) Images\7050 KP 250.JPG,,high
R0840,30,7050,kp,,92 ND Royal,706 Royal,,,,,,Jeetubhai Images\OS New folder (7) Images\7050 KP 250.JPG,,high
R0841,30,7050,kp,,168 Royal,702 Royal,,,,,,Jeetubhai Images\OS New folder (7) Images\7050 KP 250.JPG,,high
R0845,30,8051,kp,,847 Royal,315 Royal,850 Royal,,,,,Jeetubhai Images\OS New folder (8) Images\8051 KP 200.BMP|Jeetubhai Images\OS New folder (8) Images\8051 KP 400.BMP,24x4=96,high
R0846,30,8051,kp,,706 Royal,315 Royal,127 DD Raj,,,,,Jeetubhai Images\OS New folder (8) Images\8051 KP 200.BMP|Jeetubhai Images\OS New folder (8) Images\8051 KP 400.BMP,ditto n2,high
R0847,30,8051,kp,,375 Royal,315 Royal,362 Royal,,,,,Jeetubhai Images\OS New folder (8) Images\8051 KP 200.BMP|Jeetubhai Images\OS New folder (8) Images\8051 KP 400.BMP,ditto n2,high
R0848,30,8051,kp,,84 Royal,315 Royal,741D Raj,,,,,Jeetubhai Images\OS New folder (8) Images\8051 KP 200.BMP|Jeetubhai Images\OS New folder (8) Images\8051 KP 400.BMP,ditto n2,high
R0849,30,8058,kp,,104 Royal,95 Royal,727 Royal,,,,,Jeetubhai Images\OS New folder (8) Images\8058 KP 200.BMP,50x3=150,high
R0850,30,8058,kp,,827 Royal,722 Royal,32S Royal,,,,,Jeetubhai Images\OS New folder (8) Images\8058 KP 200.BMP,,high
R0851,30,8058,kp,,710 Raj,877 Raj,727 Royal,,,,,Jeetubhai Images\OS New folder (8) Images\8058 KP 200.BMP,,high
R0856,31,1113,cp,,361 Royal,774 Royal,127 Raj,,,,,Jeetubhai Images\OS New folder (11) Images\1113 CP Border 250.JPG|Jeetubhai Images\OS New folder (9) Images\1113 CP Neck 250.JPG,,high
R0857,31,1113,cp,,743 Royal,820 Royal,839 Raj,,,,,Jeetubhai Images\OS New folder (11) Images\1113 CP Border 250.JPG|Jeetubhai Images\OS New folder (9) Images\1113 CP Neck 250.JPG,,high
R0858,31,1113,cp,,840 L Royal,820 Royal,827 Royal,,,,,Jeetubhai Images\OS New folder (11) Images\1113 CP Border 250.JPG|Jeetubhai Images\OS New folder (9) Images\1113 CP Neck 250.JPG,,high
R0868,31,9023,kp,,820 Royal,728 D Royal,707 Raj,,,,,Jeetubhai Images\OS New folder (9) Images\9023 KP 200.JPG,shared with 9083,high
R0869,31,9023,kp,,83 Royal,751 Royal,74 N SH,,,,,Jeetubhai Images\OS New folder (9) Images\9023 KP 200.JPG,shared with 9083,high
R0870,31,9023,kp,,97 L Royal,235 Royal,LMLL Royal,,,,,Jeetubhai Images\OS New folder (9) Images\9023 KP 200.JPG,shared with 9083,high
R0871,31,9049,kp,,143 Raj,315 Royal,83 U Raj,,,,,Jeetubhai Images\OS New folder (9) Images\9049 KP 200.JPG,31 Pcs,high
R0872,31,9049,kp,,361 Royal,315 Royal,363 Royal,,,,,Jeetubhai Images\OS New folder (9) Images\9049 KP 200.JPG,36 Pcs,high
R0873,31,9049,kp,,778 L Royal,315 Royal,88 Raj,,,,,Jeetubhai Images\OS New folder (9) Images\9049 KP 200.JPG,32 Pcs,high
R0874,31,9049,kp,,97 L Raj,315 Royal,100 Raj,,,,,Jeetubhai Images\OS New folder (9) Images\9049 KP 200.JPG,33 Pcs,high
R0875,31,9053,kp,,363 Raj,735 Raj,740 Raj,,,,,Jeetubhai Images\OS New folder (9) Images\9053 KP 200.JPG,,high
R0876,31,9053,kp,,709 Raj,150 Raj,707 Raj,,,,,Jeetubhai Images\OS New folder (9) Images\9053 KP 200.JPG,,high
R0877,31,9053,kp,,710 D Royal,363 Raj,709 Raj,,,,,Jeetubhai Images\OS New folder (9) Images\9053 KP 200.JPG,,high
R0878,31,9079,neck,,143 Raj,315 Royal,83 U Raj,,,,,Jeetubhai Images\OS New folder (9) Images\9079 Neck 400.JPG,31 Pcs; shared with 9049,high
R0879,31,9079,neck,,361 Royal,315 Royal,363 Royal,,,,,Jeetubhai Images\OS New folder (9) Images\9079 Neck 400.JPG,36 Pcs; shared with 9049,high
R0880,31,9079,neck,,778 L Royal,315 Royal,88 Raj,,,,,Jeetubhai Images\OS New folder (9) Images\9079 Neck 400.JPG,32 Pcs; shared with 9049,high
R0881,31,9079,neck,,97 L Raj,315 Royal,100 Raj,,,,,Jeetubhai Images\OS New folder (9) Images\9079 Neck 400.JPG,33 Pcs; shared with 9049,high
R0882,31,9083,neck,,820 Royal,728 D Royal,707 Raj,,,,,Jeetubhai Images\OS New folder (9) Images\9083 Neck.JPG,,high
R0883,31,9083,neck,,83 Royal,751 Royal,74 N SH,,,,,Jeetubhai Images\OS New folder (9) Images\9083 Neck.JPG,,high
R0884,31,9083,neck,,97 L Royal,235 Royal,LMLL Royal,,,,,Jeetubhai Images\OS New folder (9) Images\9083 Neck.JPG,,high
R0885,31,9084,neck,,375 Royal,315 Royal,362 Royal,,,,,Jeetubhai Images\OS New folder (9) Images\9084 Neck.JPG,,high
R0886,31,9084,neck,,706 Royal,315 Royal,127 DD Raj,,,,,Jeetubhai Images\OS New folder (9) Images\9084 Neck.JPG,,high
R0887,31,9084,neck,,801 Royal,315 Royal,741 D Raj,,,,,Jeetubhai Images\OS New folder (9) Images\9084 Neck.JPG,,high
R0888,31,9084,neck,,847 Royal,315 Royal,250 Royal,,,,,Jeetubhai Images\OS New folder (9) Images\9084 Neck.JPG,,high
R0895,32,1110,cp,,28 Royal,190 Raj,760 Royal,,,,,Jeetubhai Images\OS New folder (11) Images\1110 CP Border 250.JPG,31 Pcs,high
R0896,32,1110,cp,,937 Raj,190 Raj,130 L Royal,,,,jari 18,Jeetubhai Images\OS New folder (11) Images\1110 CP Border 250.JPG,31 Pcs,high
R0897,32,1110,cp,,LM Royal,190 Raj,704 Royal,,,,,Jeetubhai Images\OS New folder (11) Images\1110 CP Border 250.JPG,34 Pcs,high
R0898,32,1111,neck,,375 Royal,190 Raj,715 Royal,,,,,Jeetubhai Images\OS New folder (11) Images\1111 Neck 400.JPG,,high
R0899,32,1111,neck,,711 Royal,190 Raj,827 Royal,,,,,Jeetubhai Images\OS New folder (11) Images\1111 Neck 400.JPG,,high
R0900,32,1111,neck,,LM Royal,190 Raj,704 Royal,,,,,Jeetubhai Images\OS New folder (11) Images\1111 Neck 400.JPG,,high
R0901,32,1112,neck,,75 Royal,190 Raj,365 Royal,,,,,Jeetubhai Images\OS New folder (11) Images\1112 Neck 400.JPG,53 Pcs,high
R0902,32,1112,neck,,775 Royal,190 Raj,766 Royal,,,,,Jeetubhai Images\OS New folder (11) Images\1112 Neck 400.JPG,53 Pcs,high
R0903,32,1112,neck,,793 Raj,190 Raj,342 Royal,,,,,Jeetubhai Images\OS New folder (11) Images\1112 Neck 400.JPG,54 Pcs,high
R0904,32,9050,cp,,375 Royal,190 Raj,715 Royal,,,,,Jeetubhai Images\OS New folder (9) Images\9050 KP 200.JPG,,high
R0905,32,9050,cp,,711 Royal,190 Raj,827 Royal,,,,,Jeetubhai Images\OS New folder (9) Images\9050 KP 200.JPG,,high
R0906,32,9050,cp,,LM Royal,190 Raj,704 Royal,,,,,Jeetubhai Images\OS New folder (9) Images\9050 KP 200.JPG,,high
R0919,32,9086,neck,,375 Royal,190 Raj,715 Royal,,,,,Jeetubhai Images\OS New folder (9) Images\9086 Neck.JPG,,high
R0920,32,9086,neck,,711 Royal,190 Raj,827 Royal,,,,,Jeetubhai Images\OS New folder (9) Images\9086 Neck.JPG,,high
R0921,32,9086,neck,,LM Royal,190 Raj,704 Royal,,,,,Jeetubhai Images\OS New folder (9) Images\9086 Neck.JPG,,high
R0925,33,9058,cp,,111 Royal,99 Raj,187 Raj,,,,,Jeetubhai Images\OS New folder (9) Images\9058 4 Color CP Border.JPG|Jeetubhai Images\OS New folder (9) Images\9058 4 Color CP Neck.JPG|Jeetubhai Images\OS New folder (9) Images\9058 Border CP 250.JPG|Jeetubhai Images\OS New folder (9) Images\9058 CP Border 250.JPG,57 Pcs,high
R0926,33,9058,cp,,127 Raj,324 Royal,364 Raj,,,,,Jeetubhai Images\OS New folder (9) Images\9058 4 Color CP Border.JPG|Jeetubhai Images\OS New folder (9) Images\9058 4 Color CP Neck.JPG|Jeetubhai Images\OS New folder (9) Images\9058 Border CP 250.JPG|Jeetubhai Images\OS New folder (9) Images\9058 CP Border 250.JPG,38 Pcs,high
R0927,33,9058,cp,,710 D Raj,367 Royal,22 Raj,,,,,Jeetubhai Images\OS New folder (9) Images\9058 4 Color CP Border.JPG|Jeetubhai Images\OS New folder (9) Images\9058 4 Color CP Neck.JPG|Jeetubhai Images\OS New folder (9) Images\9058 Border CP 250.JPG|Jeetubhai Images\OS New folder (9) Images\9058 CP Border 250.JPG,57 Pcs,high
R0928,33,9058,cp,,727 Royal,324 Royal,766 Raj,,,,,Jeetubhai Images\OS New folder (9) Images\9058 4 Color CP Border.JPG|Jeetubhai Images\OS New folder (9) Images\9058 4 Color CP Neck.JPG|Jeetubhai Images\OS New folder (9) Images\9058 Border CP 250.JPG|Jeetubhai Images\OS New folder (9) Images\9058 CP Border 250.JPG,31 Pcs,high
R0929,33,9058,cp,,742 Royal,324 Royal,LM U Royal,,,,,Jeetubhai Images\OS New folder (9) Images\9058 4 Color CP Border.JPG|Jeetubhai Images\OS New folder (9) Images\9058 4 Color CP Neck.JPG|Jeetubhai Images\OS New folder (9) Images\9058 Border CP 250.JPG|Jeetubhai Images\OS New folder (9) Images\9058 CP Border 250.JPG,37 Pcs,high
R0930,33,9058,cp,,81 Raj,111 Royal,791 Royal,,,,,Jeetubhai Images\OS New folder (9) Images\9058 4 Color CP Border.JPG|Jeetubhai Images\OS New folder (9) Images\9058 4 Color CP Neck.JPG|Jeetubhai Images\OS New folder (9) Images\9058 Border CP 250.JPG|Jeetubhai Images\OS New folder (9) Images\9058 CP Border 250.JPG,58 Pcs; second block 172 Pcs,high
R0931,33,9058,cp,,840 L Royal,324 Royal,85 Raj,,,,,Jeetubhai Images\OS New folder (9) Images\9058 4 Color CP Border.JPG|Jeetubhai Images\OS New folder (9) Images\9058 4 Color CP Neck.JPG|Jeetubhai Images\OS New folder (9) Images\9058 Border CP 250.JPG|Jeetubhai Images\OS New folder (9) Images\9058 CP Border 250.JPG,46 Pcs,high
R0935,33,9072,neck+big border+small border,,A5026 V Plus,,,,,,,Jeetubhai Images\OS New folder (9) Images\9072 Big Border 200.JPG|Jeetubhai Images\OS New folder (9) Images\9072 Neck 200.JPG|Jeetubhai Images\OS New folder (9) Images\9072 Small Border 250.JPG,BB/SB head notes present,high
R0936,33,9075,cp,,123 Royal,775 L Royal,719 Royal,,,,,Jeetubhai Images\OS New folder (9) Images\9075 Border 250.JPG|Jeetubhai Images\OS New folder (9) Images\9075 Neck 250.JPG,54 Pcs,high
R0937,33,9075,cp,,325 Royal,74 N ST,769 L Royal,,,,,Jeetubhai Images\OS New folder (9) Images\9075 Border 250.JPG|Jeetubhai Images\OS New folder (9) Images\9075 Neck 250.JPG,47 Pcs,high
R0944,33,9087,neck+border,,32 Royal,847 Royal,406 Royal,,,,,Jeetubhai Images\OS New folder (9) Images\9087 Neck.JPG|Jeetubhai Images\OS New folder (9) Images\9087 border 250.JPG,68 Pcs,high
R0945,33,9087,neck+border,,32 Royal,53 Royal,188 Raj,,,,,Jeetubhai Images\OS New folder (9) Images\9087 Neck.JPG|Jeetubhai Images\OS New folder (9) Images\9087 border 250.JPG,68 Pcs,high
R0946,33,9087,neck+border,,32 Royal,121 L Royal,829 L Raj,,,,,Jeetubhai Images\OS New folder (9) Images\9087 Neck.JPG|Jeetubhai Images\OS New folder (9) Images\9087 border 250.JPG,70 Pcs,high
R0947,34,1108,neck+daman+border,,109 Royal,810 L Raj,,,,,,Jeetubhai Images\OS New folder (11) Images\1108 Border 250.JPG|Jeetubhai Images\OS New folder (11) Images\1108 Daman 250.JPG|Jeetubhai Images\OS New folder (11) Images\1108 Neck 400.JPG,,high
R0948,34,1108,neck+daman+border,,109 Royal,74 N Raj,,,,,,Jeetubhai Images\OS New folder (11) Images\1108 Border 250.JPG|Jeetubhai Images\OS New folder (11) Images\1108 Daman 250.JPG|Jeetubhai Images\OS New folder (11) Images\1108 Neck 400.JPG,,high
R0949,34,1108,neck+daman+border,,109 Royal,357 Royal,,,,,,Jeetubhai Images\OS New folder (11) Images\1108 Border 250.JPG|Jeetubhai Images\OS New folder (11) Images\1108 Daman 250.JPG|Jeetubhai Images\OS New folder (11) Images\1108 Neck 400.JPG,5 Box,high
R0950,34,8002,cp,,494 Royal,368 Royal,841 Raj,769 L Royal,,,,Jeetubhai Images\OS New folder (8) Images\8002 GALA 200.JPG|Jeetubhai Images\OS New folder (8) Images\8002 border 200.JPG,,high
R0951,34,8002,cp,,494 Royal,728 Royal,919 L Raj,808 Raj,,,,Jeetubhai Images\OS New folder (8) Images\8002 GALA 200.JPG|Jeetubhai Images\OS New folder (8) Images\8002 border 200.JPG,,high
R0952,34,8002,cp,,494 Royal,710 Raj,87 D Royal,74 N Raj,,,,Jeetubhai Images\OS New folder (8) Images\8002 GALA 200.JPG|Jeetubhai Images\OS New folder (8) Images\8002 border 200.JPG,,high
R0964,34,9071,top+neck+border,,A57 V Plus,,,,,,,Jeetubhai Images\OS New folder (9) Images\9071 Border 200.JPG|Jeetubhai Images\OS New folder (9) Images\9071 Neck Patti 200.JPG,10 Color; 240 Pcs,high
R0975,35,1103,neck,,402 Royal,350 Raj,87 D Royal,,,,,Jeetubhai Images\OS New folder (11) Images\1103 Neck 250.JPG,9 KP; shared with 8051,high
R0976,35,1103,neck,,402 Royal,350 Raj,842 Raj,,,,,Jeetubhai Images\OS New folder (11) Images\1103 Neck 250.JPG,21 KP; shared with 8051,high
R0977,35,1103,neck,,834 DD Raj,350 Raj,17 DD Raj,,,,,Jeetubhai Images\OS New folder (11) Images\1103 Neck 250.JPG,27 KP; shared with 8051,high
R0978,35,1103,neck,,834 DD Raj,350 Raj,105 NL Royal,,,,,Jeetubhai Images\OS New folder (11) Images\1103 Neck 250.JPG,16 KP; shared with 8051,high
R0979,35,1103,neck,,M Royal,350 Raj,89 Raj,,,,,Jeetubhai Images\OS New folder (11) Images\1103 Neck 250.JPG,13 KP; shared with 8051,high
R0980,35,1103,neck,,M Royal,350 Raj,90 ND Raj,,,,,Jeetubhai Images\OS New folder (11) Images\1103 Neck 250.JPG,15 KP; shared with 8051,high
R0987,35,1105,daman+border+neck+butti,,357 Royal,109 Royal,,,,,,Jeetubhai Images\OS New folder (11) Images\1105 Border 250.JPG|Jeetubhai Images\OS New folder (11) Images\1105 Butti 250.JPG|Jeetubhai Images\OS New folder (11) Images\1105 Daman 250.JPG|Jeetubhai Images\OS New folder (11) Images\1105 Neck Patti 250.JPG,,high
R0988,35,1105,daman+border+neck+butti,,74 N Raj,109 Royal,,,,,,Jeetubhai Images\OS New folder (11) Images\1105 Border 250.JPG|Jeetubhai Images\OS New folder (11) Images\1105 Butti 250.JPG|Jeetubhai Images\OS New folder (11) Images\1105 Daman 250.JPG|Jeetubhai Images\OS New folder (11) Images\1105 Neck Patti 250.JPG,,high
R0989,35,1105,daman+border+neck+butti,,810 L Raj,109 Royal,,,,,,Jeetubhai Images\OS New folder (11) Images\1105 Border 250.JPG|Jeetubhai Images\OS New folder (11) Images\1105 Butti 250.JPG|Jeetubhai Images\OS New folder (11) Images\1105 Daman 250.JPG|Jeetubhai Images\OS New folder (11) Images\1105 Neck Patti 250.JPG,,high
R0990,35,1106,neck,,61 N Royal,188 Raj,778 D Royal,,,,,Jeetubhai Images\OS New folder (11) Images\1106 Neck 250.JPG,,high
R0991,35,1106,neck,,68 Royal,188 Raj,45 Royal,,,,,Jeetubhai Images\OS New folder (11) Images\1106 Neck 250.JPG,,high
R0992,35,1106,neck,,778 D Royal,188 Raj,308 Royal,,,,,Jeetubhai Images\OS New folder (11) Images\1106 Neck 250.JPG,,high
R1002,35,8051,kp,,402 Royal,350 Raj,87 D Royal,,,,,Jeetubhai Images\OS New folder (8) Images\8051 KP 200.BMP|Jeetubhai Images\OS New folder (8) Images\8051 KP 400.BMP,9 KP,high
R1003,35,8051,kp,,402 Royal,350 Raj,842 Raj,,,,,Jeetubhai Images\OS New folder (8) Images\8051 KP 200.BMP|Jeetubhai Images\OS New folder (8) Images\8051 KP 400.BMP,21 KP,high
R1004,35,8051,kp,,834 DD Raj,350 Raj,17 DD Raj,,,,,Jeetubhai Images\OS New folder (8) Images\8051 KP 200.BMP|Jeetubhai Images\OS New folder (8) Images\8051 KP 400.BMP,27 KP,high
R1005,35,8051,kp,,834 DD Raj,350 Raj,105 NL Royal,,,,,Jeetubhai Images\OS New folder (8) Images\8051 KP 200.BMP|Jeetubhai Images\OS New folder (8) Images\8051 KP 400.BMP,16 KP,high
R1006,35,8051,kp,,M Royal,350 Raj,89 Raj,,,,,Jeetubhai Images\OS New folder (8) Images\8051 KP 200.BMP|Jeetubhai Images\OS New folder (8) Images\8051 KP 400.BMP,13 KP,high
R1007,35,8051,kp,,M Royal,350 Raj,90 ND Raj,,,,,Jeetubhai Images\OS New folder (8) Images\8051 KP 200.BMP|Jeetubhai Images\OS New folder (8) Images\8051 KP 400.BMP,15 KP,high
R1008,35,8073,kp,,61 N Royal,188 Raj,778 D Royal,,,,,Jeetubhai Images\OS New folder (8) Images\8073 KP 400.BMP,,high
R1009,35,8073,kp,,68 Royal,188 Raj,45 Royal,,,,,Jeetubhai Images\OS New folder (8) Images\8073 KP 400.BMP,,high
R1010,35,8073,kp,,778 D Royal,188 Raj,308 Royal,,,,,Jeetubhai Images\OS New folder (8) Images\8073 KP 400.BMP,,high
R1023,36,7017,neck,,735 Raj,314 Royal,740 Raj,,,,,Jeetubhai Images\OS New folder (7) Images\7017 Nake 400.JPG,,high
R1024,36,7017,neck,,95 D Raj,335 Royal,775 Royal,,,,,Jeetubhai Images\OS New folder (7) Images\7017 Nake 400.JPG,,high
R1037,36,9073,cp,,235 Royal,119 D Royal,722 Royal,,,,,Jeetubhai Images\OS New folder (9) Images\9073 Border 250.JPG|Jeetubhai Images\OS New folder (9) Images\9073 Neck 250.JPG,,high
R1038,36,9073,cp,,722 Royal,778 Royal,836 Royal,,,,,Jeetubhai Images\OS New folder (9) Images\9073 Border 250.JPG|Jeetubhai Images\OS New folder (9) Images\9073 Neck 250.JPG,,high
R1051,37,8095,cp,,124 Royal,775 C Royal,111 Royal,,,,,Jeetubhai Images\OS New folder (8) Images\8095 Border 250.BMP|Jeetubhai Images\OS New folder (8) Images\8095 Neck 250.BMP,65 Pcs,high
R1052,37,8095,cp,,190 Raj,746 Royal,739 Royal,,,,,Jeetubhai Images\OS New folder (8) Images\8095 Border 250.BMP|Jeetubhai Images\OS New folder (8) Images\8095 Neck 250.BMP,62 Pcs,high
R1053,37,8095,cp,,727 L Royal,27 Royal,79 Royal,,,,,Jeetubhai Images\OS New folder (8) Images\8095 Border 250.BMP|Jeetubhai Images\OS New folder (8) Images\8095 Neck 250.BMP,63 Pcs,high
R1057,37,9072,neck+border big+small,,A-5062 V Plus,,,,,,,Jeetubhai Images\OS New folder (9) Images\9072 Big Border 200.JPG|Jeetubhai Images\OS New folder (9) Images\9072 Neck 200.JPG|Jeetubhai Images\OS New folder (9) Images\9072 Small Border 250.JPG,Big Border-5 (15 Head); Small Border-40 (15 Head),high
R1079,38,9012,neck,,402 Royal,372 Royal,87 D Royal,,,,,Jeetubhai Images\OS New folder (9) Images\9012 Neck 250.JPG,,high
R1080,38,9012,neck,,402 Royal,372 Royal,842 Raj,,,,,Jeetubhai Images\OS New folder (9) Images\9012 Neck 250.JPG,,high
R1081,38,9012,neck,,834 DD Raj,372 Royal,17 DD Raj,,,,,Jeetubhai Images\OS New folder (9) Images\9012 Neck 250.JPG,,high
R1082,38,9012,neck,,834 DD Raj,372 Royal,105 NL Royal,,,,Gold 4,Jeetubhai Images\OS New folder (9) Images\9012 Neck 250.JPG,,high
R1088,38,9072,neck+big border+small border,,A-5062,,,,,,,Jeetubhai Images\OS New folder (9) Images\9072 Big Border 200.JPG|Jeetubhai Images\OS New folder (9) Images\9072 Neck 200.JPG|Jeetubhai Images\OS New folder (9) Images\9072 Small Border 250.JPG,24x5=120P,high
R1093,38,9100,body+top+big border+small border,,5628 V Plus,,,,,,,Jeetubhai Images\OS New folder (9) Images\9100 Big border.JPG|Jeetubhai Images\OS New folder (9) Images\9100 Body.JPG|Jeetubhai Images\OS New folder (9) Images\9100 Border.JPG,Top 20 Pcs every colour; Big Border-5 (16 Head) Small-4 (16 Head),high
R1114,39,9098,neck+border+astin border+butti,,A60 V Plus,,,,,,,Jeetubhai Images\OS New folder (9) Images\9098 Butti Border.JPG|Jeetubhai Images\OS New folder (9) Images\9098 Asteen border.JPG|Jeetubhai Images\OS New folder (9) Images\9098 Neck 400.JPG,16x6=96 Pcs,high
R1115,39,9099,neck+border,,A.5021,110 L Royal,,,,,,Jeetubhai Images\OS New folder (9) Images\9099 Border.JPG|Jeetubhai Images\OS New folder (9) Images\9099 Neck 400.JPG,32x4=128 Pcs,high
R1170,41,9072,neck+daman border+astin border,,A-5062,,,,,,,Jeetubhai Images\OS New folder (9) Images\9072 Big Border 200.JPG|Jeetubhai Images\OS New folder (9) Images\9072 Neck 200.JPG|Jeetubhai Images\OS New folder (9) Images\9072 Small Border 250.JPG,52x6=312 Pcs,high
R1186,41,9093,neck,,790 Royal,845 Royal,33 S Royal,725 Raj,,,,Jeetubhai Images\OS New folder (9) Images\9093 Neck 400.JPG,,high
R1187,41,9093,neck,,97 Royal,305 D Royal,33 S Royal,74 N Raj,,,,Jeetubhai Images\OS New folder (9) Images\9093 Neck 400.JPG,,high
R1188,41,9094,neck,,32 S Royal,856 Raj,372 L Royal,776 Raj,,,,Jeetubhai Images\OS New folder (9) Images\9094 Neck 400.JPG,,high
R1189,41,9094,neck,,34 S Royal,707 Royal,728 D Royal,LMLL Royal,,,,Jeetubhai Images\OS New folder (9) Images\9094 Neck 400.JPG,,high
R1190,41,9094,neck,,733 Royal,777 Royal,727 Royal,1004 D Royal,,,,Jeetubhai Images\OS New folder (9) Images\9094 Neck 400.JPG,,high
R1191,41,9094,neck,,74 N Raj,365 Royal,119 D Royal,372 R Raj,,,,Jeetubhai Images\OS New folder (9) Images\9094 Neck 400.JPG,,high
R1210,42,8084,neck+border+butti,,MY4 Nandi,,,,,,,Jeetubhai Images\OS New folder (8) Images\8084 Border.BMP|Jeetubhai Images\OS New folder (8) Images\8084 Butti.BMP|Jeetubhai Images\OS New folder (8) Images\8084 Neck.BMP,circled 0,high
R1220,43,8091,pannel+neck,,731 D Royal,842 Royal,8 Royal,,,,,Jeetubhai Images\OS New folder (8) Images\8091 Neck 250.BMP,,high
R1221,43,8091,pannel+neck,,764 Royal,8 NL Royal,222 D Raj,,,,,Jeetubhai Images\OS New folder (8) Images\8091 Neck 250.BMP,,high
R1223,43,8091,pannel+neck,,98 D Raj,8 Royal,714 D Raj,,,,,Jeetubhai Images\OS New folder (8) Images\8091 Neck 250.BMP,,high
R1227,43,9086,neck,,368 Royal,144 Raj,75 Royal,,,,,Jeetubhai Images\OS New folder (9) Images\9086 Neck.JPG,,high
R1228,43,9086,neck,,728 Royal,333 Royal,121 L Royal,,,,,Jeetubhai Images\OS New folder (9) Images\9086 Neck.JPG,,high
R1229,43,9086,neck,,753 Raj,305 Royal,357 Royal,,,,,Jeetubhai Images\OS New folder (9) Images\9086 Neck.JPG,,high
R1240,43,9089,cp neck+border,,375 Royal,731 Royal,187 Raj,98 D Raj,,,,Jeetubhai Images\OS New folder (9) Images\9089 Border CP 250 1000.JPG|Jeetubhai Images\OS New folder (9) Images\9089 Neck CP 250.JPG,,high
R1241,43,9089,cp neck+border,,775 Royal,235 Royal,779 Royal,361 Royal,,,,Jeetubhai Images\OS New folder (9) Images\9089 Border CP 250 1000.JPG|Jeetubhai Images\OS New folder (9) Images\9089 Neck CP 250.JPG,,high
R1248,44,7083,neck+border,,343 Royal,189 Raj,109 Royal,441,,,,Jeetubhai Images\OS New folder (7) Images\7083 Border 200.JPG|Jeetubhai Images\OS New folder (7) Images\7083 Nake 400.JPG,Astin Border=2.40=27 Border,high
R1249,44,7083,neck+border,,376 Royal,147 DT Raj,109 Royal,441,,,,Jeetubhai Images\OS New folder (7) Images\7083 Border 200.JPG|Jeetubhai Images\OS New folder (7) Images\7083 Nake 400.JPG,,high
R1250,44,7083,neck+border,,763 Royal,924 Raj,109 Royal,441,,,,Jeetubhai Images\OS New folder (7) Images\7083 Border 200.JPG|Jeetubhai Images\OS New folder (7) Images\7083 Nake 400.JPG,,high
R1251,44,9076,body+daman+border,,5628 V Plus,,,,,,,Jeetubhai Images\OS New folder (9) Images\9076 Astin Border 250.JPG|Jeetubhai Images\OS New folder (9) Images\9076 Body 400.JPG|Jeetubhai Images\OS New folder (9) Images\9076 Daman 2.JPG,"Black 48, Purple 48, Grey 48, Green 52, Fawn 52, Blue 52",high
R1255,44,9082,neck,,190 Raj,764 Royal,222 Raj,,,,,Jeetubhai Images\OS New folder (9) Images\9082 Neck.JPG,,high
R1256,44,9082,neck,,702 Royal,125 LR Royal,362 R Royal,,,,,Jeetubhai Images\OS New folder (9) Images\9082 Neck.JPG,,high
R1257,44,9082,neck,,702 Royal,731 D Royal,46 Royal,,,,,Jeetubhai Images\OS New folder (9) Images\9082 Neck.JPG,,high
R1258,44,9083,neck,,123 Royal,776 Royal,361 R Raj,,,,,Jeetubhai Images\OS New folder (9) Images\9083 Neck.JPG,,high
R1259,44,9083,neck,,234 Royal,778 D Royal,188 T Raj,,,,,Jeetubhai Images\OS New folder (9) Images\9083 Neck.JPG,,high
R1260,44,9083,neck,,361 R Raj,97 Royal,74 Royal,,,,,Jeetubhai Images\OS New folder (9) Images\9083 Neck.JPG,,high
R1261,44,9083,neck,,85 Raj,105 L Royal,LMLL Royal,,,,,Jeetubhai Images\OS New folder (9) Images\9083 Neck.JPG,,high
R1262,44,9084,neck,,776 Royal,145 T Raj,359 Royal,,,,,Jeetubhai Images\OS New folder (9) Images\9084 Neck.JPG,,high
R1263,44,9084,neck,,778 D Royal,751 Royal,105 NL Royal,,,,,Jeetubhai Images\OS New folder (9) Images\9084 Neck.JPG,,high
R1264,44,9084,neck,,87 Royal,740 Royal,63 Royal,,,,,Jeetubhai Images\OS New folder (9) Images\9084 Neck.JPG,,high
R1265,44,9085,neck,,105 Royal,334 Raj,104 N Raj,,,,,Jeetubhai Images\OS New folder (9) Images\9085 Neck 250.JPG|Jeetubhai Images\OS New folder (9) Images\9085 Neck.JPG,,high
R1266,44,9085,neck,,74 N Raj,322 Royal,840 L Royal,,,,,Jeetubhai Images\OS New folder (9) Images\9085 Neck 250.JPG|Jeetubhai Images\OS New folder (9) Images\9085 Neck.JPG,,high
R1267,44,9085,neck,,775 Royal,732 Royal,305 D Royal,,,,,Jeetubhai Images\OS New folder (9) Images\9085 Neck 250.JPG|Jeetubhai Images\OS New folder (9) Images\9085 Neck.JPG,,high
R1286,45,9078,neck,,222 Raj,314 Royal,711 Royal,,,,,Jeetubhai Images\OS New folder (9) Images\9078 Neck 400.JPG,,high
R1287,45,9078,neck,,305 D Raj,314 Royal,362 Royal,,,,,Jeetubhai Images\OS New folder (9) Images\9078 Neck 400.JPG,,high
R1288,45,9078,neck,,711 Raj,314 Royal,810 L Raj,,,,,Jeetubhai Images\OS New folder (9) Images\9078 Neck 400.JPG,,high
R1289,45,9078,neck,,LM Royal,314 Royal,105 Royal,,,,,Jeetubhai Images\OS New folder (9) Images\9078 Neck 400.JPG,,high
R1290,45,9079,neck,,710 D Raj,190 Raj,75 N Raj,,,,,Jeetubhai Images\OS New folder (9) Images\9079 Neck 400.JPG,,high
R1291,45,9079,neck,,731 L Royal,190 Raj,795 D Royal,,,,jari 1,Jeetubhai Images\OS New folder (9) Images\9079 Neck 400.JPG,,high
R1292,45,9079,neck,,777 Royal,190 Raj,903 Raj,,,,,Jeetubhai Images\OS New folder (9) Images\9079 Neck 400.JPG,,high
R1293,45,9080,neck,,121 L Royal,190 Raj,744 Royal,,,,jari 1,Jeetubhai Images\OS New folder (9) Images\9080 Neck 250.JPG,,high
R1294,45,9080,neck,,776 Royal,190 Raj,362 Royal,,,,,Jeetubhai Images\OS New folder (9) Images\9080 Neck 250.JPG,,high
R1295,45,9080,neck,,849 Royal,190 Raj,407 Royal,,,,,Jeetubhai Images\OS New folder (9) Images\9080 Neck 250.JPG,,high
R1297,46,7020,neck small,,305 D Royal,314 Royal,362 Royal,,,,,Jeetubhai Images\OS New folder (7) Images\7020 Nake 400.JPG,,high
R1298,46,7020,neck small,,222 Raj,314 Royal,711 Royal,,,,,Jeetubhai Images\OS New folder (7) Images\7020 Nake 400.JPG,,high
R1299,46,7020,neck small,,LM Royal,314 Royal,105 Royal,,,,,Jeetubhai Images\OS New folder (7) Images\7020 Nake 400.JPG,,high
R1303,46,8081,kp,,104 N Raj,719 Royal,M Royal,,,,,Jeetubhai Images\OS New folder (8) Images\8081 KP 400.BMP,,high
R1305,46,8081,kp,,782 Royal,834 DD Raj,731 D Royal,,,,,Jeetubhai Images\OS New folder (8) Images\8081 KP 400.BMP,,high
R1306,46,8035,kp,,335 Royal,341 Royal,94 Raj,,,,,Jeetubhai Images\OS New folder (8) Images\8035 KP 200.JPG,,high
R1307,46,8035,kp,,335 Royal,74 N Raj,104 Raj,,,,,Jeetubhai Images\OS New folder (8) Images\8035 KP 200.JPG,,high
R1308,46,8035,kp,,335 Royal,74 N Raj,46 Royal,,,,,Jeetubhai Images\OS New folder (8) Images\8035 KP 200.JPG,,high
R1309,46,6094,neck,,731 L Royal,190 Raj,795 D Royal,,,,jari,Jeetubhai Images\OS New folder (6) Images\6094 Neck 400.JPG,,high
R1310,46,6094,neck,,777 Royal,190 Raj,903 Raj,,,,jari,Jeetubhai Images\OS New folder (6) Images\6094 Neck 400.JPG,,high
R1312,46,6096,neck,,776 Royal,190 Raj,362 Royal,,,,,Jeetubhai Images\OS New folder (6) Images\6096 Neck 400.JPG,,high
R1313,46,6096,neck,,849 Royal,190 Raj,407 Royal,,,,,Jeetubhai Images\OS New folder (6) Images\6096 Neck 400.JPG,,high
R1314,46,6096,neck,,121 L Royal,190 Raj,744 Royal,,,,,Jeetubhai Images\OS New folder (6) Images\6096 Neck 400.JPG,,high
R1315,46,9034,neck1+neck2+daman,,767 Royal,190 Raj,45 Royal,,,,jari,Jeetubhai Images\OS New folder (9) Images\9034 Daman 250.JPG|Jeetubhai Images\OS New folder (9) Images\9034 Neck 2 400.JPG|Jeetubhai Images\OS New folder (9) Images\9034 Neck 200.JPG,"circled 18,18,25",high
R1316,46,9034,neck1+neck2+daman,,369 Royal,190 Raj,362 Royal,,,,jari,Jeetubhai Images\OS New folder (9) Images\9034 Daman 250.JPG|Jeetubhai Images\OS New folder (9) Images\9034 Neck 2 400.JPG|Jeetubhai Images\OS New folder (9) Images\9034 Neck 200.JPG,,high
R1317,46,9034,neck1+neck2+daman,,937 Raj,710 Royal,75 Royal,,,,jari,Jeetubhai Images\OS New folder (9) Images\9034 Daman 250.JPG|Jeetubhai Images\OS New folder (9) Images\9034 Neck 2 400.JPG|Jeetubhai Images\OS New folder (9) Images\9034 Neck 200.JPG,,high
R1322,46,8040,kp,,711 Royal,822 Royal,841 Royal,,,,jari,Jeetubhai Images\OS New folder (8) Images\8040 KP 200.BMP|Jeetubhai Images\OS New folder (8) Images\8040 KP 250.BMP,,high
R1323,46,8040,kp,,810 L Raj,822 Royal,768 Royal,,,,jari,Jeetubhai Images\OS New folder (8) Images\8040 KP 200.BMP|Jeetubhai Images\OS New folder (8) Images\8040 KP 250.BMP,,high
R1324,46,8040,kp,,766 Raj,822 Royal,363 Royal,,,,jari,Jeetubhai Images\OS New folder (8) Images\8040 KP 200.BMP|Jeetubhai Images\OS New folder (8) Images\8040 KP 250.BMP,,high
R1325,46,8030,kp,,924 Raj,199 Royal,763 Royal,,,,jari,Jeetubhai Images\OS New folder (8) Images\8030 KP 200.JPG,,high
R1326,46,8030,kp,,147 DT Raj,199 Royal,376 Royal,,,,jari,Jeetubhai Images\OS New folder (8) Images\8030 KP 200.JPG,,high
R1327,46,8030,kp,,343 Royal,199 Royal,189 Raj,,,,jari,Jeetubhai Images\OS New folder (8) Images\8030 KP 200.JPG,,high
R1328,47,9060,cp neck+border,,109 Royal,23 T Raj,357 Royal,,,,,Jeetubhai Images\OS New folder (9) Images\9060 Border CP 250.JPG|Jeetubhai Images\OS New folder (9) Images\9060 Neck CP 250.JPG,,high
R1329,47,9060,cp neck+border,,109 Royal,63 Royal,222 D Royal,,,,,Jeetubhai Images\OS New folder (9) Images\9060 Border CP 250.JPG|Jeetubhai Images\OS New folder (9) Images\9060 Neck CP 250.JPG,,high
R1330,47,9060,cp neck+border,,109 Royal,712 Royal,97 Royal,,,,,Jeetubhai Images\OS New folder (9) Images\9060 Border CP 250.JPG|Jeetubhai Images\OS New folder (9) Images\9060 Neck CP 250.JPG,,high
R1331,47,9060,cp neck+border,,109 Royal,797 Royal,67 Raj,,,,,Jeetubhai Images\OS New folder (9) Images\9060 Border CP 250.JPG|Jeetubhai Images\OS New folder (9) Images\9060 Neck CP 250.JPG,,high
R1332,47,7035,neck small,,MD Raj,372 Royal,342 R Raj,,,,,Jeetubhai Images\OS New folder (7) Images\7035 Nake 400 small.JPG,,high
R1333,47,7035,neck small,,714 Raj,372 Royal,87 D Royal,,,,,Jeetubhai Images\OS New folder (7) Images\7035 Nake 400 small.JPG,,high
R1334,47,7035,neck small,,147 DT Raj,372 Royal,766 Raj,,,,,Jeetubhai Images\OS New folder (7) Images\7035 Nake 400 small.JPG,,high
R1335,47,7095,neck small,,702 Royal,731 D Royal,46 Royal,,,,,Jeetubhai Images\OS New folder (7) Images\7095 Nake 400.JPG,32 pcs,high
R1336,47,7095,neck small,,190 Raj,764 Royal,222 Raj,,,,,Jeetubhai Images\OS New folder (7) Images\7095 Nake 400.JPG,30 pcs,high
R1337,47,7095,neck small,,731 L Royal,103 Royal,189 Raj,,,,,Jeetubhai Images\OS New folder (7) Images\7095 Nake 400.JPG,35 pcs,high
R1339,47,8052,neck small,,834 DD Raj,731 D Royal,8 NL Royal,,,,,Jeetubhai Images\OS New folder (8) Images\8052 Neck 400.BMP,,high
R1340,47,8052,neck small,,8 Royal,764 Royal,407 Royal,,,,,Jeetubhai Images\OS New folder (8) Images\8052 Neck 400.BMP,,high
R1341,47,8052,neck small,,8 Royal,98 D Raj,714 D Raj,,,,,Jeetubhai Images\OS New folder (8) Images\8052 Neck 400.BMP,,high
R1347,47,7096,neck,,402 Royal,372 Royal,87 D Royal,,,,,Jeetubhai Images\OS New folder (7) Images\7096 Nake 400.JPG|Jeetubhai Images\OS New folder (7) Images\7096 Nake P2 400 small.JPG,,high
R1348,47,7096,neck,,402 Royal,372 Royal,842 Raj,,,,,Jeetubhai Images\OS New folder (7) Images\7096 Nake 400.JPG|Jeetubhai Images\OS New folder (7) Images\7096 Nake P2 400 small.JPG,,high
R1349,47,7096,neck,,M Royal,372 Royal,89 Raj,,,,,Jeetubhai Images\OS New folder (7) Images\7096 Nake 400.JPG|Jeetubhai Images\OS New folder (7) Images\7096 Nake P2 400 small.JPG,,high
R1350,47,7096,neck,,M Royal,372 Royal,90 ND Raj,,,,,Jeetubhai Images\OS New folder (7) Images\7096 Nake 400.JPG|Jeetubhai Images\OS New folder (7) Images\7096 Nake P2 400 small.JPG,,high
R1351,47,7096,neck,,834 DD Raj,372 Royal,17 DD Raj,,,,,Jeetubhai Images\OS New folder (7) Images\7096 Nake 400.JPG|Jeetubhai Images\OS New folder (7) Images\7096 Nake P2 400 small.JPG,,high
R1352,47,7096,neck,,834 DD Raj,372 Royal,105 NL Royal,,,,,Jeetubhai Images\OS New folder (7) Images\7096 Nake 400.JPG|Jeetubhai Images\OS New folder (7) Images\7096 Nake P2 400 small.JPG,,high
R1353,47,7089,neck small,,739 Royal,778 D Royal,188 T Raj,,,,,Jeetubhai Images\OS New folder (7) Images\7089 Nake 250.JPG,,high
R1354,47,7089,neck small,,702 D Royal,377 Royal,731 L Royal,,,,,Jeetubhai Images\OS New folder (7) Images\7089 Nake 250.JPG,,high
R1355,47,7089,neck small,,709 Royal,110 Royal,712 Royal,,,,,Jeetubhai Images\OS New folder (7) Images\7089 Nake 250.JPG,,high
R1371,48,9058,cp,,MD Raj,372 Royal,342 R Raj,,,,,Jeetubhai Images\OS New folder (9) Images\9058 4 Color CP Border.JPG|Jeetubhai Images\OS New folder (9) Images\9058 4 Color CP Neck.JPG|Jeetubhai Images\OS New folder (9) Images\9058 Border CP 250.JPG|Jeetubhai Images\OS New folder (9) Images\9058 CP Border 250.JPG,shared 9058+9074,high
R1372,48,9058,cp,,714 Raj,372 Royal,87 D Royal,,,,,Jeetubhai Images\OS New folder (9) Images\9058 4 Color CP Border.JPG|Jeetubhai Images\OS New folder (9) Images\9058 4 Color CP Neck.JPG|Jeetubhai Images\OS New folder (9) Images\9058 Border CP 250.JPG|Jeetubhai Images\OS New folder (9) Images\9058 CP Border 250.JPG,shared 9058+9074,high
R1373,48,9058,cp,,147 DT Raj,372 Royal,766 Raj,,,,,Jeetubhai Images\OS New folder (9) Images\9058 4 Color CP Border.JPG|Jeetubhai Images\OS New folder (9) Images\9058 4 Color CP Neck.JPG|Jeetubhai Images\OS New folder (9) Images\9058 Border CP 250.JPG|Jeetubhai Images\OS New folder (9) Images\9058 CP Border 250.JPG,shared 9058+9074,high
R1374,48,9074,cp,,MD Raj,372 Royal,342 R Raj,,,,,Jeetubhai Images\OS New folder (9) Images\9074 Border 250 1000.JPG|Jeetubhai Images\OS New folder (9) Images\9074 Neck 250.JPG,shared 9058+9074,high
R1375,48,9074,cp,,714 Raj,372 Royal,87 D Royal,,,,,Jeetubhai Images\OS New folder (9) Images\9074 Border 250 1000.JPG|Jeetubhai Images\OS New folder (9) Images\9074 Neck 250.JPG,shared 9058+9074,high
R1376,48,9074,cp,,147 DT Raj,372 Royal,766 Raj,,,,,Jeetubhai Images\OS New folder (9) Images\9074 Border 250 1000.JPG|Jeetubhai Images\OS New folder (9) Images\9074 Neck 250.JPG,shared 9058+9074,high
R1380,48,9074,cp,,702 Royal,731 D Royal,46 Royal,,,,,Jeetubhai Images\OS New folder (9) Images\9074 Border 250 1000.JPG|Jeetubhai Images\OS New folder (9) Images\9074 Neck 250.JPG,lot 2,high
R1383,48,9074,cp,,702 Royal,125 LR Royal,362 R Raj,,,,,Jeetubhai Images\OS New folder (9) Images\9074 Border 250 1000.JPG|Jeetubhai Images\OS New folder (9) Images\9074 Neck 250.JPG,lot 2,high
R1384,48,7097,neck small,,714 D Royal,315 Royal,M Royal,,,,,Jeetubhai Images\OS New folder (7) Images\7097 Nake P2 250  small.JPG,,high
R1385,48,7097,neck small,,104 Raj,190 Raj,M Royal,,,,,Jeetubhai Images\OS New folder (7) Images\7097 Nake P2 250  small.JPG,,high
R1386,48,7097,neck small,,911 Royal,315 Royal,712 Royal,,,,,Jeetubhai Images\OS New folder (7) Images\7097 Nake P2 250  small.JPG,,high
R1390,49,9062,neck,,702 Royal,731 D Royal,46 Royal,,,,,Jeetubhai Images\OS New folder (9) Images\9062 Neck 400.JPG|Jeetubhai Images\OS New folder (9) Images\9062 Neck.JPG,,high
R1392,49,9062,neck,,731 L Royal,103 Royal,189 Raj,,,,,Jeetubhai Images\OS New folder (9) Images\9062 Neck 400.JPG|Jeetubhai Images\OS New folder (9) Images\9062 Neck.JPG,,high
R1393,49,9062,neck,,702 Royal,125 LR Royal,362 R Raj,,,,,Jeetubhai Images\OS New folder (9) Images\9062 Neck 400.JPG|Jeetubhai Images\OS New folder (9) Images\9062 Neck.JPG,,high
R1395,49,9066,neck,,842 DD Raj,825 Royal,372 Royal,,,,,Jeetubhai Images\OS New folder (9) Images\9066 Neck 250.JPG,,high
R1396,49,9066,neck,,Black,825 Royal,834 DD Raj,,,,,Jeetubhai Images\OS New folder (9) Images\9066 Neck 250.JPG,,high
R1397,49,9066,neck,,728 D Raj,111 D Royal,82 Raj,,,,,Jeetubhai Images\OS New folder (9) Images\9066 Neck 250.JPG,,high
R1398,49,8052,neck,,740 Royal,87 Royal,63 Royal,,,,,Jeetubhai Images\OS New folder (8) Images\8052 Neck 400.BMP,,high
R1399,49,8052,neck,,145 T Raj,776 Royal,359 Royal,,,,,Jeetubhai Images\OS New folder (8) Images\8052 Neck 400.BMP,,high
R1400,49,8052,neck,,751 Royal,778 D Royal,105 NL Royal,,,,,Jeetubhai Images\OS New folder (8) Images\8052 Neck 400.BMP,,high
R1401,49,9067,neck,,339 Raj,80 Royal,146 T Raj,,,,,Jeetubhai Images\OS New folder (9) Images\9067 Neck 250.JPG,,high
R1402,49,9067,neck,,215 Royal,105 NL Royal,795 D Royal,,,,,Jeetubhai Images\OS New folder (9) Images\9067 Neck 250.JPG,,high
R1403,49,9067,neck,,728 D Royal,810 L Raj,358 Royal,,,,,Jeetubhai Images\OS New folder (9) Images\9067 Neck 250.JPG,,high
R1404,49,9067,neck,,710 Royal,75 Royal,87 D Raj,,,,,Jeetubhai Images\OS New folder (9) Images\9067 Neck 250.JPG,,high
R1405,49,9068,neck+big border+small border,,5628 V Plus,,,,,,,Jeetubhai Images\OS New folder (9) Images\9068 Big Border 250.JPG|Jeetubhai Images\OS New folder (9) Images\9068 Neck 200.JPG|Jeetubhai Images\OS New folder (9) Images\9068 Small Border 250.JPG,,high
R1406,49,9069,neck+border+butti,,LM Royal,824 Royal,714 Royal,,,,,Jeetubhai Images\OS New folder (9) Images\9069 Neck 250.JPG,,high
R1408,49,9069,neck+border+butti,,810 Raj,824 Royal,356 Royal,,,,,Jeetubhai Images\OS New folder (9) Images\9069 Neck 250.JPG,,high
R1409,49,9069,neck+border+butti,,765 Royal,824 Royal,834 Raj,,,,,Jeetubhai Images\OS New folder (9) Images\9069 Neck 250.JPG,,high
R1410,49,9070,top+neck patti+border,,A-60 V Plus,,,,,,,Jeetubhai Images\OS New folder (9) Images\9070 Neck Patti 200.JPG|Jeetubhai Images\OS New folder (9) Images\9070 Border 200.JPG,18 Head x 60 Border 200,high
R1411,49,9072,neck+big border+small border,,5624 V Plus,,,,,,,Jeetubhai Images\OS New folder (9) Images\9072 Big Border 200.JPG|Jeetubhai Images\OS New folder (9) Images\9072 Neck 200.JPG|Jeetubhai Images\OS New folder (9) Images\9072 Small Border 250.JPG,,high
R1412,49,9071,top+neck patti+border,,A-57 V Plus,,,,,,,Jeetubhai Images\OS New folder (9) Images\9071 Neck Patti 200.JPG|Jeetubhai Images\OS New folder (9) Images\9071 Border 200.JPG,18 Head x 50 Border 200,high
R1413,50,9056,neck,,190 Raj,343 Royal,755 Royal,,,,,Jeetubhai Images\OS New folder (9) Images\9056 Neck 250.JPG,,high
R1414,50,9056,neck,,190 Raj,104 Royal,186 Raj,,,,,Jeetubhai Images\OS New folder (9) Images\9056 Neck 250.JPG,,high
R1415,50,9056,neck,,190 Raj,767 Royal,3 Raj,,,,,Jeetubhai Images\OS New folder (9) Images\9056 Neck 250.JPG,,high
R1416,50,9056,neck,,190 Raj,813 Royal,73 Raj,,,,,Jeetubhai Images\OS New folder (9) Images\9056 Neck 250.JPG,,high
R1424,50,9058,panel+neck,,305 D Royal,314 Royal,362 Royal,,,,,Jeetubhai Images\OS New folder (9) Images\9058 4 Color CP Neck.JPG|Jeetubhai Images\OS New folder (9) Images\9058 Neck CP 250.JPG,,high
R1425,50,9058,panel+neck,,222 Raj,314 Royal,711 Royal,,,,,Jeetubhai Images\OS New folder (9) Images\9058 4 Color CP Neck.JPG|Jeetubhai Images\OS New folder (9) Images\9058 Neck CP 250.JPG,,high
R1426,50,9058,panel+neck,,LM Royal,314 Royal,105 Royal,,,,,Jeetubhai Images\OS New folder (9) Images\9058 4 Color CP Neck.JPG|Jeetubhai Images\OS New folder (9) Images\9058 Neck CP 250.JPG,,high
R1433,50,9063,neck,,74 Royal,735 D Royal,235 Royal,,,,,Jeetubhai Images\OS New folder (9) Images\9063 Neck.JPG,,high
R1434,50,9063,neck,,755 Royal,104 Raj,88 N Raj,,,,,Jeetubhai Images\OS New folder (9) Images\9063 Neck.JPG,,high
R1435,50,9063,neck,,778 D Royal,775 L Royal,775 Royal,,,,,Jeetubhai Images\OS New folder (9) Images\9063 Neck.JPG,,high
R1436,50,9063,neck,,832 Raj,33 S Royal,33 Royal,,,,,Jeetubhai Images\OS New folder (9) Images\9063 Neck.JPG,,high
R1446,51,9002,center panel,,235 Royal,190 Raj,90 L Royal,,,,jari 6,Jeetubhai Images\OS New folder (9) Images\9002 Border 250.JPG|Jeetubhai Images\OS New folder (9) Images\9002 Neck 250.JPG,64 pcs,high
R1447,51,9002,center panel,,374 Royal,190 Raj,146 T Raj,,,,jari 6,Jeetubhai Images\OS New folder (9) Images\9002 Border 250.JPG|Jeetubhai Images\OS New folder (9) Images\9002 Neck 250.JPG,58 pcs,high
R1448,51,9002,center panel,,326 Royal,90 L Royal,804 Raj,,,,jari 6,Jeetubhai Images\OS New folder (9) Images\9002 Border 250.JPG|Jeetubhai Images\OS New folder (9) Images\9002 Neck 250.JPG,63 pcs,high
R1449,51,5032,center panel,,190 Raj,235 Royal,90 L Royal,,,,jari 19,Jeetubhai Images\OS New folder (5) Images\5032 Kurta patti.BMP,,high
R1450,51,5032,center panel,,190 Raj,374 Royal,146 T Raj,,,,jari 19,Jeetubhai Images\OS New folder (5) Images\5032 Kurta patti.BMP,,high
R1451,51,5032,center panel,,90 L Royal,326 Royal,804 Raj,,,,jari 19,Jeetubhai Images\OS New folder (5) Images\5032 Kurta patti.BMP,,high
R1452,51,9057,neck,,374 Royal,190 Raj,146 T Raj,,,,,Jeetubhai Images\OS New folder (9) Images\9057 Neck 250.JPG,,high
R1453,51,9057,neck,,235 Royal,190 Raj,90 L Royal,,,,,Jeetubhai Images\OS New folder (9) Images\9057 Neck 250.JPG,,high
R1454,51,9057,neck,,326 Royal,90 L Royal,804 Raj,,,,,Jeetubhai Images\OS New folder (9) Images\9057 Neck 250.JPG,,high
R1463,51,9060,panel+neck,,81 Raj,190 Raj,363 R Raj,,,,,Jeetubhai Images\OS New folder (9) Images\9060 Neck CP 250.JPG,,high
R1464,51,9060,panel+neck,,706 Royal,190 Raj,376 Royal,,,,,Jeetubhai Images\OS New folder (9) Images\9060 Neck CP 250.JPG,,high
R1465,51,9060,panel+neck,,103 Royal,190 Raj,744 Royal,,,,,Jeetubhai Images\OS New folder (9) Images\9060 Neck CP 250.JPG,,high
R1466,51,9060,panel+neck,,813 Royal,190 Raj,741 Raj,,,,,Jeetubhai Images\OS New folder (9) Images\9060 Neck CP 250.JPG,,high
R1487,52,9049,kp,,190 Raj,343 Royal,755 Royal,,,,,Jeetubhai Images\OS New folder (9) Images\9049 KP 200.JPG,,high
R1488,52,9049,kp,,190 Raj,104 Royal,186 Raj,,,,,Jeetubhai Images\OS New folder (9) Images\9049 KP 200.JPG,,high
R1489,52,9049,kp,,190 Raj,767 Royal,3 Raj,,,,,Jeetubhai Images\OS New folder (9) Images\9049 KP 200.JPG,,high
R1490,52,9049,kp,,190 Raj,813 Royal,73 Raj,,,,,Jeetubhai Images\OS New folder (9) Images\9049 KP 200.JPG,,high
R1491,52,9050,kp,,190 Raj,374 Royal,146 T Raj,,,,,Jeetubhai Images\OS New folder (9) Images\9050 KP 200.JPG,,high
R1492,52,9050,kp,,190 Raj,235 Royal,90 L Royal,,,,,Jeetubhai Images\OS New folder (9) Images\9050 KP 200.JPG,,high
R1493,52,9050,kp,,90 L Royal,326 Royal,804 Raj,,,,,Jeetubhai Images\OS New folder (9) Images\9050 KP 200.JPG,,high
R1494,53,9030,kp,,LM Raj,822 R Raj,712 Royal,,,,,Jeetubhai Images\OS New folder (9) Images\9030 KP 250.JPG,shared 9030+9036,high
R1495,53,9030,kp,,732 D Royal,702 DD Raj,777 L Raj,,,,,Jeetubhai Images\OS New folder (9) Images\9030 KP 250.JPG,shared 9030+9036,high
R1496,53,9030,kp,,125 LR Royal,702 DD Raj,366 Royal,,,,,Jeetubhai Images\OS New folder (9) Images\9030 KP 250.JPG,shared 9030+9036,high
R1497,53,9030,kp,,765 Royal,75 Royal,834 DD Raj,,,,,Jeetubhai Images\OS New folder (9) Images\9030 KP 250.JPG,shared 9030+9036,high
R1498,53,9036,neck,,LM Raj,822 R Raj,712 Royal,,,,,Jeetubhai Images\OS New folder (9) Images\9036 Neck 250.JPG,shared 9030+9036,high
R1499,53,9036,neck,,732 D Royal,702 DD Raj,777 L Raj,,,,,Jeetubhai Images\OS New folder (9) Images\9036 Neck 250.JPG,shared 9030+9036,high
R1500,53,9036,neck,,125 LR Royal,702 DD Raj,366 Royal,,,,,Jeetubhai Images\OS New folder (9) Images\9036 Neck 250.JPG,shared 9030+9036,high
R1501,53,9036,neck,,765 Royal,75 Royal,834 DD Raj,,,,,Jeetubhai Images\OS New folder (9) Images\9036 Neck 250.JPG,shared 9030+9036,high
R1516,53,9041,neck,,234 Royal,773 D Royal,188 T Raj,,,,,Jeetubhai Images\OS New folder (9) Images\9041 Neck 250.JPG,,high
R1517,53,9041,neck,,234 Royal,911 D Royal,74 Royal,,,,,Jeetubhai Images\OS New folder (9) Images\9041 Neck 250.JPG,,high
R1518,53,9041,neck,,123 Royal,8 NL Royal,66 Raj,,,,,Jeetubhai Images\OS New folder (9) Images\9041 Neck 250.JPG,,high
R1522,53,9045,kp,,335 Royal,341 Royal,94 Raj,,,,,Jeetubhai Images\OS New folder (9) Images\9045 KP 200.JPG,shared 9045+9040,high
R1523,53,9045,kp,,335 Royal,74 N Raj,104 Raj,,,,,Jeetubhai Images\OS New folder (9) Images\9045 KP 200.JPG,shared 9045+9040,high
R1524,53,9045,kp,,335 Royal,74 N Raj,46 Royal,,,,,Jeetubhai Images\OS New folder (9) Images\9045 KP 200.JPG,shared 9045+9040,high
R1525,53,9040,neck,,335 Royal,341 Royal,94 Raj,,,,,Jeetubhai Images\OS New folder (9) Images\9040 Neck 250.JPG,shared 9045+9040,high
R1526,53,9040,neck,,335 Royal,74 N Raj,104 Raj,,,,,Jeetubhai Images\OS New folder (9) Images\9040 Neck 250.JPG,shared 9045+9040,high
R1527,53,9040,neck,,335 Royal,74 N Raj,46 Royal,,,,,Jeetubhai Images\OS New folder (9) Images\9040 Neck 250.JPG,shared 9045+9040,high
R1528,53,9046,kp,,813 D Royal,76 Raj,73 N Raj,,,,,Jeetubhai Images\OS New folder (9) Images\9046 KP 200.JPG,,high
R1529,53,9046,kp,,102 D Royal,777 Royal,93 Royal,,,,,Jeetubhai Images\OS New folder (9) Images\9046 KP 200.JPG,,high
R1536,54,9028,neck,,350 Raj,M Royal,89 Raj,,,,,Jeetubhai Images\OS New folder (9) Images\9028 Neck 250.JPG,,high
R1537,54,9028,neck,,350 Raj,402 Royal,87 D Royal,,,,,Jeetubhai Images\OS New folder (9) Images\9028 Neck 250.JPG,,high
R1538,54,9028,neck,,350 Raj,402 Royal,842 Raj,,,,,Jeetubhai Images\OS New folder (9) Images\9028 Neck 250.JPG,,high
R1539,54,9028,neck,,350 Raj,M Royal,90 ND Raj,,,,,Jeetubhai Images\OS New folder (9) Images\9028 Neck 250.JPG,,high
R1540,54,9028,neck,,350 Raj,834 DD Raj,17 DD Raj,,,,,Jeetubhai Images\OS New folder (9) Images\9028 Neck 250.JPG,,high
R1541,54,9028,neck,,350 Raj,834 DD Raj,105 NL Royal,,,,,Jeetubhai Images\OS New folder (9) Images\9028 Neck 250.JPG,,high
R1556,54,9033,kp,,342 Royal,33 S Royal,104 L Royal,,,,,Jeetubhai Images\OS New folder (9) Images\9033 KP 200.JPG|Jeetubhai Images\OS New folder (9) Images\9033 KP 250.JPG,,high
R1558,54,9032,kp,,34 DD Raj,911 Raj,74 D Royal,,,,,Jeetubhai Images\OS New folder (9) Images\9032 KP 200.JPG|Jeetubhai Images\OS New folder (9) Images\9032 KP 250.JPG,,high
R1559,54,9032,kp,,702 DD Raj,732 D Royal,778 D Royal,,,,,Jeetubhai Images\OS New folder (9) Images\9032 KP 200.JPG|Jeetubhai Images\OS New folder (9) Images\9032 KP 250.JPG,,high
R1563,55,9018,neck,,119 Royal,32 N Royal,776 Raj,,,,,Jeetubhai Images\OS New folder (9) Images\9018 Neck 200.JPG,shared 9018+9017,high
R1564,55,9018,neck,,119 Royal,739 D Raj,73 Raj,,,,,Jeetubhai Images\OS New folder (9) Images\9018 Neck 200.JPG,shared 9018+9017,high
R1565,55,9018,neck,,119 Royal,350 Raj,34 Raj,,,,,Jeetubhai Images\OS New folder (9) Images\9018 Neck 200.JPG,shared 9018+9017,high
R1566,55,9018,neck,,109 Royal,759 Royal,57 Royal,,,,,Jeetubhai Images\OS New folder (9) Images\9018 Neck 200.JPG,shared 9018+9017,high
R1567,55,9017,neck,,119 Royal,32 N Royal,776 Raj,,,,,Jeetubhai Images\OS New folder (9) Images\9017 Neck 200.JPG,shared 9018+9017,high
R1568,55,9017,neck,,119 Royal,739 D Raj,73 Raj,,,,,Jeetubhai Images\OS New folder (9) Images\9017 Neck 200.JPG,shared 9018+9017,high
R1569,55,9017,neck,,119 Royal,350 Raj,34 Raj,,,,,Jeetubhai Images\OS New folder (9) Images\9017 Neck 200.JPG,shared 9018+9017,high
R1570,55,9017,neck,,109 Royal,759 Royal,57 Royal,,,,,Jeetubhai Images\OS New folder (9) Images\9017 Neck 200.JPG,shared 9018+9017,high
R1574,55,9020,neck,,119 Royal,32 N Royal,776 Raj,,,,,Jeetubhai Images\OS New folder (9) Images\9020 Neck 200.JPG,shared 9020+9021; 42 pcs,high
R1575,55,9020,neck,,119 Royal,739 D Raj,73 Raj,,,,,Jeetubhai Images\OS New folder (9) Images\9020 Neck 200.JPG,shared 9020+9021; 43 pcs,high
R1576,55,9020,neck,,119 Royal,350 Raj,34 Raj,,,,,Jeetubhai Images\OS New folder (9) Images\9020 Neck 200.JPG,shared 9020+9021; 44 pcs,high
R1577,55,9020,neck,,109 Royal,759 Royal,57 Royal,,,,,Jeetubhai Images\OS New folder (9) Images\9020 Neck 200.JPG,shared 9020+9021; 39 pcs,high
R1578,55,9021,neck,,119 Royal,32 N Royal,776 Raj,,,,,Jeetubhai Images\OS New folder (9) Images\9021 Neck 200.JPG,shared 9020+9021; 42 pcs,high
R1579,55,9021,neck,,119 Royal,739 D Raj,73 Raj,,,,,Jeetubhai Images\OS New folder (9) Images\9021 Neck 200.JPG,shared 9020+9021; 43 pcs,high
R1580,55,9021,neck,,119 Royal,350 Raj,34 Raj,,,,,Jeetubhai Images\OS New folder (9) Images\9021 Neck 200.JPG,shared 9020+9021; 44 pcs,high
R1581,55,9021,neck,,109 Royal,759 Royal,57 Royal,,,,,Jeetubhai Images\OS New folder (9) Images\9021 Neck 200.JPG,shared 9020+9021; 39 pcs,high
R1582,55,8072,kp,,702 Raj,130 Raj,741 Raj,,,,men,Jeetubhai Images\OS New folder (8) Images\8072 KP 400.BMP,,high
R1583,55,8072,kp,,706 Royal,130 Raj,376 Royal,,,,men,Jeetubhai Images\OS New folder (8) Images\8072 KP 400.BMP,,high
R1584,55,8072,kp,,81 Raj,130 Raj,363 R Raj,,,,men,Jeetubhai Images\OS New folder (8) Images\8072 KP 400.BMP,,high
R1585,55,8072,kp,,103 Royal,130 Raj,744 Royal,,,,men,Jeetubhai Images\OS New folder (8) Images\8072 KP 400.BMP,,high
R1589,55,9022,kp,,763 Royal,190 Raj,86 Royal,,,,,Jeetubhai Images\OS New folder (9) Images\9022 KP 200.JPG|Jeetubhai Images\OS New folder (9) Images\9022 KP.JPG,,high
R1590,55,9022,kp,,810 L Raj,190 Raj,798 Royal,,,,,Jeetubhai Images\OS New folder (9) Images\9022 KP 200.JPG|Jeetubhai Images\OS New folder (9) Images\9022 KP.JPG,,high
R1592,55,9024,neck,,74 Royal,235 Royal,735 D Royal,,,,,Jeetubhai Images\OS New folder (9) Images\9024 Neck 200.JPG,,high
R1594,55,9024,neck,,778 D Royal,775 Royal,775 L Royal,,,,,Jeetubhai Images\OS New folder (9) Images\9024 Neck 200.JPG,,high
R1596,56,7061,kp,,871 Raj,8 Royal,911 Raj,,,,,Jeetubhai Images\OS New folder (7) Images\7061 KP 200.JPG,,high
R1597,56,7061,kp,,Black,MD Royal,8 Royal,,,,,Jeetubhai Images\OS New folder (7) Images\7061 KP 200.JPG,,high
R1598,56,7061,kp,,8 D Royal,871 Raj,MD Royal,,,,,Jeetubhai Images\OS New folder (7) Images\7061 KP 200.JPG,,high
R1599,56,8007,kp,,8 Royal,911 Raj,871 Raj,,,,,Jeetubhai Images\OS New folder (8) Images\8007 KP 400.JPG,shared 8007/8045/8058,high
R1600,56,8007,kp,,MD Royal,8 Royal,Black,,,,,Jeetubhai Images\OS New folder (8) Images\8007 KP 400.JPG,shared 8007/8045/8058,high
R1601,56,8007,kp,,871 Raj,MD Royal,8 D Royal,,,,,Jeetubhai Images\OS New folder (8) Images\8007 KP 400.JPG,shared 8007/8045/8058,high
R1602,56,8045,kp,,8 Royal,911 Raj,871 Raj,,,,,Jeetubhai Images\OS New folder (8) Images\8045 KP 250.BMP,shared 8007/8045/8058,high
R1603,56,8045,kp,,MD Royal,8 Royal,Black,,,,,Jeetubhai Images\OS New folder (8) Images\8045 KP 250.BMP,shared 8007/8045/8058,high
R1604,56,8045,kp,,871 Raj,MD Royal,8 D Royal,,,,,Jeetubhai Images\OS New folder (8) Images\8045 KP 250.BMP,shared 8007/8045/8058,high
R1605,56,8058,kp,,8 Royal,911 Raj,871 Raj,,,,,Jeetubhai Images\OS New folder (8) Images\8058 KP 200.BMP,shared 8007/8045/8058,high
R1606,56,8058,kp,,MD Royal,8 Royal,Black,,,,,Jeetubhai Images\OS New folder (8) Images\8058 KP 200.BMP,shared 8007/8045/8058,high
R1607,56,8058,kp,,871 Raj,MD Royal,8 D Royal,,,,,Jeetubhai Images\OS New folder (8) Images\8058 KP 200.BMP,shared 8007/8045/8058,high
R1608,56,8011,neck,,709 Raj,372 Royal,356 Royal,,,,,Jeetubhai Images\OS New folder (8) Images\8011 Nake 250.BMP|Jeetubhai Images\OS New folder (8) Images\8011 Nake 250.JPG,,high
R1609,56,8011,neck,,90 L Royal,372 Royal,35 Royal,,,,,Jeetubhai Images\OS New folder (8) Images\8011 Nake 250.BMP|Jeetubhai Images\OS New folder (8) Images\8011 Nake 250.JPG,,high
R1610,56,8011,neck,,315 Royal,345 Royal,74 Raj,,,,,Jeetubhai Images\OS New folder (8) Images\8011 Nake 250.BMP|Jeetubhai Images\OS New folder (8) Images\8011 Nake 250.JPG,,high
R1614,56,9015,neck,,809 Raj,710 Royal,110 L Raj,190 Raj,,,,Jeetubhai Images\OS New folder (9) Images\9015 Neck 200.JPG,shared 9015+9016; 63 pcs,high
R1615,56,9015,neck,,735 Raj,710 Royal,110 L Raj,62 Royal,,,,Jeetubhai Images\OS New folder (9) Images\9015 Neck 200.JPG,shared 9015+9016; 65 pcs,high
R1617,56,9016,neck,,809 Raj,710 Royal,110 L Raj,190 Raj,,,,Jeetubhai Images\OS New folder (9) Images\9016 Neck 200.JPG,shared 9015+9016; 63 pcs,high
R1618,56,9016,neck,,735 Raj,710 Royal,110 L Raj,62 Royal,,,,Jeetubhai Images\OS New folder (9) Images\9016 Neck 200.JPG,shared 9015+9016; 65 pcs,high
R1626,56,7014,kp,,8 Royal,911 Raj,871 Raj,,,,,Jeetubhai Images\OS New folder (7) Images\7014 KP 200.JPG,shared 7014+7034; 92 pcs,high
R1627,56,7014,kp,,MD Royal,8 Royal,Black,,,,,Jeetubhai Images\OS New folder (7) Images\7014 KP 200.JPG,shared 7014+7034; 95 pcs,high
R1628,56,7014,kp,,871 Raj,MD Royal,8 D Royal,,,,,Jeetubhai Images\OS New folder (7) Images\7014 KP 200.JPG,shared 7014+7034; 88 pcs,high
R1629,56,7034,kp,,8 Royal,911 Raj,871 Raj,,,,,Jeetubhai Images\OS New folder (7) Images\7034 KP 200.JPG,shared 7014+7034; 92 pcs,high
R1630,56,7034,kp,,MD Royal,8 Royal,Black,,,,,Jeetubhai Images\OS New folder (7) Images\7034 KP 200.JPG,shared 7014+7034; 95 pcs,high
R1631,56,7034,kp,,871 Raj,MD Royal,8 D Royal,,,,,Jeetubhai Images\OS New folder (7) Images\7034 KP 200.JPG,shared 7014+7034; 88 pcs,high
R1632,57,7065,kp,,87 D Royal,350 Raj,402 Royal,,,,,Jeetubhai Images\OS New folder (7) Images\7065 KP 200.JPG,,high
R1633,57,7065,kp,,842 Raj,350 Raj,402 Royal,,,,,Jeetubhai Images\OS New folder (7) Images\7065 KP 200.JPG,,high
R1634,57,7065,kp,,89 Raj,350 Raj,M Royal,,,,,Jeetubhai Images\OS New folder (7) Images\7065 KP 200.JPG,,high
R1635,57,7065,kp,,90 ND Raj,350 Raj,M Royal,,,,,Jeetubhai Images\OS New folder (7) Images\7065 KP 200.JPG,,high
R1636,57,7065,kp,,17 DD Raj,350 Raj,834 DD Raj,,,,,Jeetubhai Images\OS New folder (7) Images\7065 KP 200.JPG,,high
R1637,57,7065,kp,,105 NL Royal,350 Raj,834 DD Raj,,,,,Jeetubhai Images\OS New folder (7) Images\7065 KP 200.JPG,,high
R1638,57,8088,neck,,130 Raj,127 Royal,118 LL Royal,,,,,Jeetubhai Images\OS New folder (8) Images\8088 Neck 250.BMP,shared 8088+5063,high
R1639,57,8088,neck,,130 Raj,372 Royal,118 LL Royal,,,,,Jeetubhai Images\OS New folder (8) Images\8088 Neck 250.BMP,shared 8088+5063,high
R1640,57,5063,kp,,130 Raj,127 Royal,118 LL Royal,,,,,Jeetubhai Images\OS New folder (5) Images\5063 Kurta patti 400.BMP,shared 8088+5063,high
R1641,57,5063,kp,,130 Raj,372 Royal,118 LL Royal,,,,,Jeetubhai Images\OS New folder (5) Images\5063 Kurta patti 400.BMP,shared 8088+5063,high
R1642,57,9013,neck,,726 R Raj,79 Royal,34 Raj,,,,,Jeetubhai Images\OS New folder (9) Images\9013 Neck 200.JPG,,high
R1643,57,9013,neck,,726 R Raj,130 Raj,150 Raj,,,,,Jeetubhai Images\OS New folder (9) Images\9013 Neck 200.JPG,,high
R1644,57,9013,neck,,726 R Raj,130 Raj,74 N Raj,,,,,Jeetubhai Images\OS New folder (9) Images\9013 Neck 200.JPG,,high
R1645,57,9013,neck,,726 R Raj,130 Raj,45 Royal,,,,,Jeetubhai Images\OS New folder (9) Images\9013 Neck 200.JPG,,high
R1646,57,9014,neck,,726 R Raj,79 Royal,34 Raj,,,,,Jeetubhai Images\OS New folder (9) Images\9014 Neck 200.JPG,same as 9013,high
R1647,57,9014,neck,,726 R Raj,130 Raj,150 Raj,,,,,Jeetubhai Images\OS New folder (9) Images\9014 Neck 200.JPG,same as 9013,high
R1648,57,9014,neck,,726 R Raj,130 Raj,74 N Raj,,,,,Jeetubhai Images\OS New folder (9) Images\9014 Neck 200.JPG,same as 9013,high
R1649,57,9014,neck,,726 R Raj,130 Raj,45 Royal,,,,,Jeetubhai Images\OS New folder (9) Images\9014 Neck 200.JPG,same as 9013,high
R1668,58,8065,neck,,339 D Raj,795 D Royal,789 DD Raj,,,,,Jeetubhai Images\OS New folder (8) Images\8065 Neck 250.BMP,,high
R1669,58,8065,neck,,339 D Raj,778 D Royal,8 NL Royal,,,,,Jeetubhai Images\OS New folder (8) Images\8065 Neck 250.BMP,,high
R1670,58,8065,neck,,339 D Raj,74 D Royal,842 Raj,,,,,Jeetubhai Images\OS New folder (8) Images\8065 Neck 250.BMP,,high
R1680,58,7016,neck,,84 Royal,751 Royal,341 Royal,,,,,Jeetubhai Images\OS New folder (7) Images\7016 Nake 250.JPG,shared 7016+7033,high
R1681,58,7016,neck,,787 Royal,751 Royal,767 Raj,,,,,Jeetubhai Images\OS New folder (7) Images\7016 Nake 250.JPG,shared 7016+7033,high
R1682,58,7016,neck,,104 Raj,751 Royal,93 N Raj,,,,,Jeetubhai Images\OS New folder (7) Images\7016 Nake 250.JPG,shared 7016+7033,high
R1683,58,7033,kp,,84 Royal,751 Royal,341 Royal,,,,,Jeetubhai Images\OS New folder (7) Images\7033 KP 200.JPG,shared 7016+7033,high
R1684,58,7033,kp,,787 Royal,751 Royal,767 Raj,,,,,Jeetubhai Images\OS New folder (7) Images\7033 KP 200.JPG,shared 7016+7033,high
R1685,58,7033,kp,,104 Raj,751 Royal,93 N Raj,,,,,Jeetubhai Images\OS New folder (7) Images\7033 KP 200.JPG,shared 7016+7033,high
R1687,58,7054,neck,,32 Raj,35 Royal,61 N Raj,,,,,Jeetubhai Images\OS New folder (7) Images\7054 Nake 250.JPG,,high
R1688,58,7054,neck,,32 Raj,35 Royal,93 N Raj,,,,,Jeetubhai Images\OS New folder (7) Images\7054 Nake 250.JPG,,high
R1701,58,8085,neck,,402 Royal,350 Raj,87 D Royal,,,,,Jeetubhai Images\OS New folder (8) Images\8085 Neck 250.BMP,,high
R1702,58,8085,neck,,402 Royal,350 Raj,842 Raj,,,,,Jeetubhai Images\OS New folder (8) Images\8085 Neck 250.BMP,,high
R1703,58,8085,neck,,M Royal,350 Raj,89 Raj,,,,,Jeetubhai Images\OS New folder (8) Images\8085 Neck 250.BMP,,high
R1704,58,8085,neck,,M Royal,350 Raj,90 ND Raj,,,,,Jeetubhai Images\OS New folder (8) Images\8085 Neck 250.BMP,,high
R1705,58,8085,neck,,834 DD Royal,350 Raj,17 DD Raj,,,,,Jeetubhai Images\OS New folder (8) Images\8085 Neck 250.BMP,,high
R1706,58,8085,neck,,834 DD Royal,350 Raj,105 NL Royal,,,,,Jeetubhai Images\OS New folder (8) Images\8085 Neck 250.BMP,,high
R1707,59,7022,kp,,911 Royal,713 Royal,145 T Raj,,,,,Jeetubhai Images\OS New folder (7) Images\7022 KP 200.JPG,,high
R1708,59,7022,kp,,35 L Royal,105 Royal,234 Royal,,,,,Jeetubhai Images\OS New folder (7) Images\7022 KP 200.JPG,,high
R1709,59,7022,kp,,66 Raj,8 NL Royal,234 Royal,,,,,Jeetubhai Images\OS New folder (7) Images\7022 KP 200.JPG,,high
R1710,59,8087,neck,,119 L Royal,323 Royal,74 N Raj,,,,men 6,Jeetubhai Images\OS New folder (8) Images\8087 Neck 250.BMP,,high
R1711,59,8087,neck,,119 L Royal,323 Royal,66 Raj,,,,men 6,Jeetubhai Images\OS New folder (8) Images\8087 Neck 250.BMP,,high
R1712,59,8087,neck,,119 L Royal,323 Royal,188 T Raj,,,,men 6,Jeetubhai Images\OS New folder (8) Images\8087 Neck 250.BMP,,high
R1713,59,6039,kp,,74 N Raj,323 Royal,119 L Royal,,,,,Jeetubhai Images\OS New folder (6) Images\6039 KP 250.JPG,,high
R1714,59,6039,kp,,66 Raj,323 Royal,119 L Royal,,,,,Jeetubhai Images\OS New folder (6) Images\6039 KP 250.JPG,,high
R1715,59,6039,kp,,188 T Raj,323 Royal,119 L Royal,,,,,Jeetubhai Images\OS New folder (6) Images\6039 KP 250.JPG,,high
R1716,59,5055,kp,,835 D Royal,954 Raj,118 L Royal,,,,,Jeetubhai Images\OS New folder (5) Images\5055 Kurta patti 400.BMP,,high
R1719,59,6082,neck,,118 L Royal,954 Raj,835 D Royal,,,,,Jeetubhai Images\OS New folder (6) Images\6082 Neck 250.JPG,,high
R1720,59,6082,neck,,118 L Royal,305 Royal,88 NL Raj,,,,,Jeetubhai Images\OS New folder (6) Images\6082 Neck 250.JPG,,high
R1721,59,6082,neck,,118 L Royal,66 Raj,62 Royal,,,,,Jeetubhai Images\OS New folder (6) Images\6082 Neck 250.JPG,,high
R1722,59,8021,neck+border+butti,,372 Royal,710 Royal,118 L Royal,356 Royal,315 Royal,,,Jeetubhai Images\OS New folder (8) Images\8021 BORDER 200.JPG|Jeetubhai Images\OS New folder (8) Images\8021 Nake  400.JPG,,high
R1723,59,8021,neck+border+butti,,324 Royal,35 Royal,118 L Royal,110 NL Royal,314 Royal,,,Jeetubhai Images\OS New folder (8) Images\8021 BORDER 200.JPG|Jeetubhai Images\OS New folder (8) Images\8021 Nake  400.JPG,,high
R1724,59,8021,neck+border+butti,,345 Royal,61 Raj,118 L Royal,821 Raj,315 Royal,,,Jeetubhai Images\OS New folder (8) Images\8021 BORDER 200.JPG|Jeetubhai Images\OS New folder (8) Images\8021 Nake  400.JPG,,high
R1725,59,5092,body+daman,,343 Royal,315 Royal,61 Raj,,,,,Jeetubhai Images\OS New folder (5) Images\5092 Body 400.BMP,,high
R1726,59,5092,body+daman,,739 Royal,315 Royal,356 Royal,,,,,Jeetubhai Images\OS New folder (5) Images\5092 Body 400.BMP,,high
R1727,59,5092,body+daman,,324 Royal,314 Royal,35 Royal,,,,,Jeetubhai Images\OS New folder (5) Images\5092 Body 400.BMP,,high
R1734,60,8073,kp,,190 Raj,722 D Royal,716 Royal,,,,,Jeetubhai Images\OS New folder (8) Images\8073 KP 400.BMP,,high
R1735,60,8073,kp,,190 Raj,121 L Royal,722 L Royal,,,,,Jeetubhai Images\OS New folder (8) Images\8073 KP 400.BMP,,high
R1736,60,8073,kp,,190 Raj,103 Royal,778 D Royal,,,,,Jeetubhai Images\OS New folder (8) Images\8073 KP 400.BMP,,high
R1737,60,8029,neck,,118 LL Royal,741 Raj,361 Royal,,,,men 17,Jeetubhai Images\OS New folder (8) Images\8029 Neck 250 3.JPG,,high
R1738,60,8029,neck,,118 LL Royal,145 T Raj,702 Royal,,,,men 17,Jeetubhai Images\OS New folder (8) Images\8029 Neck 250 3.JPG,,high
R1739,60,8029,neck,,118 LL Royal,86 Royal,726 Raj,,,,men 17,Jeetubhai Images\OS New folder (8) Images\8029 Neck 250 3.JPG,,high
R1741,60,6089,kp,,118 LL Royal,145 T Raj,702 Royal,,,,,Jeetubhai Images\OS New folder (6) Images\6089 KP 250.JPG,125 pcs,high
R1742,60,6089,kp,,118 LL Royal,86 Royal,702 Royal,,,,,Jeetubhai Images\OS New folder (6) Images\6089 KP 250.JPG,126 pcs,high
R1743,60,7013,kp,,8 NC Royal,731 D Royal,834 DD Raj,,,,,Jeetubhai Images\OS New folder (7) Images\7013 KP 200.JPG,,high
R1744,60,7013,kp,,714 D Raj,98 D Raj,8 Royal,,,,,Jeetubhai Images\OS New folder (7) Images\7013 KP 200.JPG,,high
R1745,60,7013,kp,,407 Royal,764 Royal,8 Royal,,,,,Jeetubhai Images\OS New folder (7) Images\7013 KP 200.JPG,,high
R1746,60,7020,neck,,834 DD Raj,731 D Royal,8 NC Royal,,,,,Jeetubhai Images\OS New folder (7) Images\7020 Nake 400.JPG,,high
R1747,60,7020,neck,,8 Royal,98 D Raj,714 D Raj,,,,,Jeetubhai Images\OS New folder (7) Images\7020 Nake 400.JPG,,high
R1748,60,7020,neck,,8 Royal,764 Royal,407 Royal,,,,,Jeetubhai Images\OS New folder (7) Images\7020 Nake 400.JPG,,high
R1755,60,8066,neck,,105 NL Royal,703 L Raj,364 Raj,,,,,Jeetubhai Images\OS New folder (8) Images\8066 Neck 250.BMP|Jeetubhai Images\OS New folder (8) Images\8066 Neck.BMP,shared 8066+8081,high
R1756,60,8066,neck,,103 Royal,703 L Raj,105 DR Royal,,,,,Jeetubhai Images\OS New folder (8) Images\8066 Neck 250.BMP|Jeetubhai Images\OS New folder (8) Images\8066 Neck.BMP,shared 8066+8081,high
R1757,60,8066,neck,,341 Royal,703 L Raj,821 Raj,,,,,Jeetubhai Images\OS New folder (8) Images\8066 Neck 250.BMP|Jeetubhai Images\OS New folder (8) Images\8066 Neck.BMP,shared 8066+8081,high
R1758,60,8081,kp,,105 NL Royal,703 L Raj,364 Raj,,,,,Jeetubhai Images\OS New folder (8) Images\8081 KP 400.BMP,shared 8066+8081,high
R1759,60,8081,kp,,103 Royal,703 L Raj,105 DR Royal,,,,,Jeetubhai Images\OS New folder (8) Images\8081 KP 400.BMP,shared 8066+8081,high
R1760,60,8081,kp,,341 Royal,703 L Raj,821 Raj,,,,,Jeetubhai Images\OS New folder (8) Images\8081 KP 400.BMP,shared 8066+8081,high
R1761,60,8022,neck,,145 T Raj,713 Royal,911 Royal,,,,men 5,Jeetubhai Images\OS New folder (8) Images\8022 Nake  400.JPG,,high
R1762,60,8022,neck,,234 Royal,105 Royal,35 L Royal,,,,men 5,Jeetubhai Images\OS New folder (8) Images\8022 Nake  400.JPG,,high
R1763,60,8022,neck,,234 Royal,8 NL Royal,66 Raj,,,,men 5,Jeetubhai Images\OS New folder (8) Images\8022 Nake  400.JPG,,high
R1764,61,6034,kp,,187 Raj,LM Royal,823 Royal,,,,,Jeetubhai Images\OS New folder (6) Images\6034 KP 250.BMP,shared 6095/6034,high
R1765,61,6034,kp,,731 Royal,732 D Royal,235 Royal,,,,,Jeetubhai Images\OS New folder (6) Images\6034 KP 250.BMP,shared 6095/6034,high
R1766,61,6034,kp,,842 Raj,87 D Royal,823 Royal,,,,,Jeetubhai Images\OS New folder (6) Images\6034 KP 250.BMP,shared 6095/6034,high
R1767,61,6095,neck,,187 Raj,LM Royal,823 Royal,,,,,Jeetubhai Images\OS New folder (6) Images\6095 Neck 250.JPG|Jeetubhai Images\OS New folder (6) Images\6095 Neck 400.JPG,shared 6095/6034,high
R1768,61,6095,neck,,731 Royal,732 D Royal,235 Royal,,,,,Jeetubhai Images\OS New folder (6) Images\6095 Neck 250.JPG|Jeetubhai Images\OS New folder (6) Images\6095 Neck 400.JPG,shared 6095/6034,high
R1769,61,6095,neck,,842 Raj,87 D Royal,823 Royal,,,,,Jeetubhai Images\OS New folder (6) Images\6095 Neck 250.JPG|Jeetubhai Images\OS New folder (6) Images\6095 Neck 400.JPG,shared 6095/6034,high
R1770,61,7039,kp,,315 Royal,712 Royal,911 Royal,,,,,Jeetubhai Images\OS New folder (7) Images\7039 KP 200.JPG,shared 8010/7039,high
R1771,61,7039,kp,,315 Royal,M Royal,104 Raj,,,,,Jeetubhai Images\OS New folder (7) Images\7039 KP 200.JPG,shared 8010/7039,high
R1772,61,7039,kp,,315 Royal,M Royal,74 D Royal,,,,,Jeetubhai Images\OS New folder (7) Images\7039 KP 200.JPG,shared 8010/7039,high
R1773,61,7066,kp,,75 N Raj,190 Raj,709 Royal,,,,,Jeetubhai Images\OS New folder (7) Images\7066 KP 200.JPG,,high
R1774,61,7066,kp,,8 F Raj,190 Raj,80 Royal,,,,,Jeetubhai Images\OS New folder (7) Images\7066 KP 200.JPG,,high
R1775,61,7066,kp,,88 Royal,190 Raj,718 Raj,,,,,Jeetubhai Images\OS New folder (7) Images\7066 KP 200.JPG,,high
R1776,61,8010,neck,,315 Royal,712 Royal,911 Royal,,,,,Jeetubhai Images\OS New folder (8) Images\8010 Nake 250.JPG,shared 8010/7039,high
R1777,61,8010,neck,,315 Royal,M Royal,104 Raj,,,,,Jeetubhai Images\OS New folder (8) Images\8010 Nake 250.JPG,shared 8010/7039,high
R1778,61,8010,neck,,315 Royal,M Royal,74 D Royal,,,,,Jeetubhai Images\OS New folder (8) Images\8010 Nake 250.JPG,shared 8010/7039,high
R1782,61,8039,neck,,709 Royal,190 Raj,75 N Raj,,,,,Jeetubhai Images\OS New folder (8) Images\8039 Neck 250.BMP,,high
R1783,61,8039,neck,,718 Raj,190 Raj,88 Royal,,,,,Jeetubhai Images\OS New folder (8) Images\8039 Neck 250.BMP,,high
R1784,61,8039,neck,,80 Royal,190 Raj,8 F Raj,,,,,Jeetubhai Images\OS New folder (8) Images\8039 Neck 250.BMP,,high
R1794,61,9012,neck,,402 Royal,350 Raj,87 D Royal,,,,,Jeetubhai Images\OS New folder (9) Images\9012 Neck 250.JPG,,high
R1795,61,9012,neck,,402 Royal,350 Raj,842 Raj,,,,,Jeetubhai Images\OS New folder (9) Images\9012 Neck 250.JPG,,high
R1796,61,9012,neck,,834 DD Raj,350 Raj,17 DD Raj,,,,,Jeetubhai Images\OS New folder (9) Images\9012 Neck 250.JPG,,high
R1797,61,9012,neck,,834 DD Raj,350 Raj,105 NL Royal,,,,,Jeetubhai Images\OS New folder (9) Images\9012 Neck 250.JPG,,high
R1798,61,9012,neck,,M Royal,350 Raj,89 Raj,,,,,Jeetubhai Images\OS New folder (9) Images\9012 Neck 250.JPG,,high
R1799,61,9012,neck,,M Royal,350 Raj,90 ND Raj,,,,,Jeetubhai Images\OS New folder (9) Images\9012 Neck 250.JPG,,high
R1801,62,3029,neck+border+top,,24 D Raj,72 Royal,810 Royal,313 Royal,,,,Jeetubhai Images\OS New folder (3) images\3029 Nake.BMP,19 Pcs,high
R1802,62,3029,neck+border+top,,765 Royal,789 D Royal,70 Royal,313 Royal,,,,Jeetubhai Images\OS New folder (3) images\3029 Nake.BMP,20 Pcs,high
R1803,62,6040,kp,,145 R Raj,235 Royal,74 N Raj,,,,,Jeetubhai Images\OS New folder (6) Images\6040 KP 250.JPG,,high
R1804,62,6040,kp,,188 T Raj,235 Royal,305 D Royal,,,,,Jeetubhai Images\OS New folder (6) Images\6040 KP 250.JPG,,high
R1805,62,6040,kp,,67 Raj,235 Royal,406 Royal,,,,,Jeetubhai Images\OS New folder (6) Images\6040 KP 250.JPG,,high
R1809,62,7069,kp,,74 Royal,235 Royal,313 Royal,,,,,Jeetubhai Images\OS New folder (7) Images\7069 KP 250.JPG,193 Pcs,high
R1810,62,7069,kp,,775 Royal,235 Royal,313 Royal,,,,,Jeetubhai Images\OS New folder (7) Images\7069 KP 250.JPG,192 Pcs,high
R1811,62,7069,kp,,836 Royal,235 Royal,313 Royal,,,,,Jeetubhai Images\OS New folder (7) Images\7069 KP 250.JPG,203 Pcs,high
R1812,62,7097,neck,,74 Royal,235 Royal,313 Royal,,,,,Jeetubhai Images\OS New folder (7) Images\7097 Nake P2 250  small.JPG,,high
R1813,62,7097,neck,,775 Royal,235 Royal,313 Royal,,,,,Jeetubhai Images\OS New folder (7) Images\7097 Nake P2 250  small.JPG,,high
R1814,62,7097,neck,,836 Royal,235 Royal,313 Royal,,,,,Jeetubhai Images\OS New folder (7) Images\7097 Nake P2 250  small.JPG,,high
R1815,62,8061,neck,,732 Raj,871 Raj,80 Raj,,,,,Jeetubhai Images\OS New folder (8) Images\8061 Neck 250.BMP,shared 8061/8062,high
R1816,62,8061,neck,,911 Raj,732 Royal,871 Raj,,,,,Jeetubhai Images\OS New folder (8) Images\8061 Neck 250.BMP,shared 8061/8062,high
R1817,62,8061,neck,,MD Royal,8 Raj,Black,,,,,Jeetubhai Images\OS New folder (8) Images\8061 Neck 250.BMP,shared 8061/8062,high
R1818,62,8062,kp,,732 Raj,871 Raj,80 Raj,,,,,Jeetubhai Images\OS New folder (8) Images\8062 KP 250.BMP,shared 8061/8062,high
R1819,62,8062,kp,,911 Raj,732 Royal,871 Raj,,,,,Jeetubhai Images\OS New folder (8) Images\8062 KP 250.BMP,shared 8061/8062,high
R1820,62,8062,kp,,MD Royal,8 Raj,Black,,,,,Jeetubhai Images\OS New folder (8) Images\8062 KP 250.BMP,shared 8061/8062,high
R1821,62,9002,center panel,,1004 Royal,778 D Royal,188 Raj,,,,,Jeetubhai Images\OS New folder (9) Images\9002 Border 250.JPG|Jeetubhai Images\OS New folder (9) Images\9002 Neck 250.JPG,,high
R1822,62,9002,center panel,,190 Raj,716 Royal,362 R Raj,,,,,Jeetubhai Images\OS New folder (9) Images\9002 Border 250.JPG|Jeetubhai Images\OS New folder (9) Images\9002 Neck 250.JPG,,high
R1823,62,9002,center panel,,190 Raj,722 D Royal,756 Royal,,,,,Jeetubhai Images\OS New folder (9) Images\9002 Border 250.JPG|Jeetubhai Images\OS New folder (9) Images\9002 Neck 250.JPG,,high
R1824,62,9006,neck,,709 Royal,190 Raj,751 Raj,,,,,Jeetubhai Images\OS New folder (9) Images\9006 Neck 250.JPG,,high
R1825,62,9006,neck,,78 Raj,190 Raj,88 Royal,,,,,Jeetubhai Images\OS New folder (9) Images\9006 Neck 250.JPG,,high
R1826,62,9006,neck,,80 Royal,190 Raj,8 F Raj,,,,,Jeetubhai Images\OS New folder (9) Images\9006 Neck 250.JPG,,high
R1827,62,9009,neck,,315 Royal,120 L Royal,710 Royal,,,,,Jeetubhai Images\OS New folder (9) Images\9009 Neck 250.JPG,,high
R1828,62,9009,neck,,315 Royal,120 L Royal,324 Royal,,,,,Jeetubhai Images\OS New folder (9) Images\9009 Neck 250.JPG,,high
R1829,62,9009,neck,,315 Royal,120 L Royal,345 Royal,,,,,Jeetubhai Images\OS New folder (9) Images\9009 Neck 250.JPG,,high
R1830,63,5053,neck+border+astin border,,315 Royal,1004 D Royal,311 Royal,,,,,Jeetubhai Images\OS New folder (5) Images\5053 Kurta patti 400.BMP,,high
R1831,63,6096,neck,,105 D Royal,118 U Royal,355 Royal,,,,,Jeetubhai Images\OS New folder (6) Images\6096 Neck 400.JPG,128,high
R1832,63,6096,neck,,7 D Royal,118 U Royal,355 Royal,,,,,Jeetubhai Images\OS New folder (6) Images\6096 Neck 400.JPG,118,high
R1833,63,6096,neck,,713 Raj,118 U Royal,355 Royal,,,,,Jeetubhai Images\OS New folder (6) Images\6096 Neck 400.JPG,138,high
R1834,63,7064,kp,,74 Royal,235 Royal,319 Royal,,,,,Jeetubhai Images\OS New folder (7) Images\7064 KP 200.JPG,95,high
R1835,63,7064,kp,,775 Royal,235 Royal,319 Royal,,,,,Jeetubhai Images\OS New folder (7) Images\7064 KP 200.JPG,94,high
R1836,63,7064,kp,,836 Royal,235 Royal,319 Royal,,,,,Jeetubhai Images\OS New folder (7) Images\7064 KP 200.JPG,96,high
R1837,63,8002,neck+border,,49 LL Royal,319 Royal,235 Royal,836 Royal,,,,Jeetubhai Images\OS New folder (8) Images\8002 border 200.JPG,,high
R1838,63,8002,neck+border,,49 LL Royal,319 Royal,235 Royal,74 Royal,,,,Jeetubhai Images\OS New folder (8) Images\8002 border 200.JPG,,high
R1839,63,8002,neck+border,,49 LL Royal,319 Royal,235 Royal,775 Royal,,,,Jeetubhai Images\OS New folder (8) Images\8002 border 200.JPG,,high
R1840,63,8004,neck+border,,104 N Raj,707 Royal,332 Royal,M Royal,,,,Jeetubhai Images\OS New folder (8) Images\8004 border 200.JPG,,high
R1841,63,8004,neck+border,,782 Royal,834 D Raj,332 Royal,732 D Royal,,,,Jeetubhai Images\OS New folder (8) Images\8004 border 200.JPG,,high
R1842,63,8004,neck+border,,834 DD Raj,104 N Raj,332 Royal,768 D Royal,,,,Jeetubhai Images\OS New folder (8) Images\8004 border 200.JPG,,high
R1843,63,8099,center panel+neck+border,,16 N Royal,31 L Royal,14 Royal,,,,,Jeetubhai Images\OS New folder (8) Images\8099 Border 250.BMP|Jeetubhai Images\OS New folder (8) Images\8099 Neck.BMP,,high
R1844,63,8099,center panel+neck+border,,376 Royal,31 L Royal,727 Royal,,,,,Jeetubhai Images\OS New folder (8) Images\8099 Border 250.BMP|Jeetubhai Images\OS New folder (8) Images\8099 Neck.BMP,,high
R1845,63,8099,center panel+neck+border,,842 Royal,31 L Royal,722 D Royal,,,,,Jeetubhai Images\OS New folder (8) Images\8099 Border 250.BMP|Jeetubhai Images\OS New folder (8) Images\8099 Neck.BMP,,high
R1846,63,9001,center panel,,103 L Raj,778 D Royal,189 Royal,,,,,Jeetubhai Images\OS New folder (9) Images\9001 Neck 250.JPG,,high
R1847,63,9001,center panel,,372 LL Royal,361 Royal,776 Raj,,,,,Jeetubhai Images\OS New folder (9) Images\9001 Neck 250.JPG,,high
R1848,63,9001,center panel,,709 Royal,361 Royal,75 Royal,,,,,Jeetubhai Images\OS New folder (9) Images\9001 Neck 250.JPG,,high
R1849,63,9001,center panel,,709 Royal,778 D Royal,782 Royal,,,,,Jeetubhai Images\OS New folder (9) Images\9001 Neck 250.JPG,,high
R1850,63,9004,neck,,319 Royal,235 Royal,836 Royal,,,,,Jeetubhai Images\OS New folder (9) Images\9004 Neck 400.JPG,,high
R1851,63,9004,neck,,319 Royal,235 Royal,74 Royal,,,,,Jeetubhai Images\OS New folder (9) Images\9004 Neck 400.JPG,,high
R1852,63,9004,neck,,319 Royal,235 Royal,775 Royal,,,,,Jeetubhai Images\OS New folder (9) Images\9004 Neck 400.JPG,,high
R1869,64,6002,kp,,222 Raj,123 Royal,86 Raj,,,,,Jeetubhai Images\OS New folder (6) Images\6002 KP 250.BMP,,high
R1870,64,6002,kp,,376 Royal,795 D Royal,94 N Raj,,,,,Jeetubhai Images\OS New folder (6) Images\6002 KP 250.BMP,,high
R1871,64,6002,kp,,768 Royal,94 N Raj,376 Royal,,,,,Jeetubhai Images\OS New folder (6) Images\6002 KP 250.BMP,,high
R1872,64,6020,kp,,49 LL Royal,190 Raj,188 T Raj,,,,,Jeetubhai Images\OS New folder (6) Images\6020 KP 250.BMP,shared 6020/6044,high
R1873,64,6020,kp,,49 LL Royal,190 Raj,779 Royal,,,,,Jeetubhai Images\OS New folder (6) Images\6020 KP 250.BMP,shared 6020/6044,high
R1874,64,6020,kp,,49 LL Royal,190 Raj,789 D Raj,,,,,Jeetubhai Images\OS New folder (6) Images\6020 KP 250.BMP,shared 6020/6044,high
R1875,64,6021,kp,,104 NL Royal,118 LL Royal,322 Royal,,,,,Jeetubhai Images\OS New folder (6) Images\6021 KP 250.JPG,Pink-33 Green-32 Blue-29 in header,high
R1876,64,6021,kp,,63 Royal,118 LL Royal,777 Royal,,,,,Jeetubhai Images\OS New folder (6) Images\6021 KP 250.JPG,,high
R1877,64,6021,kp,,722 D Royal,118 LL Royal,759 Royal,,,,,Jeetubhai Images\OS New folder (6) Images\6021 KP 250.JPG,,high
R1878,64,6044,kp,,49 LL Royal,190 Raj,188 T Raj,,,,,Jeetubhai Images\OS New folder (6) Images\6044 KP 250.JPG,Green-32 Rust-43 Blue-45 in header; shared 6020/6044,high
R1879,64,6044,kp,,49 LL Royal,190 Raj,779 Royal,,,,,Jeetubhai Images\OS New folder (6) Images\6044 KP 250.JPG,shared 6020/6044,high
R1880,64,6044,kp,,49 LL Royal,190 Raj,789 D Raj,,,,,Jeetubhai Images\OS New folder (6) Images\6044 KP 250.JPG,shared 6020/6044,high
R1881,64,8095,center panel+neck+border,,100 Royal,795 D Royal,203 Royal,,,,,Jeetubhai Images\OS New folder (8) Images\8095 Border 250.BMP|Jeetubhai Images\OS New folder (8) Images\8095 Neck 250.BMP,51 KP,high
R1882,64,8095,center panel+neck+border,,768 Royal,79 Raj,361 Royal,,,,,Jeetubhai Images\OS New folder (8) Images\8095 Border 250.BMP|Jeetubhai Images\OS New folder (8) Images\8095 Neck 250.BMP,46 KP,high
R1883,64,8095,center panel+neck+border,,842 Royal,75 N Raj,710 D Raj,,,,,Jeetubhai Images\OS New folder (8) Images\8095 Border 250.BMP|Jeetubhai Images\OS New folder (8) Images\8095 Neck 250.BMP,52 KP,high
R1884,64,8096,neck,,32 S Royal,188 T Raj,,,,,,Jeetubhai Images\OS New folder (8) Images\8096 Neck 400.BMP,,high
R1885,64,8096,neck,,32 S Royal,777 Royal,,,,,,Jeetubhai Images\OS New folder (8) Images\8096 Neck 400.BMP,,high
R1886,64,8096,neck,,32 S Royal,911 DD Raj,,,,,,Jeetubhai Images\OS New folder (8) Images\8096 Neck 400.BMP,,high
R1887,64,8097,kp,,188 T Raj,32 S Royal,,,,,,Jeetubhai Images\OS New folder (8) Images\8097 KP 400.BMP,,high
R1888,64,8097,kp,,777 Royal,32 S Royal,,,,,,Jeetubhai Images\OS New folder (8) Images\8097 KP 400.BMP,,high
R1889,64,8097,kp,,911 DD Raj,32 S Royal,,,,,,Jeetubhai Images\OS New folder (8) Images\8097 KP 400.BMP,,high
R1890,65,5033,neck+border,,315 Royal,1004 D Royal,311 Royal,,,,,Jeetubhai Images\OS New folder (5) Images\5033 Neck 400.BMP,Border1+Border2,high
R1892,65,6039,kp,,103 L Raj,95 Royal,840 L Royal,,,,,Jeetubhai Images\OS New folder (6) Images\6039 KP 250.JPG,47 Pcs,high
R1893,65,6039,kp,,710 D Raj,74 D Royal,120 N Royal,,,,,Jeetubhai Images\OS New folder (6) Images\6039 KP 250.JPG,41 Pcs,high
R1894,65,7009,kp,,824 Royal,741 Raj,81 Raj,,,,,Jeetubhai Images\OS New folder (7) Images\7009 KP 200.JPG,,high
R1895,65,7013,kp,,714 D Raj,98 D Raj,8 Royal,,,,,Jeetubhai Images\OS New folder (7) Images\7013 KP 200.JPG,,high
R1896,65,7013,kp,,76 Royal,764 Royal,8 Royal,,,,,Jeetubhai Images\OS New folder (7) Images\7013 KP 200.JPG,,high
R1897,65,7013,kp,,8 NL Royal,731 D Royal,842 Royal,,,,,Jeetubhai Images\OS New folder (7) Images\7013 KP 200.JPG,,high
R1898,65,8004,neck+border,,104 N Raj,707 Royal,322 Royal,M Royal,,,,Jeetubhai Images\OS New folder (8) Images\8004 border 200.JPG,,high
R1899,65,8004,neck+border,,834 DD Raj,104 N Raj,322 Royal,768 D Royal,,,,Jeetubhai Images\OS New folder (8) Images\8004 border 200.JPG,,high
R1900,65,8004,neck+border,,97 Royal,834 DD Raj,322 Royal,732 D Royal,,,,Jeetubhai Images\OS New folder (8) Images\8004 border 200.JPG,,high
R1901,65,8090,neck+border,,81 Raj,741 Raj,824 Royal,,,,,Jeetubhai Images\OS New folder (8) Images\8090 Border.BMP|Jeetubhai Images\OS New folder (8) Images\8090 Neck.JPG,Blue 70 Orang 84 Green 88,high
R1902,65,8091,neck+border,,731 D Royal,842 Royal,8 NL Royal,,,,,Jeetubhai Images\OS New folder (8) Images\8091 Border.BMP|Jeetubhai Images\OS New folder (8) Images\8091 Neck 250.BMP,47 Pcs,high
R1903,65,8091,neck+border,,764 Royal,8 Royal,76 Royal,,,,,Jeetubhai Images\OS New folder (8) Images\8091 Border.BMP|Jeetubhai Images\OS New folder (8) Images\8091 Neck 250.BMP,46 Pcs,high
R1904,65,8091,neck+border,,98 D Raj,8 Royal,714 D Raj,,,,,Jeetubhai Images\OS New folder (8) Images\8091 Border.BMP|Jeetubhai Images\OS New folder (8) Images\8091 Neck 250.BMP,46 Pcs,high
R1912,66,5033,neck+border+s border,,315 Royal,1004 D Royal,311 Royal,,,,,Jeetubhai Images\OS New folder (5) Images\5033 Neck 400.BMP,Green-189 Firoji-190 Yellow-191,high
R1913,66,5069,kp,,100 Royal,326 Royal,339 D Raj,,,,jari,Jeetubhai Images\OS New folder (5) Images\5069 Kurta patti 400.BMP,,high
R1914,66,5069,kp,,8 D Royal,358 Royal,81 Royal,,,,jari,Jeetubhai Images\OS New folder (5) Images\5069 Kurta patti 400.BMP,,high
R1915,66,5069,kp,,842 Royal,710 D Raj,710 Raj,,,,jari,Jeetubhai Images\OS New folder (5) Images\5069 Kurta patti 400.BMP,,high
R1916,66,7006,kp,,707 Royal,49 L Royal,190 Raj,,,,,Jeetubhai Images\OS New folder (7) Images\7006 KP 200.JPG,40 Pcs,high
R1917,66,7006,kp,,81 Raj,49 L Royal,190 Raj,,,,,Jeetubhai Images\OS New folder (7) Images\7006 KP 200.JPG,38 Pcs,high
R1918,66,7006,kp,,839 Raj,49 L Royal,190 Raj,,,,,Jeetubhai Images\OS New folder (7) Images\7006 KP 200.JPG,44 Pcs,high
R1919,66,7027,kp,,309 Royal,190 Raj,110 Raj,,,,mang,Jeetubhai Images\OS New folder (7) Images\7027 KP 200.JPG,38 Pcs,high
R1920,66,7027,kp,,363 Raj,190 Raj,186 Raj,,,,mang,Jeetubhai Images\OS New folder (7) Images\7027 KP 200.JPG,32 Pcs,high
R1921,66,7027,kp,,792 Royal,190 Raj,716 Royal,,,,mang,Jeetubhai Images\OS New folder (7) Images\7027 KP 200.JPG,38 Pcs,high
R1925,66,8086,neck,,100 Royal,326 Royal,339 D Raj,,,,mang,Jeetubhai Images\OS New folder (8) Images\8086 Neck 250.BMP,71 Pcs,high
R1926,66,8086,neck,,358 Royal,8 D Royal,81 Royal,,,,mang,Jeetubhai Images\OS New folder (8) Images\8086 Neck 250.BMP,71 Pcs,high
R1927,66,8086,neck,,842 Royal,710 D Raj,710 Raj,,,,mang,Jeetubhai Images\OS New folder (8) Images\8086 Neck 250.BMP,81 Pcs,high
R1928,66,8087,neck,,372 U Royal,361 Royal,776 Raj,,,,mang,Jeetubhai Images\OS New folder (8) Images\8087 Neck 250.BMP,76 Pcs,high
R1929,66,8087,neck,,709 Royal,361 Royal,75 Royal,,,,mang,Jeetubhai Images\OS New folder (8) Images\8087 Neck 250.BMP,78 Pcs,high
R1930,66,8087,neck,,709 Royal,778 D Royal,782 Royal,,,,mang,Jeetubhai Images\OS New folder (8) Images\8087 Neck 250.BMP,68 Pcs,high
R1934,66,8089,neck,,728 D Royal,79 Royal,,,,,mang,Jeetubhai Images\OS New folder (8) Images\8089 Neck 250.BMP,73 Pcs,high
R1935,66,8089,neck,,766 Raj,716 Royal,,,,,mang,Jeetubhai Images\OS New folder (8) Images\8089 Neck 250.BMP,73 Pcs,high
R1936,66,8089,neck,,86 Royal,739 Raj,,,,,mang,Jeetubhai Images\OS New folder (8) Images\8089 Neck 250.BMP,71 Pcs,high
R1940,67,7066,kp,,768 D Royal,834 DD Raj,104 N Raj,,,,,Jeetubhai Images\OS New folder (7) Images\7066 KP 200.JPG,76 Pcs,high
R1941,67,7066,kp,,917 Raj,74 N Raj,782 Royal,,,,,Jeetubhai Images\OS New folder (7) Images\7066 KP 200.JPG,66 Pcs,high
R1942,67,7066,kp,,M Royal,104 N Raj,719 Royal,,,,,Jeetubhai Images\OS New folder (7) Images\7066 KP 200.JPG,62 Pcs,high
R1943,67,7090,kp,,8 NL Royal,322 Royal,792 D Royal,,,,,Jeetubhai Images\OS New folder (7) Images\7090 KP 200.JPG|Jeetubhai Images\OS New folder (7) Images\7090 KP 400.BMP,51 Pcs,high
R1944,67,7090,kp,,911 D Royal,322 Royal,722 Raj,,,,,Jeetubhai Images\OS New folder (7) Images\7090 KP 200.JPG|Jeetubhai Images\OS New folder (7) Images\7090 KP 400.BMP,54 Pcs,high
R1945,67,7090,kp,,MD Royal,322 Royal,LM Royal,,,,,Jeetubhai Images\OS New folder (7) Images\7090 KP 200.JPG|Jeetubhai Images\OS New folder (7) Images\7090 KP 400.BMP,51 Pcs,high
R1946,67,8012,neck,,756 Royal,74 N Raj,73 N Raj,,,,,Jeetubhai Images\OS New folder (8) Images\8012 Nake 250.JPG,,high
R1947,67,8012,neck,,768 Royal,105 Raj,806 Royal,,,,,Jeetubhai Images\OS New folder (8) Images\8012 Nake 250.JPG,,high
R1948,67,8012,neck,,778 D Royal,88 Royal,790 Royal,,,,,Jeetubhai Images\OS New folder (8) Images\8012 Nake 250.JPG,,high
R1949,67,8014,neck,,343 Royal,222 D Raj,75 Royal,,,,,Jeetubhai Images\OS New folder (8) Images\8014 Nake 250.BMP|Jeetubhai Images\OS New folder (8) Images\8014 Nake 250.JPG,,high
R1950,67,8014,neck,,343 Royal,35 D Raj,936 Royal,,,,,Jeetubhai Images\OS New folder (8) Images\8014 Nake 250.BMP|Jeetubhai Images\OS New folder (8) Images\8014 Nake 250.JPG,,high
R1951,67,8014,neck,,343 Royal,7 Royal,791 Raj,,,,,Jeetubhai Images\OS New folder (8) Images\8014 Nake 250.BMP|Jeetubhai Images\OS New folder (8) Images\8014 Nake 250.JPG,,high
R1952,67,8014,neck,,343 Royal,798 Royal,4 Raj,,,,,Jeetubhai Images\OS New folder (8) Images\8014 Nake 250.BMP|Jeetubhai Images\OS New folder (8) Images\8014 Nake 250.JPG,,high
R1953,67,8015,neck,,100 Royal,326 Royal,339 D Raj,,,,,Jeetubhai Images\OS New folder (8) Images\8015 Nake 250.JPG,,high
R1954,67,8015,neck,,358 Royal,8 D Royal,81 Royal,,,,,Jeetubhai Images\OS New folder (8) Images\8015 Nake 250.JPG,,high
R1955,67,8015,neck,,842 Royal,710 D Raj,710 Raj,,,,,Jeetubhai Images\OS New folder (8) Images\8015 Nake 250.JPG,,high
R1956,67,8026,neck,,4 Raj,798 Royal,343 Royal,,,,,Jeetubhai Images\OS New folder (8) Images\8026 Neck 250.JPG,,high
R1957,67,8026,neck,,791 Raj,222 D Raj,343 Royal,,,,,Jeetubhai Images\OS New folder (8) Images\8026 Neck 250.JPG,,high
R1958,67,8026,neck,,791 Raj,35 D Raj,343 Royal,,,,,Jeetubhai Images\OS New folder (8) Images\8026 Neck 250.JPG,,high
R1959,67,8026,neck,,936 Raj,35 D Raj,343 Royal,,,,,Jeetubhai Images\OS New folder (8) Images\8026 Neck 250.JPG,,high
R1963,67,8076,neck,,372 U Royal,361 Royal,776 Raj,,,,,Jeetubhai Images\OS New folder (8) Images\8076 Neck 250.BMP,,high
R1964,67,8076,neck,,403 Royal,778 D Royal,782 Royal,,,,,Jeetubhai Images\OS New folder (8) Images\8076 Neck 250.BMP,,high
R1965,67,8076,neck,,709 Royal,361 Royal,75 Royal,,,,,Jeetubhai Images\OS New folder (8) Images\8076 Neck 250.BMP,,high
R1966,68,5066,kp,,315 Royal,1004 D Royal,98 D Raj,,,,,Jeetubhai Images\OS New folder (5) Images\5066 Kurta patti 400.BMP,shared 8044/5066; 42 KP,high
R1967,68,5066,kp,,315 Royal,1004 D Royal,722 Raj,,,,,Jeetubhai Images\OS New folder (5) Images\5066 Kurta patti 400.BMP,shared 8044/5066; 42 KP,high
R1968,68,5066,kp,,315 Royal,235 Royal,188 T Raj,,,,,Jeetubhai Images\OS New folder (5) Images\5066 Kurta patti 400.BMP,shared 8044/5066; 36 KP,high
R1972,68,7069,kp,,343 Royal,168 Royal,190 Raj,,,tikli,,Jeetubhai Images\OS New folder (7) Images\7069 KP 250.JPG,shared 7097/7069,high
R1973,68,7069,kp,,45 Royal,168 Royal,190 Raj,,,tikli,,Jeetubhai Images\OS New folder (7) Images\7069 KP 250.JPG,shared 7097/7069,high
R1974,68,7069,kp,,936 Raj,168 Royal,190 Raj,,,tikli,,Jeetubhai Images\OS New folder (7) Images\7069 KP 250.JPG,shared 7097/7069,high
R1987,68,8039,neck,,118 L Royal,316 Raj,345 Royal,,,,,Jeetubhai Images\OS New folder (8) Images\8039 Neck 250.BMP,all common; shared 8039/8040,high
R1988,68,8040,kp,,118 L Royal,316 Raj,345 Royal,,,,,Jeetubhai Images\OS New folder (8) Images\8040 KP 200.BMP|Jeetubhai Images\OS New folder (8) Images\8040 KP 250.BMP,all common; shared 8039/8040,high
R1989,68,8044,neck,,315 Royal,1004 D Royal,98 D Raj,,,,,Jeetubhai Images\OS New folder (8) Images\8044 Neck 250.BMP,shared 8044/5066; 42 KP,high
R1990,68,8044,neck,,315 Royal,1004 D Royal,722 Raj,,,,,Jeetubhai Images\OS New folder (8) Images\8044 Neck 250.BMP,shared 8044/5066; 42 KP,high
R1991,68,8044,neck,,315 Royal,235 Royal,188 T Raj,,,,,Jeetubhai Images\OS New folder (8) Images\8044 Neck 250.BMP,shared 8044/5066; 36 KP,high
R1998,68,8083,neck+border,,49 U Royal,190 Raj,104 L Royal,168 Royal,343 Royal,,,Jeetubhai Images\OS New folder (8) Images\8083 Border 200.BMP|Jeetubhai Images\OS New folder (8) Images\8083 Neck 200.BMP,,high
R1999,68,8083,neck+border,,49 U Royal,190 Raj,104 L Royal,168 Royal,45 Royal,,,Jeetubhai Images\OS New folder (8) Images\8083 Border 200.BMP|Jeetubhai Images\OS New folder (8) Images\8083 Neck 200.BMP,,high
R2000,68,8083,neck+border,,49 U Royal,190 Raj,313 Royal,168 Royal,936 Raj,,,Jeetubhai Images\OS New folder (8) Images\8083 Border 200.BMP|Jeetubhai Images\OS New folder (8) Images\8083 Neck 200.BMP,,high
R2002,69,5000,neck+border,,35 D Royal,17 N Royal,313 Royal,779 Royal,414 Royal,,,Jeetubhai Images\OS New folder (4) Images\5000 Neck.BMP,,high
R2003,69,5000,neck+border,,779 Royal,414 Royal,313 Royal,6 Royal,23 Raj,,,Jeetubhai Images\OS New folder (4) Images\5000 Neck.BMP,,high
R2010,69,7029,body+daman+border,,109 Royal,357 Royal,,,,,,Jeetubhai Images\OS New folder (7) Images\7029 Body  400.BMP|Jeetubhai Images\OS New folder (7) Images\7029 Body  400.JPG|Jeetubhai Images\OS New folder (7) Images\7029 Border 200.JPG|Jeetubhai Images\OS New folder (7) Images\7029 Daman.JPG,80 Pcs,high
R2011,69,7029,body+daman+border,,109 Royal,75 Royal,,,,,,Jeetubhai Images\OS New folder (7) Images\7029 Body  400.BMP|Jeetubhai Images\OS New folder (7) Images\7029 Body  400.JPG|Jeetubhai Images\OS New folder (7) Images\7029 Border 200.JPG|Jeetubhai Images\OS New folder (7) Images\7029 Daman.JPG,80 Pcs,high
R2012,69,7029,body+daman+border,,109 Royal,810 L Royal,,,,,,Jeetubhai Images\OS New folder (7) Images\7029 Body  400.BMP|Jeetubhai Images\OS New folder (7) Images\7029 Body  400.JPG|Jeetubhai Images\OS New folder (7) Images\7029 Border 200.JPG|Jeetubhai Images\OS New folder (7) Images\7029 Daman.JPG,86 Pcs,high
R2016,69,7098,neck,,335 Royal,188 T Raj,,,,,,Jeetubhai Images\OS New folder (7) Images\7098 Nake 400.JPG,104 Pcs,high
R2017,69,7098,neck,,335 Royal,357 Royal,,,,,,Jeetubhai Images\OS New folder (7) Images\7098 Nake 400.JPG,109 Pcs,high
R2018,69,7098,neck,,335 Royal,75 N Raj,,,,,,Jeetubhai Images\OS New folder (7) Images\7098 Nake 400.JPG,109 Pcs,high
R2019,69,8010,neck,,190 Raj,309 Royal,114 Raj,,,tikli,jari,Jeetubhai Images\OS New folder (8) Images\8010 Nake 250.JPG,,high
R2020,69,8010,neck,,190 Raj,363 Raj,186 Raj,,,tikli,jari,Jeetubhai Images\OS New folder (8) Images\8010 Nake 250.JPG,,high
R2021,69,8010,neck,,190 Raj,792 Royal,76 Royal,,,tikli,jari,Jeetubhai Images\OS New folder (8) Images\8010 Nake 250.JPG,,high
R2022,69,8025,neck,,751 Royal,188 T Raj,,,,,,Jeetubhai Images\OS New folder (8) Images\8025 Nake 250.JPG,156 Pcs,high
R2023,69,8025,neck,,751 Royal,406 Royal,,,,,,Jeetubhai Images\OS New folder (8) Images\8025 Nake 250.JPG,159 Pcs,high
R2024,69,8025,neck,,751 Royal,838 Raj,,,,,,Jeetubhai Images\OS New folder (8) Images\8025 Nake 250.JPG,147 Pcs,high
R2025,69,8060,neck+border,,123 Royal,318 Royal,739 Royal,,,,,Jeetubhai Images\OS New folder (8) Images\8060 Neck+Border.BMP|Jeetubhai Images\OS New folder (8) Images\8060 Neck.BMP,Peach-58 Firoji-56 Green-57,high
R2026,69,8078,kp,,751 Royal,188 T Raj,,,,,,Jeetubhai Images\OS New folder (8) Images\8078 KP 400.BMP,156 Pcs,high
R2027,69,8078,kp,,751 Royal,406 Royal,,,,,,Jeetubhai Images\OS New folder (8) Images\8078 KP 400.BMP,159 Pcs,high
R2028,69,8078,kp,,751 Royal,838 Raj,,,,,,Jeetubhai Images\OS New folder (8) Images\8078 KP 400.BMP,147 Pcs,high
R2029,69,8079,kp,,335 Royal,188 T Raj,,,,,,Jeetubhai Images\OS New folder (8) Images\8079 KP 400.BMP,104 Pcs,high
R2030,69,8079,kp,,335 Royal,357 Royal,,,,,,Jeetubhai Images\OS New folder (8) Images\8079 KP 400.BMP,109 Pcs,high
R2031,69,8079,kp,,335 Royal,75 N Raj,,,,,,Jeetubhai Images\OS New folder (8) Images\8079 KP 400.BMP,109 Pcs,high
R2032,69,8081,kp,,130 L Royal,325 Royal,864 Raj,,,tikli,,Jeetubhai Images\OS New folder (8) Images\8081 KP 400.BMP,Blue-178,high
R2033,69,8081,kp,,305 Royal,325 Royal,797 Royal,,,tikli,,Jeetubhai Images\OS New folder (8) Images\8081 KP 400.BMP,Yellow-171,high
R2034,69,8081,kp,,805 Royal,324 Royal,936 Raj,,,tikli,,Jeetubhai Images\OS New folder (8) Images\8081 KP 400.BMP,Pink-167,high
R2035,70,7054,neck,,235 Royal,710 D Raj,127 DD Raj,,,,,Jeetubhai Images\OS New folder (7) Images\7054 Nake 250.JPG,,high
R2036,70,7054,neck,,235 Royal,81 Raj,710 D Raj,,,,,Jeetubhai Images\OS New folder (7) Images\7054 Nake 250.JPG,,high
R2037,70,7054,neck,,81 Raj,710 D Raj,235 Royal,,,,,Jeetubhai Images\OS New folder (7) Images\7054 Nake 250.JPG,,high
R2041,70,7086,neck,,26 Royal,751 Royal,853 Royal,,,,,Jeetubhai Images\OS New folder (7) Images\7086 Nake 400.JPG,,high
R2042,70,7086,neck,,73 N Raj,751 Royal,222 Raj,,,,,Jeetubhai Images\OS New folder (7) Images\7086 Nake 400.JPG,,high
R2043,70,7086,neck,,95 N Raj,751 Royal,95 N Royal,,,,,Jeetubhai Images\OS New folder (7) Images\7086 Nake 400.JPG,,high
R2047,70,7089,neck,,143 Raj,49 N Raj,23 T Raj,,,,,Jeetubhai Images\OS New folder (7) Images\7089 Nake 250.JPG,LG,high
R2048,70,7089,neck,,702 Raj,49 N Raj,779 Royal,,,,,Jeetubhai Images\OS New folder (7) Images\7089 Nake 250.JPG,,high
R2049,70,7089,neck,,727 Raj,49 N Raj,130 Royal,,,,,Jeetubhai Images\OS New folder (7) Images\7089 Nake 250.JPG,,high
R2050,70,8022,neck,,35 Royal,32 Royal,791 Raj,,,,,Jeetubhai Images\OS New folder (8) Images\8022 Nake  400.JPG,,high
R2051,70,8022,neck,,35 Royal,32 Royal,61 N Raj,,,,,Jeetubhai Images\OS New folder (8) Images\8022 Nake  400.JPG,,high
R2052,70,8022,neck,,735 Royal,32 Royal,188 T Raj,,,,,Jeetubhai Images\OS New folder (8) Images\8022 Nake  400.JPG,,high
R2059,70,8051,kp,,105 D Royal,105 L Royal,702 Royal,,,,,Jeetubhai Images\OS New folder (8) Images\8051 KP 200.BMP|Jeetubhai Images\OS New folder (8) Images\8051 KP 400.BMP,96 Pcs,high
R2060,70,8051,kp,,732 D Royal,702 Royal,357 Royal,,,,,Jeetubhai Images\OS New folder (8) Images\8051 KP 200.BMP|Jeetubhai Images\OS New folder (8) Images\8051 KP 400.BMP,90 Pcs,high
R2061,70,8051,kp,,MD Royal,766 Raj,722 Royal,,,,,Jeetubhai Images\OS New folder (8) Images\8051 KP 200.BMP|Jeetubhai Images\OS New folder (8) Images\8051 KP 400.BMP,88 Pcs,high
R2062,70,8052,neck,,105 L Royal,105 D Royal,702 Royal,,,,,Jeetubhai Images\OS New folder (8) Images\8052 Neck 400.BMP,,high
R2063,70,8052,neck,,702 Royal,732 D Royal,357 Royal,,,,,Jeetubhai Images\OS New folder (8) Images\8052 Neck 400.BMP,,high
R2064,70,8052,neck,,766 Raj,MD Royal,722 Royal,,,,,Jeetubhai Images\OS New folder (8) Images\8052 Neck 400.BMP,,high
R2071,71,5033,neck+border,,315 Royal,1004 D Royal,188 T Raj,,,,jari,Jeetubhai Images\OS New folder (5) Images\5033 Neck 400.BMP,,high
R2072,71,5033,neck+border,,315 Royal,1004 D Royal,98 D Raj,,,,jari,Jeetubhai Images\OS New folder (5) Images\5033 Neck 400.BMP,,high
R2073,71,5033,neck+border,,315 Royal,235 Royal,722 Raj,,,,jari,Jeetubhai Images\OS New folder (5) Images\5033 Neck 400.BMP,,high
R2101,72,7053,kp,,722 DD Raj,842 Royal,8 NL Royal,,,,,Jeetubhai Images\OS New folder (7) Images\7053 KP 200.JPG,,high
R2102,72,7053,kp,,8 NL Royal,732 D Royal,834 Raj,,,,,Jeetubhai Images\OS New folder (7) Images\7053 KP 200.JPG,,high
R2103,72,7053,kp,,924 Raj,8 NL Royal,LM Raj,,,,,Jeetubhai Images\OS New folder (7) Images\7053 KP 200.JPG,,high
R2107,72,7069,kp,,188 Raj,105 Raj,334 Raj,,,,,Jeetubhai Images\OS New folder (7) Images\7069 KP 250.JPG,,high
R2108,72,7069,kp,,810 L Raj,358 Royal,334 Raj,,,,,Jeetubhai Images\OS New folder (7) Images\7069 KP 250.JPG,,high
R2109,72,7069,kp,,LML Royal,849 Royal,334 Raj,,,,,Jeetubhai Images\OS New folder (7) Images\7069 KP 250.JPG,,high
R2110,72,8068,kp,,235 Royal,305 D Royal,188 T Raj,,,,jari,Jeetubhai Images\OS New folder (8) Images\8068 KP.BMP,,high
R2111,72,8068,kp,,235 Royal,66 Raj,145 R Raj,,,,jari,Jeetubhai Images\OS New folder (8) Images\8068 KP.BMP,,high
R2112,72,8068,kp,,235 Royal,75 Royal,810 Raj,,,,jari,Jeetubhai Images\OS New folder (8) Images\8068 KP.BMP,,high
R2113,72,8069,center panel+border+neck,,110 Royal,710 Royal,707 D Royal,,,,,Jeetubhai Images\OS New folder (8) Images\8069 Border 250.BMP|Jeetubhai Images\OS New folder (8) Images\8069 Neck 250.BMP|Jeetubhai Images\OS New folder (8) Images\8069 Neck.BMP,,high
R2114,72,8069,center panel+border+neck,,707 Raj,710 Royal,932 Royal,,,,,Jeetubhai Images\OS New folder (8) Images\8069 Border 250.BMP|Jeetubhai Images\OS New folder (8) Images\8069 Neck 250.BMP|Jeetubhai Images\OS New folder (8) Images\8069 Neck.BMP,,high
R2115,72,8069,center panel+border+neck,,929 Raj,710 Royal,63 Royal,,,,,Jeetubhai Images\OS New folder (8) Images\8069 Border 250.BMP|Jeetubhai Images\OS New folder (8) Images\8069 Neck 250.BMP|Jeetubhai Images\OS New folder (8) Images\8069 Neck.BMP,,high
R2116,72,8070,border+neck,,190 Raj,88 N Royal,104 Raj,,,,jari,Jeetubhai Images\OS New folder (8) Images\8070 Border 250.BMP|Jeetubhai Images\OS New folder (8) Images\8070 Neck.BMP,,high
R2117,72,8070,border+neck,,190 Raj,937 D Raj,74 N Raj,,,,jari,Jeetubhai Images\OS New folder (8) Images\8070 Border 250.BMP|Jeetubhai Images\OS New folder (8) Images\8070 Neck.BMP,,high
R2118,72,8070,border+neck,,702 Raj,342 DR Raj,112 N Raj,,,,jari,Jeetubhai Images\OS New folder (8) Images\8070 Border 250.BMP|Jeetubhai Images\OS New folder (8) Images\8070 Neck.BMP,,high
R2119,72,8071,border+neck,,342 DR Raj,103 Royal,187 Raj,,,,jari,Jeetubhai Images\OS New folder (8) Images\8071 Border 250.BMP|Jeetubhai Images\OS New folder (8) Images\8071 Neck.BMP,,high
R2120,72,8071,border+neck,,366 Raj,362 R Raj,363 Raj,,,,jari,Jeetubhai Images\OS New folder (8) Images\8071 Border 250.BMP|Jeetubhai Images\OS New folder (8) Images\8071 Neck.BMP,,high
R2121,72,8071,border+neck,,710 D Raj,75 N Raj,61 N Royal,,,,jari,Jeetubhai Images\OS New folder (8) Images\8071 Border 250.BMP|Jeetubhai Images\OS New folder (8) Images\8071 Neck.BMP,,high
R2125,72,8075,kp,,102 D Royal,34 S Royal,342 DR Raj,,,,jari,Jeetubhai Images\OS New folder (8) Images\8075 KP 400.BMP,Yellow-165,high
R2126,72,8075,kp,,102 D Royal,34 S Royal,74 N Raj,,,,jari,Jeetubhai Images\OS New folder (8) Images\8075 KP 400.BMP,Blue-172,high
R2127,72,8075,kp,,102 D Royal,34 S Royal,936 Raj,,,,jari,Jeetubhai Images\OS New folder (8) Images\8075 KP 400.BMP,Green-170,high
R2132,73,4097,neck+border,,35 D Royal,17 N Royal,779 Royal,118 Royal,414 Royal,,,Jeetubhai Images\OS New folder (4) Images\4097 Neck Seq.BMP,,high
R2133,73,4097,neck+border,,779 Royal,414 Royal,6 Royal,118 Royal,23 Raj,,,Jeetubhai Images\OS New folder (4) Images\4097 Neck Seq.BMP,,high
R2135,73,5000,neck+jod+border,,35 D Royal,17 N Royal,118 Royal,779 Royal,414 Royal,,,Jeetubhai Images\OS New folder (4) Images\5000 Neck.BMP,,high
R2136,73,5000,neck+jod+border,,779 Royal,414 Royal,118 Royal,6 Royal,23 Raj,,,Jeetubhai Images\OS New folder (4) Images\5000 Neck.BMP,,high
R2155,73,8065,neck,,104 N Raj,719 Royal,M Royal,,,,mora,Jeetubhai Images\OS New folder (8) Images\8065 Neck 250.BMP,,high
R2156,73,8065,neck,,74 N Raj,782 Royal,731 D Royal,,,,mora,Jeetubhai Images\OS New folder (8) Images\8065 Neck 250.BMP,,high
R2157,73,8065,neck,,834 DD Raj,104 N Raj,768 D Royal,,,,mora,Jeetubhai Images\OS New folder (8) Images\8065 Neck 250.BMP,,high
R2158,73,8066,neck,,305 D Royal,235 Royal,188 T Raj,,,,,Jeetubhai Images\OS New folder (8) Images\8066 Neck 250.BMP|Jeetubhai Images\OS New folder (8) Images\8066 Neck.BMP,,high
R2160,73,8066,neck,,75 Royal,235 Royal,810 Raj,,,,,Jeetubhai Images\OS New folder (8) Images\8066 Neck 250.BMP|Jeetubhai Images\OS New folder (8) Images\8066 Neck.BMP,,high
R2161,73,8067,neck,,305 D Royal,235 Royal,188 T Raj,,,,,Jeetubhai Images\OS New folder (8) Images\8067 Neck.BMP,,high
R2163,73,8067,neck,,75 Royal,235 Royal,810 Raj,,,,,Jeetubhai Images\OS New folder (8) Images\8067 Neck.BMP,,high
R2179,74,8004,neck+border,,104 N Raj,719 Royal,321 Royal,M Royal,,,,Jeetubhai Images\OS New folder (8) Images\8004 border 200.JPG,,high
R2180,74,8004,neck+border,,74 N Raj,782 Royal,321 Royal,731 D Royal,,,,Jeetubhai Images\OS New folder (8) Images\8004 border 200.JPG,,high
R2181,74,8004,neck+border,,834 D Raj,104 N Raj,321 Royal,768 D Royal,,,,Jeetubhai Images\OS New folder (8) Images\8004 border 200.JPG,,high
R2185,74,8061,neck,,105 D Raj,MD Royal,80 Raj,,,,,Jeetubhai Images\OS New folder (8) Images\8061 Neck 250.BMP,LG; shared 8061/8062,high
R2186,74,8061,neck,,911 Raj,732 Royal,871 Raj,,,,,Jeetubhai Images\OS New folder (8) Images\8061 Neck 250.BMP,LG; shared 8061/8062,high
R2187,74,8061,neck,,MD Royal,80 Raj,Black,,,,,Jeetubhai Images\OS New folder (8) Images\8061 Neck 250.BMP,LG; shared 8061/8062,high
R2188,74,8062,kk,,105 D Raj,MD Royal,80 Raj,,,,,Jeetubhai Images\OS New folder (8) Images\8062 KP 250.BMP,LG; shared 8061/8062,high
R2189,74,8062,kk,,911 Raj,732 Royal,871 Raj,,,,,Jeetubhai Images\OS New folder (8) Images\8062 KP 250.BMP,LG; shared 8061/8062,high
R2190,74,8062,kk,,MD Royal,80 Raj,Black,,,,,Jeetubhai Images\OS New folder (8) Images\8062 KP 250.BMP,LG; shared 8061/8062,high
R2194,75,5033,neck+border,,105 D Raj,112 N Raj,725 Raj,,,,,Jeetubhai Images\OS New folder (5) Images\5033 Neck 400.BMP,,high
R2203,75,8057,kp,,190 Raj,M Royal,104 Raj,,,,,Jeetubhai Images\OS New folder (8) Images\8057 KP 200.BMP,shared 8057/8058,high
R2204,75,8057,kp,,315 Raj,712 Royal,911 Royal,,,,,Jeetubhai Images\OS New folder (8) Images\8057 KP 200.BMP,shared 8057/8058,high
R2205,75,8057,kp,,315 Raj,849 Raj,100 Royal,,,,,Jeetubhai Images\OS New folder (8) Images\8057 KP 200.BMP,shared 8057/8058,high
R2206,75,8057,kp,,315 Raj,M Royal,768 D Royal,,,,,Jeetubhai Images\OS New folder (8) Images\8057 KP 200.BMP,shared 8057/8058,high
R2207,75,8057,kp,,731 Royal,MMD Royal,8 NL Royal,,,,,Jeetubhai Images\OS New folder (8) Images\8057 KP 200.BMP,shared 8057/8058,high
R2208,75,8057,kp,,88 Royal,M Royal,729 Royal,,,,,Jeetubhai Images\OS New folder (8) Images\8057 KP 200.BMP,shared 8057/8058,high
R2209,75,8058,,,190 Raj,M Royal,104 Raj,,,,,Jeetubhai Images\OS New folder (8) Images\8058 KP 200.BMP,shared 8057/8058; part blank on header,high
R2210,75,8058,,,315 Raj,712 Royal,911 Royal,,,,,Jeetubhai Images\OS New folder (8) Images\8058 KP 200.BMP,shared 8057/8058; part blank on header,high
R2211,75,8058,,,315 Raj,849 Raj,100 Royal,,,,,Jeetubhai Images\OS New folder (8) Images\8058 KP 200.BMP,shared 8057/8058; part blank on header,high
R2212,75,8058,,,315 Raj,M Royal,768 D Royal,,,,,Jeetubhai Images\OS New folder (8) Images\8058 KP 200.BMP,shared 8057/8058; part blank on header,high
R2213,75,8058,,,731 Royal,MMD Royal,8 NL Royal,,,,,Jeetubhai Images\OS New folder (8) Images\8058 KP 200.BMP,shared 8057/8058; part blank on header,high
R2214,75,8058,,,88 Royal,M Royal,729 Royal,,,,,Jeetubhai Images\OS New folder (8) Images\8058 KP 200.BMP,shared 8057/8058; part blank on header,high
