recipe_id,source_page,design_no,parts,cloth,n1,n2,n3,n4,n5,tikli,jari_note,image,notes,clarity
R0001,1,1237,neck+astin border,lemon,741 Raj,125 LR Royal,103 Royal,VW Jari,,,n4=VW Jari,Jeetubhai Images\OS New folder (12) Images\1237 Border 200.JPG|Jeetubhai Images\OS New folder (12) Images\1237 Neck 400.JPG,53 pcs,high
R0002,1,1237,neck+astin border,orange,LMLL Royal,1302 Royal,104 NL Royal,VW Jari,,,n4=VW Jari,Jeetubhai Images\OS New folder (12) Images\1237 Border 200.JPG|Jeetubhai Images\OS New folder (12) Images\1237 Neck 400.JPG,44 pcs,high
R0003,1,1237,neck+astin border,firozi,,840 L Royal,722 Royal,VW Jari,,,n4=VW Jari,Jeetubhai Images\OS New folder (12) Images\1237 Border 200.JPG|Jeetubhai Images\OS New folder (12) Images\1237 Neck 400.JPG,49 pcs,medium
R0004,1,1239,neck+big border+small border,black,119 L Royal,235 Royal,8 Royal,105 Royal,,,,Jeetubhai Images\OS New folder (12) Images\1239 Astin Border.JPG|Jeetubhai Images\OS New folder (12) Images\1239 Border 200.JPG|Jeetubhai Images\OS New folder (12) Images\1239 Neck 400.JPG,42 pcs,high
R0005,1,1239,neck+big border+small border,green,125 R Royal,119 L Royal,105 Royal,8 Royal,,,,Jeetubhai Images\OS New folder (12) Images\1239 Astin Border.JPG|Jeetubhai Images\OS New folder (12) Images\1239 Border 200.JPG|Jeetubhai Images\OS New folder (12) Images\1239 Neck 400.JPG,43 pcs,high
R0006,1,1239,neck+big border+small border,blue,235 Royal,8 Royal,119 L Royal,105 Royal,,,,Jeetubhai Images\OS New folder (12) Images\1239 Astin Border.JPG|Jeetubhai Images\OS New folder (12) Images\1239 Border 200.JPG|Jeetubhai Images\OS New folder (12) Images\1239 Neck 400.JPG,43 pcs,high
R0007,1,1239,neck+big border+small border,red,105 Royal,125 R Royal,235 Royal,119 L Royal,,,,Jeetubhai Images\OS New folder (12) Images\1239 Astin Border.JPG|Jeetubhai Images\OS New folder (12) Images\1239 Border 200.JPG|Jeetubhai Images\OS New folder (12) Images\1239 Neck 400.JPG,44 pcs,high
R0008,1,1239,neck+big border+small border,yellow,125 R Royal,119 L Royal,235 Royal,8 Royal,,,,Jeetubhai Images\OS New folder (12) Images\1239 Astin Border.JPG|Jeetubhai Images\OS New folder (12) Images\1239 Border 200.JPG|Jeetubhai Images\OS New folder (12) Images\1239 Neck 400.JPG,43 pcs,high
R0009,1,1240,neck+border,peach,93 N Raj,190 Raj,364 Raj,VW Jari,,,n4=VW Jari,Jeetubhai Images\OS New folder (12) Images\1240 Border 200.JPG|Jeetubhai Images\OS New folder (12) Images\1240 Neck 400.JPG,,high
R0010,1,1240,neck+border,blue,85 Royal,190 Raj,87 Royal,VW Jari,,,n4=VW Jari,Jeetubhai Images\OS New folder (12) Images\1240 Border 200.JPG|Jeetubhai Images\OS New folder (12) Images\1240 Neck 400.JPG,,high
R0011,1,1240,neck+border,pink,26 Royal,190 Raj,766 Royal,VW Jari,,,n4=VW Jari,Jeetubhai Images\OS New folder (12) Images\1240 Border 200.JPG|Jeetubhai Images\OS New folder (12) Images\1240 Neck 400.JPG,,high
R0012,1,1241,neck,pink,103 L Royal,727 Royal,67 Royal,739 Royal,,,,Jeetubhai Images\OS New folder (12) Images\1241 Neck 400.JPG,32 pcs,high
R0013,1,1241,neck,rust,341 Royal,728 D Royal,731-L Royal,739 Royal,,,,Jeetubhai Images\OS New folder (12) Images\1241 Neck 400.JPG,78 pcs,high
R0014,1,1241,neck,rama,308 Royal,27 Royal,75 Royal,739 Royal,,,,Jeetubhai Images\OS New folder (12) Images\1241 Neck 400.JPG,81 pcs,high
R0015,2,9059,cp,yellow,727 S Royal,190 Raj,782 Royal,,,,,Jeetubhai Images\OS New folder (9) Images\9059 Border CP 250.JPG|Jeetubhai Images\OS New folder (9) Images\9059 Neck CP 250.JPG,cream noted in header,high
R0016,2,9059,cp,firozi,727 Royal,190 Raj,86 Royal,,,,,Jeetubhai Images\OS New folder (9) Images\9059 Border CP 250.JPG|Jeetubhai Images\OS New folder (9) Images\9059 Neck CP 250.JPG,,high
R0017,2,9059,cp,purple,124 Royal,190 Raj,14 N Royal,,,,,Jeetubhai Images\OS New folder (9) Images\9059 Border CP 250.JPG|Jeetubhai Images\OS New folder (9) Images\9059 Neck CP 250.JPG,,high
R0018,2,3073,cp,purple,847 Royal,190 Raj,308 Royal,,,,,Jeetubhai Images\OS New folder (3) images\3073 Neck.BMP,53 pcs,high
R0019,2,3073,cp,firozi,78 Royal,190 Raj,73 N Raj,,,,,Jeetubhai Images\OS New folder (3) images\3073 Neck.BMP,55 pcs,high
R0020,2,3073,cp,pink,65 N Royal,190 Raj,305 Royal,,,,,Jeetubhai Images\OS New folder (3) images\3073 Neck.BMP,51 pcs,high
R0021,2,1110,cp,red,715 Royal,727 S Royal,791 Royal,,,,,Jeetubhai Images\OS New folder (11) Images\1110 CP Border 250.JPG,,high
R0022,2,1110,cp,blue,769 L Royal,190 Raj,84 Raj,,,,,Jeetubhai Images\OS New folder (11) Images\1110 CP Border 250.JPG,,high
R0023,2,1110,cp,yellow,95 Royal,190 Raj,104 N Royal,,,,,Jeetubhai Images\OS New folder (11) Images\1110 CP Border 250.JPG,,high
R0024,2,1113,cp,brown,32 N Royal,357 Royal,727 Royal,,,,,Jeetubhai Images\OS New folder (11) Images\1113 CP Border 250.JPG|Jeetubhai Images\OS New folder (9) Images\1113 CP Neck 250.JPG,,high
R0025,2,1113,cp,grey,143 Royal,841 Raj,345 Royal,,,,,Jeetubhai Images\OS New folder (11) Images\1113 CP Border 250.JPG|Jeetubhai Images\OS New folder (9) Images\1113 CP Neck 250.JPG,,medium
R0026,2,1113,cp,yellow,345 Royal,103 L Royal,774 Royal,,,,,Jeetubhai Images\OS New folder (11) Images\1113 CP Border 250.JPG|Jeetubhai Images\OS New folder (9) Images\1113 CP Neck 250.JPG,,medium
R0027,2,1119,cp,purple,72 Royal,727 Royal,16 Royal,,,,,Jeetubhai Images\OS New folder (11) Images\1119 CP Border 250.JPG|Jeetubhai Images\OS New folder (11) Images\1119 CP Neck 250.JPG,,high
R0028,2,1119,cp,blue,722 Royal,727 S Royal,841 Raj,,,,,Jeetubhai Images\OS New folder (11) Images\1119 CP Border 250.JPG|Jeetubhai Images\OS New folder (11) Images\1119 CP Neck 250.JPG,,high
R0029,2,1119,cp,yellow,33 N Royal,774 Royal,104 Royal,,,,,Jeetubhai Images\OS New folder (11) Images\1119 CP Border 250.JPG|Jeetubhai Images\OS New folder (11) Images\1119 CP Neck 250.JPG,,high
R0030,2,1234,neck+border,green,110 Royal,119 Royal,168 Royal,VW Jari,,,n4=VW Jari,Jeetubhai Images\OS New folder (12) Images\1234 Border 200.JPG|Jeetubhai Images\OS New folder (12) Images\1234 Neck 400.JPG,112 pcs,high
R0031,2,1234,neck+border,brown,110 Royal,235 Royal,89 Royal,VW Jari,,,n4=VW Jari,Jeetubhai Images\OS New folder (12) Images\1234 Border 200.JPG|Jeetubhai Images\OS New folder (12) Images\1234 Neck 400.JPG,112 pcs,high
R0032,2,1234,neck+border,grey,315 Royal,145 L Raj,34 Royal,VW Jari,,,n4=VW Jari,Jeetubhai Images\OS New folder (12) Images\1234 Border 200.JPG|Jeetubhai Images\OS New folder (12) Images\1234 Neck 400.JPG,119 pcs,medium
R0033,2,1235,neck+border,green,787 Royal,365 Royal,835 D Royal,VW Jari,,,n4=VW Jari,Jeetubhai Images\OS New folder (12) Images\1235 Border 200.JPG|Jeetubhai Images\OS New folder (12) Images\1235 Neck 400.JPG,46 pcs,high
R0034,2,1235,neck+border,pink,711 Royal,715 Royal,761 Royal,VW Jari,,,n4=VW Jari,Jeetubhai Images\OS New folder (12) Images\1235 Border 200.JPG|Jeetubhai Images\OS New folder (12) Images\1235 Neck 400.JPG,45 pcs,medium
R0035,2,1235,neck+border,firozi,103 Royal,365 Royal,130 Royal,VW Jari,,,n4=VW Jari,Jeetubhai Images\OS New folder (12) Images\1235 Border 200.JPG|Jeetubhai Images\OS New folder (12) Images\1235 Neck 400.JPG,44 pcs,high
R0036,2,1235,neck+border,peach,735 D Royal,840 Royal,45 Royal,VW Jari,,,n4=VW Jari,Jeetubhai Images\OS New folder (12) Images\1235 Border 200.JPG|Jeetubhai Images\OS New folder (12) Images\1235 Neck 400.JPG,46 pcs,high
R0037,2,1233,neck+astin butta,purple,14 N Royal,727 Royal,350 Royal,VW Jari,,,n4=VW Jari,Jeetubhai Images\OS New folder (12) Images\1233 Astin 400.JPG|Jeetubhai Images\OS New folder (12) Images\1233 Neck 400.JPG,57 pcs,medium
R0038,2,1233,neck+astin butta,yellow,58 Royal,743 Royal,95 Royal,VW Jari,,,n4=VW Jari,Jeetubhai Images\OS New folder (12) Images\1233 Astin 400.JPG|Jeetubhai Images\OS New folder (12) Images\1233 Neck 400.JPG,53 pcs,high
R0039,2,1233,neck+astin butta,firozi,1300 Royal,727 Royal,62 Royal,VW Jari,,,n4=VW Jari,Jeetubhai Images\OS New folder (12) Images\1233 Astin 400.JPG|Jeetubhai Images\OS New folder (12) Images\1233 Neck 400.JPG,55 pcs,medium
R0040,2,1236,neck+border,pink,916 Raj,727 Royal,775 Royal,VW Jari,,,n4=VW Jari,Jeetubhai Images\OS New folder (12) Images\1236 Border 200.JPG|Jeetubhai Images\OS New folder (12) Images\1236 Neck 400.JPG,53 pcs,high
R0041,2,1236,neck+border,blue,770 Royal,190 Raj,222 Raj,VW Jari,,,n4=VW Jari,Jeetubhai Images\OS New folder (12) Images\1236 Border 200.JPG|Jeetubhai Images\OS New folder (12) Images\1236 Neck 400.JPG,49 pcs,high
R0042,2,1236,neck+border,purple,26 Royal,190 Raj,15 Royal,VW Jari,,,n4=VW Jari,Jeetubhai Images\OS New folder (12) Images\1236 Border 200.JPG|Jeetubhai Images\OS New folder (12) Images\1236 Neck 400.JPG,53 pcs,high
R0043,3,1227,neck+border,purple,727 Royal,190 Raj,776 Raj,VW Jari,,,n4=VW Jari,Jeetubhai Images\OS New folder (12) Images\1227 Border 200.JPG|Jeetubhai Images\OS New folder (12) Images\1227 Neck 400.JPG,58 pcs,high
R0044,3,1227,neck+border,pink,405 Royal,190 Raj,121 D Royal,VW Jari,,,n4=VW Jari,Jeetubhai Images\OS New folder (12) Images\1227 Border 200.JPG|Jeetubhai Images\OS New folder (12) Images\1227 Neck 400.JPG,60 pcs,high
R0045,3,1227,neck+border,green,707 Royal,190 Raj,105 Royal,VW Jari,,,n4=VW Jari,Jeetubhai Images\OS New folder (12) Images\1227 Border 200.JPG|Jeetubhai Images\OS New folder (12) Images\1227 Neck 400.JPG,58 pcs,high
R0046,3,1228,neck+astin,rama,419 Royal,813 Raj,776 Raj,34 D Royal,,,,Jeetubhai Images\OS New folder (12) Images\1228 Astin 400.JPG|Jeetubhai Images\OS New folder (12) Images\1228 Neck 400.JPG,62 pcs,high
R0047,3,1228,neck+astin,purple,343 Royal,770 Royal,104 NL Royal,34 D Royal,,,,Jeetubhai Images\OS New folder (12) Images\1228 Astin 400.JPG|Jeetubhai Images\OS New folder (12) Images\1228 Neck 400.JPG,64 pcs,high
R0048,3,1228,neck+astin,pink,1278 Royal,111 N Royal,747 Raj,34 D Royal,,,,Jeetubhai Images\OS New folder (12) Images\1228 Astin 400.JPG|Jeetubhai Images\OS New folder (12) Images\1228 Neck 400.JPG,63 pcs,medium
R0049,3,1229,neck+astin,green,782 Royal,719 Royal,LM Royal,VW Jari,,,n4=VW Jari,Jeetubhai Images\OS New folder (12) Images\1229 Astin 400.JPG|Jeetubhai Images\OS New folder (12) Images\1229 Neck 400.JPG,,high
R0050,3,1229,neck+astin,pink,20 Royal,32 N Royal,776 Royal,VW Jari,,,n4=VW Jari,Jeetubhai Images\OS New folder (12) Images\1229 Astin 400.JPG|Jeetubhai Images\OS New folder (12) Images\1229 Neck 400.JPG,,high
R0051,3,1229,neck+astin,firozi,84 Royal,33 S Royal,86 Raj,VW Jari,,,n4=VW Jari,Jeetubhai Images\OS New folder (12) Images\1229 Astin 400.JPG|Jeetubhai Images\OS New folder (12) Images\1229 Neck 400.JPG,,high
R0052,3,1230,neck+border,brown,311 Royal,127 L Royal,372 Royal,M Jari,,,n4=M Jari,Jeetubhai Images\OS New folder (12) Images\1230 Border 200.JPG|Jeetubhai Images\OS New folder (12) Images\1230 Neck 400.JPG,,high
R0053,3,1230,neck+border,peach,118 L Royal,236 Royal,111 D Royal,M Jari,,,n4=M Jari,Jeetubhai Images\OS New folder (12) Images\1230 Border 200.JPG|Jeetubhai Images\OS New folder (12) Images\1230 Neck 400.JPG,D.Peach written,high
R0054,3,1230,neck+border,purple,311 L Royal,715 Raj,753 Royal,M Jari,,,n4=M Jari,Jeetubhai Images\OS New folder (12) Images\1230 Border 200.JPG|Jeetubhai Images\OS New folder (12) Images\1230 Neck 400.JPG,,medium
R0055,3,1232,neck+astin,purple,771 Royal,372 Royal,15 Royal,VW Jari,,,n4=VW Jari,Jeetubhai Images\OS New folder (12) Images\1232 Astin 400.JPG|Jeetubhai Images\OS New folder (12) Images\1232 Neck 400.JPG,33 pcs,high
R0056,3,1232,neck+astin,gold,707 D Royal,770 Royal,105 L Royal,VW Jari,,,n4=VW Jari,Jeetubhai Images\OS New folder (12) Images\1232 Astin 400.JPG|Jeetubhai Images\OS New folder (12) Images\1232 Neck 400.JPG,33 pcs,high
R0057,3,1232,neck+astin,orange,402 Royal,124 Royal,778 D Royal,VW Jari,,,n4=VW Jari,Jeetubhai Images\OS New folder (12) Images\1232 Astin 400.JPG|Jeetubhai Images\OS New folder (12) Images\1232 Neck 400.JPG,34 pcs,high
R0058,3,1232,neck+astin,firozi,763 Royal,740 Raj,130 P Royal,VW Jari,,,n4=VW Jari,Jeetubhai Images\OS New folder (12) Images\1232 Astin 400.JPG|Jeetubhai Images\OS New folder (12) Images\1232 Neck 400.JPG,34 pcs,high
R0059,3,1232,neck+astin,pink,777 Royal,728 D Royal,95 Royal,VW Jari,,,n4=VW Jari,Jeetubhai Images\OS New folder (12) Images\1232 Astin 400.JPG|Jeetubhai Images\OS New folder (12) Images\1232 Neck 400.JPG,35 pcs,high
R0060,3,1232,neck+astin,blue,86 Raj,372 Royal,22 P Royal,VW Jari,,,n4=VW Jari,Jeetubhai Images\OS New folder (12) Images\1232 Astin 400.JPG|Jeetubhai Images\OS New folder (12) Images\1232 Neck 400.JPG,34 pcs,high
R0061,3,1231,neck+astin,purple,771 Royal,821 Royal,15 Royal,VW Jari,,,n4=VW Jari,Jeetubhai Images\OS New folder (12) Images\1231 Astin 400.JPG|Jeetubhai Images\OS New folder (12) Images\1231 Neck 400.JPG,37 pcs,high
R0062,3,1231,neck+astin,blue,722 D Royal,821 Royal,22 Royal,VW Jari,,,n4=VW Jari,Jeetubhai Images\OS New folder (12) Images\1231 Astin 400.JPG|Jeetubhai Images\OS New folder (12) Images\1231 Neck 400.JPG,38 pcs,high
R0063,3,1231,neck+astin,gold,97 Royal,821 Royal,794 Royal,VW Jari,,,n4=VW Jari,Jeetubhai Images\OS New folder (12) Images\1231 Astin 400.JPG|Jeetubhai Images\OS New folder (12) Images\1231 Neck 400.JPG,37 pcs,high
R0064,3,1231,neck+astin,firozi,763 Royal,821 Royal,222 Raj,VW Jari,,,n4=VW Jari,Jeetubhai Images\OS New folder (12) Images\1231 Astin 400.JPG|Jeetubhai Images\OS New folder (12) Images\1231 Neck 400.JPG,35 pcs,high
R0065,3,1231,neck+astin,pink,775 Royal,821 Royal,95 Royal,VW Jari,,,n4=VW Jari,Jeetubhai Images\OS New folder (12) Images\1231 Astin 400.JPG|Jeetubhai Images\OS New folder (12) Images\1231 Neck 400.JPG,36 pcs,high
R0066,3,1231,neck+astin,orange,82 Royal,372 Royal,778 D Royal,VW Jari,,,n4=VW Jari,Jeetubhai Images\OS New folder (12) Images\1231 Astin 400.JPG|Jeetubhai Images\OS New folder (12) Images\1231 Neck 400.JPG,39 pcs,high
R0067,3,9058,cp,pink,810 Raj,774 Royal,767 Royal,,,,,Jeetubhai Images\OS New folder (9) Images\9058 4 Color CP Border.JPG|Jeetubhai Images\OS New folder (9) Images\9058 4 Color CP Neck.JPG|Jeetubhai Images\OS New folder (9) Images\9058 Border CP 250.JPG|Jeetubhai Images\OS New folder (9) Images\9058 CP Border 250.JPG,57 pcs,high
R0068,3,9058,cp,green,911 Royal,110 Royal,953 Royal,,,,,Jeetubhai Images\OS New folder (9) Images\9058 4 Color CP Border.JPG|Jeetubhai Images\OS New folder (9) Images\9058 4 Color CP Neck.JPG|Jeetubhai Images\OS New folder (9) Images\9058 Border CP 250.JPG|Jeetubhai Images\OS New folder (9) Images\9058 CP Border 250.JPG,61 pcs,high
R0069,3,9058,cp,wine,,774 Royal,1375 Raj,,,,,Jeetubhai Images\OS New folder (9) Images\9058 4 Color CP Border.JPG|Jeetubhai Images\OS New folder (9) Images\9058 4 Color CP Neck.JPG|Jeetubhai Images\OS New folder (9) Images\9058 Border CP 250.JPG|Jeetubhai Images\OS New folder (9) Images\9058 CP Border 250.JPG,68 pcs,medium
R0070,3,9075,cp,green,707 Royal,821 Royal,782 Royal,,,,,Jeetubhai Images\OS New folder (9) Images\9075 Border 250.JPG|Jeetubhai Images\OS New folder (9) Images\9075 Neck 250.JPG,,high
R0071,3,9075,cp,pink,766 Raj,821 Royal,95 N Raj,,,,,Jeetubhai Images\OS New folder (9) Images\9075 Border 250.JPG|Jeetubhai Images\OS New folder (9) Images\9075 Neck 250.JPG,,high
R0072,3,9075,cp,purple,309 Royal,821 Royal,53 Royal,,,,,Jeetubhai Images\OS New folder (9) Images\9075 Border 250.JPG|Jeetubhai Images\OS New folder (9) Images\9075 Neck 250.JPG,,high
R0073,4,1221,neck+astin butta,rama,75 N Raj,190 Raj,61 N Royal,34 D Royal,,,,Jeetubhai Images\OS New folder (12) Images\1221 Astin 400.JPG|Jeetubhai Images\OS New folder (12) Images\1221 Neck 400.JPG,,high
R0074,4,1221,neck+astin butta,peach,357 Royal,190 Raj,92 N Raj,34 D Royal,,,,Jeetubhai Images\OS New folder (12) Images\1221 Astin 400.JPG|Jeetubhai Images\OS New folder (12) Images\1221 Neck 400.JPG,,high
R0075,4,1221,neck+astin butta,grey,710 Royal,LM Raj,752 Raj,34 D Royal,,,,Jeetubhai Images\OS New folder (12) Images\1221 Astin 400.JPG|Jeetubhai Images\OS New folder (12) Images\1221 Neck 400.JPG,,high
R0076,4,1223,neck+border,pink,777 Royal,706 Royal,118 Royal,VW Jari,,,n4=VW Jari,Jeetubhai Images\OS New folder (12) Images\1223 Border 200.JPG|Jeetubhai Images\OS New folder (12) Images\1223 Neck 400.JPG,,high
R0077,4,1223,neck+border,brown,111 Royal,740 Royal,118 Royal,VW Jari,,,n4=VW Jari,Jeetubhai Images\OS New folder (12) Images\1223 Border 200.JPG|Jeetubhai Images\OS New folder (12) Images\1223 Neck 400.JPG,,high
R0078,4,1223,neck+border,green,709 Raj,145 Royal,118 Royal,VW Jari,,,n4=VW Jari,Jeetubhai Images\OS New folder (12) Images\1223 Border 200.JPG|Jeetubhai Images\OS New folder (12) Images\1223 Neck 400.JPG,,high
R0079,4,1191,neck+astin butta,green,74 Royal,751 Royal,76 Royal,VW Jari,,,n4=VW Jari,Jeetubhai Images\OS New folder (11) Images\1191 Astin Border 200.JPG|Jeetubhai Images\OS New folder (11) Images\1191 Neck 400.JPG,27 pcs,high
R0080,4,1191,neck+astin butta,blue,115 Royal,751 Royal,830 Royal,VW Jari,,,n4=VW Jari,Jeetubhai Images\OS New folder (11) Images\1191 Astin Border 200.JPG|Jeetubhai Images\OS New folder (11) Images\1191 Neck 400.JPG,26 pcs,high
R0081,4,1191,neck+astin butta,yellow,313 Royal,751 Royal,188 Raj,VW Jari,,,n4=VW Jari,Jeetubhai Images\OS New folder (11) Images\1191 Astin Border 200.JPG|Jeetubhai Images\OS New folder (11) Images\1191 Neck 400.JPG,32 pcs,high
R0082,4,1224,neck+astin butta,rama,75 N Raj,190 Raj,61 N Royal,34 D Royal,,,,Jeetubhai Images\OS New folder (12) Images\1224 Astin 400.JPG|Jeetubhai Images\OS New folder (12) Images\1224 Neck 400.JPG,61 pcs,high
R0083,4,1224,neck+astin butta,peach,357 Royal,190 Raj,92 N Raj,34 D Royal,,,,Jeetubhai Images\OS New folder (12) Images\1224 Astin 400.JPG|Jeetubhai Images\OS New folder (12) Images\1224 Neck 400.JPG,60 pcs,high
R0084,4,1224,neck+astin butta,grey,710 Royal,LM Raj,752 Raj,34 D Royal,,,,Jeetubhai Images\OS New folder (12) Images\1224 Astin 400.JPG|Jeetubhai Images\OS New folder (12) Images\1224 Neck 400.JPG,61 pcs,high
R0085,4,1226,neck+astin,purple,31 LL Royal,710 Royal,769 Royal,34 D Royal,,,,Jeetubhai Images\OS New folder (12) Images\1226 Astin 400.JPG|Jeetubhai Images\OS New folder (12) Images\1226 Neck 400.JPG,91 pcs,high
R0086,4,1226,neck+astin,pink,31 LL Royal,1375 Royal,775 L Royal,34 D Royal,,,,Jeetubhai Images\OS New folder (12) Images\1226 Astin 400.JPG|Jeetubhai Images\OS New folder (12) Images\1226 Neck 400.JPG,93 pcs,high
R0087,4,1226,neck+astin,mustard,91 LL Royal,728 Royal,88 L Royal,34 D Royal,,,,Jeetubhai Images\OS New folder (12) Images\1226 Astin 400.JPG|Jeetubhai Images\OS New folder (12) Images\1226 Neck 400.JPG,91 pcs,high
R0088,4,1195,neck+border,purple,1375 Royal,125 LR Royal,110 N Royal,118 Royal,,,,Jeetubhai Images\OS New folder (11) Images\1195 Border 200.JPG|Jeetubhai Images\OS New folder (11) Images\1195 Neck 400.JPG,,high
R0089,4,1195,neck+border,blue,710 D Raj,1375 Royal,110 N Royal,118 Royal,,,,Jeetubhai Images\OS New folder (11) Images\1195 Border 200.JPG|Jeetubhai Images\OS New folder (11) Images\1195 Neck 400.JPG,,high
R0090,4,1195,neck+border,green,833 Royal,777 Royal,710 D Raj,118 Royal,,,,Jeetubhai Images\OS New folder (11) Images\1195 Border 200.JPG|Jeetubhai Images\OS New folder (11) Images\1195 Neck 400.JPG,,high
R0091,4,1225,neck+border,peach,93 N Raj,751 Royal,918 Raj,VW Jari,,,n4=VW Jari,Jeetubhai Images\OS New folder (12) Images\1225 Border 200.JPG|Jeetubhai Images\OS New folder (12) Images\1225 Neck 400.JPG,,high
R0092,4,1225,neck+border,rama,721 Royal,751 Royal,75 N Raj,VW Jari,,,n4=VW Jari,Jeetubhai Images\OS New folder (12) Images\1225 Border 200.JPG|Jeetubhai Images\OS New folder (12) Images\1225 Neck 400.JPG,,high
R0093,4,1225,neck+border,purple,13 Royal,751 Royal,14 N Royal,VW Jari,,,n4=VW Jari,Jeetubhai Images\OS New folder (12) Images\1225 Border 200.JPG|Jeetubhai Images\OS New folder (12) Images\1225 Neck 400.JPG,,high
R0094,4,1225,neck+border,firozi,84 Raj,751 Royal,86 Raj,VW Jari,,,n4=VW Jari,Jeetubhai Images\OS New folder (12) Images\1225 Border 200.JPG|Jeetubhai Images\OS New folder (12) Images\1225 Neck 400.JPG,,high
R0095,4,1225,neck+border,mehndi,782 Royal,751 Royal,LM Royal,VW Jari,,,n4=VW Jari,Jeetubhai Images\OS New folder (12) Images\1225 Border 200.JPG|Jeetubhai Images\OS New folder (12) Images\1225 Neck 400.JPG,Merdi/Mendi written,high
R0096,4,1225,neck+border,rust,719 L Royal,751 Royal,718 Raj,VW Jari,,,n4=VW Jari,Jeetubhai Images\OS New folder (12) Images\1225 Border 200.JPG|Jeetubhai Images\OS New folder (12) Images\1225 Neck 400.JPG,,high
R0097,4,1180,neck+astin butta,blue,130 L Royal,335 Royal,722 D Royal,BCH Jari,,,n4=BCH Jari,Jeetubhai Images\OS New folder (11) Images\1180 Neck 400.JPG,,high
R0098,4,1180,neck+astin butta,orange,95 NL Raj,190 Raj,376 Royal,BCH Jari,,,n4=BCH Jari,Jeetubhai Images\OS New folder (11) Images\1180 Neck 400.JPG,,high
R0099,4,1180,neck+astin butta,green,735 Royal,190 Raj,343 Royal,BCH Jari,,,n4=BCH Jari,Jeetubhai Images\OS New folder (11) Images\1180 Neck 400.JPG,,high
R0100,5,9083,neck,purple,355 Royal,776 Royal,118 L Royal,,,,,Jeetubhai Images\OS New folder (9) Images\9083 Neck.JPG,71 pcs; shared colour list with 9083 (neck) and 9032 (kp 209),high
R0101,5,9083,neck,yellow,778 D Royal,342 Royal,118 L Royal,,,,,Jeetubhai Images\OS New folder (9) Images\9083 Neck.JPG,71 pcs; shared colour list with 9083 (neck) and 9032 (kp 209),high
R0102,5,9083,neck,rama,361 Royal,764 Royal,118 L Royal,,,,,Jeetubhai Images\OS New folder (9) Images\9083 Neck.JPG,67 pcs; shared colour list with 9083 (neck) and 9032 (kp 209),high
R0103,5,9032,kp,purple,355 Royal,776 Royal,118 L Royal,,,,,Jeetubhai Images\OS New folder (9) Images\9032 KP 200.JPG|Jeetubhai Images\OS New folder (9) Images\9032 KP 250.JPG,71 pcs; shared colour list with 9083 (neck) and 9032 (kp 209),high
R0104,5,9032,kp,yellow,778 D Royal,342 Royal,118 L Royal,,,,,Jeetubhai Images\OS New folder (9) Images\9032 KP 200.JPG|Jeetubhai Images\OS New folder (9) Images\9032 KP 250.JPG,71 pcs; shared colour list with 9083 (neck) and 9032 (kp 209),high
R0105,5,9032,kp,rama,361 Royal,764 Royal,118 L Royal,,,,,Jeetubhai Images\OS New folder (9) Images\9032 KP 200.JPG|Jeetubhai Images\OS New folder (9) Images\9032 KP 250.JPG,67 pcs; shared colour list with 9083 (neck) and 9032 (kp 209),high
R0106,5,1220,neck+astin border,rama,190 Raj,144 Royal,722 Royal,VW Jari,,,n4=VW Jari,Jeetubhai Images\OS New folder (12) Images\1220 Border 200.JPG|Jeetubhai Images\OS New folder (12) Images\1220 Neck 400.JPG,,high
R0107,5,1220,neck+astin border,blue,190 Raj,710 D Raj,23 Royal,VW Jari,,,n4=VW Jari,Jeetubhai Images\OS New folder (12) Images\1220 Border 200.JPG|Jeetubhai Images\OS New folder (12) Images\1220 Neck 400.JPG,,high
R0108,5,1220,neck+astin border,pink,190 Raj,308 Royal,766 Royal,VW Jari,,,n4=VW Jari,Jeetubhai Images\OS New folder (12) Images\1220 Border 200.JPG|Jeetubhai Images\OS New folder (12) Images\1220 Neck 400.JPG,,high
R0109,5,1165,neck,peach,91 LL Royal,33 S Royal,81 Royal,,,,,Jeetubhai Images\OS New folder (11) Images\1165 Neck 250.JPG,91 pcs,medium
R0110,5,1165,neck,mustard,118 LL Royal,33 S Royal,825 L Royal,,,,,Jeetubhai Images\OS New folder (11) Images\1165 Neck 250.JPG,93 pcs,medium
R0111,5,1165,neck,green,314 Royal,372 LL Royal,97 Royal,,,,,Jeetubhai Images\OS New folder (11) Images\1165 Neck 250.JPG,94 pcs,high
R0112,5,9051,kp,green,751 Raj,110 D Royal,311 Royal,,,,,Jeetubhai Images\OS New folder (9) Images\9051 KP 200.JPG,68 pcs,high
R0113,5,9051,kp,grey,751 Raj,110 Royal,311 Royal,,,,,Jeetubhai Images\OS New folder (9) Images\9051 KP 200.JPG,65 pcs,high
R0114,5,9051,kp,blue,751 Raj,102 N Royal,311 Royal,,,,,Jeetubhai Images\OS New folder (9) Images\9051 KP 200.JPG,69 pcs,high
R0121,5,1122,kp,green,61 N Royal,190 Raj,144 Royal,,,,,Jeetubhai Images\OS New folder (11) Images\1122 KP 250.JPG,63 pcs,high
R0122,5,1122,kp,pink,716 Raj,33 S Royal,361 R Raj,,,,,Jeetubhai Images\OS New folder (11) Images\1122 KP 250.JPG,66 pcs,high
R0123,5,1122,kp,yellow,703 Royal,190 Raj,110 N Royal,,,,,Jeetubhai Images\OS New folder (11) Images\1122 KP 250.JPG,66 pcs,high
R0127,6,1217,neck+astin border,purple,766 Royal,118 Royal,365 Royal,VW Jari,,,n4=VW Jari,Jeetubhai Images\OS New folder (12) Images\1217 Border 200.JPG|Jeetubhai Images\OS New folder (12) Images\1217 Neck 400.JPG,98 pcs,high
R0128,6,1217,neck+astin border,rama,811 Royal,118 Royal,834 D Raj,VW Jari,,,n4=VW Jari,Jeetubhai Images\OS New folder (12) Images\1217 Border 200.JPG|Jeetubhai Images\OS New folder (12) Images\1217 Neck 400.JPG,,medium
R0129,6,1217,neck+astin border,blue,813 Royal,118 Royal,366 Royal,VW Jari,,,n4=VW Jari,Jeetubhai Images\OS New folder (12) Images\1217 Border 200.JPG|Jeetubhai Images\OS New folder (12) Images\1217 Neck 400.JPG,,high
R0130,6,1217,neck+astin border,lemon,103 Royal,118 Royal,839 D Raj,VW Jari,,,n4=VW Jari,Jeetubhai Images\OS New folder (12) Images\1217 Border 200.JPG|Jeetubhai Images\OS New folder (12) Images\1217 Neck 400.JPG,,high
R0131,6,1217,neck+astin border,black,710 D Royal,118 Royal,111 Royal,VW Jari,,,n4=VW Jari,Jeetubhai Images\OS New folder (12) Images\1217 Border 200.JPG|Jeetubhai Images\OS New folder (12) Images\1217 Neck 400.JPG,,high
R0132,6,9082,neck,firozi,190 Raj,144 Royal,722 Royal,,,,,Jeetubhai Images\OS New folder (9) Images\9082 Neck.JPG,85 pcs,high
R0133,6,9082,neck,blue,190 Raj,710 D Raj,23 Royal,,,,,Jeetubhai Images\OS New folder (9) Images\9082 Neck.JPG,84 pcs,high
R0134,6,9082,neck,pink,190 Raj,308 Royal,766 Royal,,,,,Jeetubhai Images\OS New folder (9) Images\9082 Neck.JPG,93 pcs,high
R0135,6,9054,kp,rama,409 Royal,122 Royal,62 Royal,,,,,Jeetubhai Images\OS New folder (9) Images\9054 KP 200.JPG,68 pcs,high
R0136,6,9054,kp,yellow,103 Royal,122 Royal,59 Royal,,,,,Jeetubhai Images\OS New folder (9) Images\9054 KP 200.JPG,69 pcs,high
R0137,6,9054,kp,green,103 Royal,122 Royal,343 Royal,,,,,Jeetubhai Images\OS New folder (9) Images\9054 KP 200.JPG,67 pcs,high
R0138,6,9078,neck,blue,751 Royal,841 Raj,130 D Royal,,,,,Jeetubhai Images\OS New folder (9) Images\9078 Neck 400.JPG,75 pcs,medium
R0139,6,9078,neck,yellow,122 Royal,343 Royal,58 Royal,,,,,Jeetubhai Images\OS New folder (9) Images\9078 Neck 400.JPG,84 pcs,high
R0140,6,9078,neck,purple,751 Royal,727 Raj,15 Royal,,,,,Jeetubhai Images\OS New folder (9) Images\9078 Neck 400.JPG,82 pcs,high
R0141,6,1219,neck+astin border,green,144 Royal,190 Raj,61 N Royal,VW Jari,,,n4=VW Jari,Jeetubhai Images\OS New folder (12) Images\1219 Border 200.JPG|Jeetubhai Images\OS New folder (12) Images\1219 Neck 400.JPG,,high
R0142,6,1219,neck+astin border,pink,361 R Raj,33 S Royal,716 Raj,VW Jari,,,n4=VW Jari,Jeetubhai Images\OS New folder (12) Images\1219 Border 200.JPG|Jeetubhai Images\OS New folder (12) Images\1219 Neck 400.JPG,,medium
R0143,6,1219,neck+astin border,yellow,110 N Royal,190 Raj,703 Royal,VW Jari,,,n4=VW Jari,Jeetubhai Images\OS New folder (12) Images\1219 Border 200.JPG|Jeetubhai Images\OS New folder (12) Images\1219 Neck 400.JPG,,high
R0144,6,1218,neck+astin border,brown,110 NL Royal,820 Royal,127 Royal,VW Jari,,,n4=VW Jari,Jeetubhai Images\OS New folder (12) Images\1218 Astin 400.JPG|Jeetubhai Images\OS New folder (12) Images\1218 Border 200.JPG|Jeetubhai Images\OS New folder (12) Images\1218 Neck 400.JPG,,high
R0145,6,1218,neck+astin border,green,705 D Royal,122 Royal,803 Royal,VW Jari,,,n4=VW Jari,Jeetubhai Images\OS New folder (12) Images\1218 Astin 400.JPG|Jeetubhai Images\OS New folder (12) Images\1218 Border 200.JPG|Jeetubhai Images\OS New folder (12) Images\1218 Neck 400.JPG,,high
R0146,6,1218,neck+astin border,purple,120 N Royal,190 Raj,33 N Royal,VW Jari,,,n4=VW Jari,Jeetubhai Images\OS New folder (12) Images\1218 Astin 400.JPG|Jeetubhai Images\OS New folder (12) Images\1218 Border 200.JPG|Jeetubhai Images\OS New folder (12) Images\1218 Neck 400.JPG,,high
R0147,6,9086,kp,green,709 Raj,118 Royal,145 Royal,,,,,Jeetubhai Images\OS New folder (9) Images\9086 Neck.JPG,42 pcs; shared colour list with 9086 and 9049,high
R0148,6,9086,kp,brown,111 Royal,118 Royal,740 Royal,,,,,Jeetubhai Images\OS New folder (9) Images\9086 Neck.JPG,41 pcs; shared colour list with 9086 and 9049,high
R0149,6,9086,kp,peach,777 Royal,118 Royal,706 Royal,,,,,Jeetubhai Images\OS New folder (9) Images\9086 Neck.JPG,43 pcs; shared colour list with 9086 and 9049,high
R0150,6,9049,kp,green,709 Raj,118 Royal,145 Royal,,,,,Jeetubhai Images\OS New folder (9) Images\9049 KP 200.JPG,42 pcs; shared colour list with 9086 and 9049,high
R0151,6,9049,kp,brown,111 Royal,118 Royal,740 Royal,,,,,Jeetubhai Images\OS New folder (9) Images\9049 KP 200.JPG,41 pcs; shared colour list with 9086 and 9049,high
R0152,6,9049,kp,peach,777 Royal,118 Royal,706 Royal,,,,,Jeetubhai Images\OS New folder (9) Images\9049 KP 200.JPG,43 pcs; shared colour list with 9086 and 9049,high
R0153,6,1167,neck,purple,190 Raj,120 N Royal,33 N Royal,,,,,Jeetubhai Images\OS New folder (11) Images\1167 Neck 250.JPG,61 pcs,high
R0154,6,1167,neck,peach,820 Royal,110 NL Royal,127 Royal,,,,,Jeetubhai Images\OS New folder (11) Images\1167 Neck 250.JPG,68 pcs,high
R0155,6,1167,neck,green,122 Royal,705 D Royal,803 Royal,,,,,Jeetubhai Images\OS New folder (11) Images\1167 Neck 250.JPG,66 pcs,high
R0156,7,1211,neck+astin butta,green,818 Royal,66 Raj,738 Royal,34 D Royal,,,,Jeetubhai Images\OS New folder (12) Images\1211 Astin 400.JPG|Jeetubhai Images\OS New folder (12) Images\1211 Neck.JPG,,high
R0157,7,1211,neck+astin butta,pink,144 Royal,770 Royal,302 Royal,34 D Royal,,,,Jeetubhai Images\OS New folder (12) Images\1211 Astin 400.JPG|Jeetubhai Images\OS New folder (12) Images\1211 Neck.JPG,,high
R0158,7,1211,neck+astin butta,yellow,145 T Raj,305 Royal,806 Royal,34 D Royal,,,,Jeetubhai Images\OS New folder (12) Images\1211 Astin 400.JPG|Jeetubhai Images\OS New folder (12) Images\1211 Neck.JPG,,high
R0159,7,1212,neck+astin butta,pink,20 Royal,94 Royal,34 D Royal,,,,,Jeetubhai Images\OS New folder (12) Images\1212 Astin 400.JPG|Jeetubhai Images\OS New folder (12) Images\1212 Neck 400.JPG,98 pcs,medium
R0160,7,1212,neck+astin butta,green,806 Royal,836 Royal,34 D Royal,,,,,Jeetubhai Images\OS New folder (12) Images\1212 Astin 400.JPG|Jeetubhai Images\OS New folder (12) Images\1212 Neck 400.JPG,85 pcs,high
R0161,7,1212,neck+astin butta,blue,75 N Raj,819 Royal,34 D Royal,,,,,Jeetubhai Images\OS New folder (12) Images\1212 Astin 400.JPG|Jeetubhai Images\OS New folder (12) Images\1212 Neck 400.JPG,92 pcs,high
R0165,7,1213,neck+border,pink,715 Raj,751 Royal,81 Raj,,,,,Jeetubhai Images\OS New folder (12) Images\1213 Border 250.JPG|Jeetubhai Images\OS New folder (12) Images\1213 Neck 400.JPG,75 pcs,high
R0166,7,1213,neck+border,purple,121 N Royal,751 Royal,308 Royal,,,,,Jeetubhai Images\OS New folder (12) Images\1213 Border 250.JPG|Jeetubhai Images\OS New folder (12) Images\1213 Neck 400.JPG,79 pcs,high
R0167,7,1213,neck+border,orange,705 Raj,751 Royal,720 Royal,,,,,Jeetubhai Images\OS New folder (12) Images\1213 Border 250.JPG|Jeetubhai Images\OS New folder (12) Images\1213 Neck 400.JPG,77 pcs,high
R0168,7,1215,neck+astin border,orange,797 Royal,823 Royal,95 N Royal,VW Jari,,,n4=VW Jari,Jeetubhai Images\OS New folder (12) Images\1215 Border 200.JPG|Jeetubhai Images\OS New folder (12) Images\1215 Neck 400.JPG,57 pcs; two qty headers same design,high
R0169,7,1215,neck+astin border,rama,75 Royal,823 Royal,407 Royal,VW Jari,,,n4=VW Jari,Jeetubhai Images\OS New folder (12) Images\1215 Border 200.JPG|Jeetubhai Images\OS New folder (12) Images\1215 Neck 400.JPG,49 pcs,high
R0170,7,1215,neck+astin border,green,746 Royal,823 Royal,342 R Raj,VW Jari,,,n4=VW Jari,Jeetubhai Images\OS New folder (12) Images\1215 Border 200.JPG|Jeetubhai Images\OS New folder (12) Images\1215 Neck 400.JPG,54 pcs,high
R0171,7,1215,neck+astin border,pink,365 Royal,823 Royal,766 Royal,VW Jari,,,n4=VW Jari,Jeetubhai Images\OS New folder (12) Images\1215 Border 200.JPG|Jeetubhai Images\OS New folder (12) Images\1215 Neck 400.JPG,54 pcs,high
R0172,7,1214,neck+border,blue,770 Royal,372 LL Royal,28 Royal,VW Jari,,,n4=VW Jari,Jeetubhai Images\OS New folder (12) Images\1214 Border 200.JPG|Jeetubhai Images\OS New folder (12) Images\1214 Neck 400.JPG,59 pcs,medium
R0173,7,1214,neck+border,pink,775 L Royal,124 Royal,775 Royal,VW Jari,,,n4=VW Jari,Jeetubhai Images\OS New folder (12) Images\1214 Border 200.JPG|Jeetubhai Images\OS New folder (12) Images\1214 Neck 400.JPG,53 pcs,high
R0174,7,1214,neck+border,lemon,783 Royal,190 Raj,LM Royal,VW Jari,,,n4=VW Jari,Jeetubhai Images\OS New folder (12) Images\1214 Border 200.JPG|Jeetubhai Images\OS New folder (12) Images\1214 Neck 400.JPG,58 pcs,high
R0175,7,1216,neck+astin butta,pink,144 Royal,770 Royal,302 Royal,34 D Royal,,,,Jeetubhai Images\OS New folder (12) Images\1216 Astin Butta 400.JPG|Jeetubhai Images\OS New folder (12) Images\1216 Neck 400.JPG,76 pcs,high
R0176,7,1216,neck+astin butta,yellow,145 T Raj,305 Royal,806 Royal,34 D Royal,,,,Jeetubhai Images\OS New folder (12) Images\1216 Astin Butta 400.JPG|Jeetubhai Images\OS New folder (12) Images\1216 Neck 400.JPG,68 pcs,high
R0177,7,1216,neck+astin butta,green,66 Raj,818 Royal,738 Royal,34 D Royal,,,,Jeetubhai Images\OS New folder (12) Images\1216 Astin Butta 400.JPG|Jeetubhai Images\OS New folder (12) Images\1216 Neck 400.JPG,67 pcs,high
R0178,7,1177,neck,purple,812 Royal,236 Royal,118 L Royal,,,,,Jeetubhai Images\OS New folder (11) Images\1177 Neck 250.JPG,65 pcs; shared colour list with 1177 (neck) and 1121 (kp),medium
R0179,7,1177,neck,pink,105 NL Royal,33 N Royal,118 L Royal,,,,,Jeetubhai Images\OS New folder (11) Images\1177 Neck 250.JPG,75 pcs; shared colour list with 1177 (neck) and 1121 (kp),high
R0180,7,1177,neck,blue,145 T Raj,236 Royal,118 L Royal,,,,,Jeetubhai Images\OS New folder (11) Images\1177 Neck 250.JPG,62 pcs; shared colour list with 1177 (neck) and 1121 (kp),medium
R0181,7,1121,kp,purple,812 Royal,236 Royal,118 L Royal,,,,,Jeetubhai Images\OS New folder (11) Images\1121 KP 250.JPG,65 pcs; shared colour list with 1177 (neck) and 1121 (kp),medium
R0182,7,1121,kp,pink,105 NL Royal,33 N Royal,118 L Royal,,,,,Jeetubhai Images\OS New folder (11) Images\1121 KP 250.JPG,75 pcs; shared colour list with 1177 (neck) and 1121 (kp),high
R0183,7,1121,kp,blue,145 T Raj,236 Royal,118 L Royal,,,,,Jeetubhai Images\OS New folder (11) Images\1121 KP 250.JPG,62 pcs; shared colour list with 1177 (neck) and 1121 (kp),medium
R0184,8,1201,neck+astin border,green,33 S Royal,105 R Raj,235 Royal,BCH,,,,Jeetubhai Images\OS New folder (12) Images\1201 Neck 400.JPG,54 pcs,high
R0185,8,1201,neck+astin border,brown,323 Royal,95 NL Raj,723 D Royal,BCH,,,,Jeetubhai Images\OS New folder (12) Images\1201 Neck 400.JPG,60 pcs,high
R0186,8,1201,neck+astin border,blue,368 Royal,712 Royal,355 Royal,BCH,,,,Jeetubhai Images\OS New folder (12) Images\1201 Neck 400.JPG,53 pcs,high
R0187,8,1202,neck+astin butta,brown,774 Royal,793 Raj,102 N Royal,BCH,,,,Jeetubhai Images\OS New folder (12) Images\1202 Neck 400.JPG,,high
R0188,8,1202,neck+astin butta,grey,706 Royal,793 Raj,752 Royal,BCH,,,,Jeetubhai Images\OS New folder (12) Images\1202 Neck 400.JPG,,high
R0189,8,1202,neck+astin butta,blue,706 Royal,793 Raj,710 D Raj,BCH,,,,Jeetubhai Images\OS New folder (12) Images\1202 Neck 400.JPG,,high
R0190,8,1203,neck,purple,31 Jari,89 Royal,137 S Royal,375 Royal,,,n1=31 Jari,Jeetubhai Images\OS New folder (12) Images\1203 Neck 400.JPG,phone note on row,medium
R0191,8,1203,neck,green,31 Jari,710 Royal,145 Royal,711 Royal,,,n1=31 Jari,Jeetubhai Images\OS New folder (12) Images\1203 Neck 400.JPG,,medium
R0192,8,1203,neck,orange,31 Jari,375 Royal,727 Royal,757 Royal,,,n1=31 Jari,Jeetubhai Images\OS New folder (12) Images\1203 Neck 400.JPG,,medium
R0193,8,1204,neck+astin butta,red,31 LL Royal,775 Royal,130 Raj,BCH,,,,Jeetubhai Images\OS New folder (12) Images\1204 Astin Butta 400.JPG|Jeetubhai Images\OS New folder (12) Images\1204 Neck 400.JPG,50 pcs,high
R0194,8,1204,neck+astin butta,green,336 Royal,342 DR Raj,130 Raj,BCH,,,,Jeetubhai Images\OS New folder (12) Images\1204 Astin Butta 400.JPG|Jeetubhai Images\OS New folder (12) Images\1204 Neck 400.JPG,50 pcs,high
R0195,8,1204,neck+astin butta,orange,118 LL Royal,105 NL Royal,130 Raj,BCH,,,,Jeetubhai Images\OS New folder (12) Images\1204 Astin Butta 400.JPG|Jeetubhai Images\OS New folder (12) Images\1204 Neck 400.JPG,48 pcs,high
R0196,8,1205,neck+border,pink,766 Royal,368 Royal,830 Royal,LG,,,,Jeetubhai Images\OS New folder (12) Images\1205 Neck 400.JPG,,medium
R0197,8,1205,neck+border,green,343 Royal,710 D Royal,830 Royal,LG,,,,Jeetubhai Images\OS New folder (12) Images\1205 Neck 400.JPG,,medium
R0198,8,1205,neck+border,yellow,342 DR Raj,707 Royal,830 Royal,LG,,,,Jeetubhai Images\OS New folder (12) Images\1205 Neck 400.JPG,,medium
R0199,8,1206,neck+astin butta,rama,307 Royal,727 Royal,34 D Royal,,,,,Jeetubhai Images\OS New folder (12) Images\1206 Astin 400.JPG|Jeetubhai Images\OS New folder (12) Images\1206 Neck 400.JPG,,high
R0200,8,1206,neck+astin butta,blue,130 Royal,17 NL Royal,34 D Royal,,,,,Jeetubhai Images\OS New folder (12) Images\1206 Astin 400.JPG|Jeetubhai Images\OS New folder (12) Images\1206 Neck 400.JPG,,high
R0201,8,1206,neck+astin butta,pink,33 N Royal,44 L Royal,34 D Royal,,,,,Jeetubhai Images\OS New folder (12) Images\1206 Astin 400.JPG|Jeetubhai Images\OS New folder (12) Images\1206 Neck 400.JPG,,medium
R0202,8,1207,neck+border,firozi,756 Royal,338 Royal,722 D Royal,VW Jari,,,n4=VW Jari,Jeetubhai Images\OS New folder (12) Images\1207 Border 200.JPG|Jeetubhai Images\OS New folder (12) Images\1207 Neck 400.JPG,40 pcs,high
R0203,8,1207,neck+border,pink,95 Royal,338 Royal,797 Royal,VW Jari,,,n4=VW Jari,Jeetubhai Images\OS New folder (12) Images\1207 Border 200.JPG|Jeetubhai Images\OS New folder (12) Images\1207 Neck 400.JPG,43 pcs,high
R0204,8,1207,neck+border,yellow,95 N Raj,338 Royal,104 Raj,VW Jari,,,n4=VW Jari,Jeetubhai Images\OS New folder (12) Images\1207 Border 200.JPG|Jeetubhai Images\OS New folder (12) Images\1207 Neck 400.JPG,42 pcs,high
R0205,8,1208,neck+border,rama,104 D Raj,323 Royal,76 Royal,VW Jari,,,n4=VW Jari,Jeetubhai Images\OS New folder (12) Images\1208 Border 200.JPG|Jeetubhai Images\OS New folder (12) Images\1208 Neck 400.JPG,152 pcs,high
R0206,8,1208,neck+border,pink,104 D Raj,323 Royal,775 Royal,VW Jari,,,n4=VW Jari,Jeetubhai Images\OS New folder (12) Images\1208 Border 200.JPG|Jeetubhai Images\OS New folder (12) Images\1208 Neck 400.JPG,152 pcs,high
R0207,8,1208,neck+border,yellow,767 Raj,323 Royal,104 D Raj,VW Jari,,,n4=VW Jari,Jeetubhai Images\OS New folder (12) Images\1208 Border 200.JPG|Jeetubhai Images\OS New folder (12) Images\1208 Neck 400.JPG,152 pcs,high
R0208,8,1161,neck+border,green,87 Royal,711 Royal,75 Royal,LG,,,,Jeetubhai Images\OS New folder (11) Images\1161 Neck 400.JPG,,medium
R0209,8,1161,neck+border,blue,834 Royal,115 Royal,75 Royal,LG,,,,Jeetubhai Images\OS New folder (11) Images\1161 Neck 400.JPG,,medium
R0210,8,1161,neck+border,yellow,188 Raj,343 Royal,75 Royal,LG,,,,Jeetubhai Images\OS New folder (11) Images\1161 Neck 400.JPG,,medium
R0211,9,1193,neck+border,orange,102 D Royal,325 Royal,707 D Royal,BCH,,,,Jeetubhai Images\OS New folder (11) Images\1193 Astin Border 200.JPG|Jeetubhai Images\OS New folder (11) Images\1193 Neck 400.JPG,56 pcs,high
R0212,9,1193,neck+border,green,1004 D Royal,325 Royal,1041 Royal,BCH,,,,Jeetubhai Images\OS New folder (11) Images\1193 Astin Border 200.JPG|Jeetubhai Images\OS New folder (11) Images\1193 Neck 400.JPG,50 pcs,medium
R0213,9,1193,neck+border,pink,16 Royal,325 Royal,766 Royal,BCH,,,,Jeetubhai Images\OS New folder (11) Images\1193 Astin Border 200.JPG|Jeetubhai Images\OS New folder (11) Images\1193 Neck 400.JPG,55 pcs,high
R0214,9,1196,neck+astin border,firozi,122 L Royal,190 Raj,813 Royal,BCH,,,,Jeetubhai Images\OS New folder (11) Images\1196 Border 200.JPG|Jeetubhai Images\OS New folder (11) Images\1196 Neck 400.JPG,,high
R0215,9,1196,neck+astin border,green,335 Royal,101 N Royal,1004 D Royal,BCH,,,,Jeetubhai Images\OS New folder (11) Images\1196 Border 200.JPG|Jeetubhai Images\OS New folder (11) Images\1196 Neck 400.JPG,,medium
R0216,9,1196,neck+astin border,orange,335 Royal,720 Royal,102 D Royal,BCH,,,,Jeetubhai Images\OS New folder (11) Images\1196 Border 200.JPG|Jeetubhai Images\OS New folder (11) Images\1196 Neck 400.JPG,,high
R0217,9,1196,neck+astin border,firozi,813 Royal,190 Raj,122 L Royal,BCH,,,,Jeetubhai Images\OS New folder (11) Images\1196 Border 200.JPG|Jeetubhai Images\OS New folder (11) Images\1196 Neck 400.JPG,only Astin 4 pcs,high
R0218,9,1196,neck+astin border,orange,102 D Royal,707 Royal,102 Raj,BCH,,,,Jeetubhai Images\OS New folder (11) Images\1196 Border 200.JPG|Jeetubhai Images\OS New folder (11) Images\1196 Neck 400.JPG,2 pcs,high
R0219,9,1195,neck+astin border,pink,15 Royal,33 S Royal,725 L Royal,BCH,,,,Jeetubhai Images\OS New folder (11) Images\1195 Border 200.JPG|Jeetubhai Images\OS New folder (11) Images\1195 Neck 400.JPG,54 pcs,high
R0220,9,1195,neck+astin border,green,235 Royal,33 S Royal,119 D Royal,BCH,,,,Jeetubhai Images\OS New folder (11) Images\1195 Border 200.JPG|Jeetubhai Images\OS New folder (11) Images\1195 Neck 400.JPG,56 pcs,high
R0221,9,1195,neck+astin border,firozi,720 Royal,190 Raj,840 Royal,BCH,,,,Jeetubhai Images\OS New folder (11) Images\1195 Border 200.JPG|Jeetubhai Images\OS New folder (11) Images\1195 Neck 400.JPG,57 pcs,high
R0222,9,1194,neck+astin border,black,313 Royal,377 Royal,,,,,,Jeetubhai Images\OS New folder (11) Images\1194 Neck 400.JPG,40 pcs,high
R0223,9,1194,neck+astin border,maroon,119 L Royal,410 Royal,,,,,,Jeetubhai Images\OS New folder (11) Images\1194 Neck 400.JPG,40 pcs,high
R0224,9,1194,neck+astin border,blue,313 Royal,768 Royal,,,,,,Jeetubhai Images\OS New folder (11) Images\1194 Neck 400.JPG,39 pcs,high
R0225,9,1197,neck+astin,green,103 Royal,820 Royal,343 P Royal,BCH,,,,Jeetubhai Images\OS New folder (11) Images\1197 Astin 400.JPG|Jeetubhai Images\OS New folder (11) Images\1197 Neck 400.JPG,,high
R0226,9,1197,neck+astin,rama,711 Raj,820 Royal,911 D Royal,BCH,,,,Jeetubhai Images\OS New folder (11) Images\1197 Astin 400.JPG|Jeetubhai Images\OS New folder (11) Images\1197 Neck 400.JPG,,high
R0227,9,1197,neck+astin,purple,776 Raj,820 Royal,147 T Raj,BCH,,,,Jeetubhai Images\OS New folder (11) Images\1197 Astin 400.JPG|Jeetubhai Images\OS New folder (11) Images\1197 Neck 400.JPG,,high
R0228,9,1198,neck+astin butta,purple,769 Royal,190 Raj,800 Royal,BCH,,,,Jeetubhai Images\OS New folder (11) Images\1198 Neck 400.JPG,,high
R0229,9,1198,neck+astin butta,gold,793 Royal,190 Raj,105 Royal,BCH,,,,Jeetubhai Images\OS New folder (11) Images\1198 Neck 400.JPG,,high
R0230,9,1198,neck+astin butta,firozi,130 Royal,190 Raj,130 Raj,BCH,,,,Jeetubhai Images\OS New folder (11) Images\1198 Neck 400.JPG,,high
R0231,9,1199,neck+astin border,green,341 Royal,751 Royal,M Raj,BCH,,,,Jeetubhai Images\OS New folder (11) Images\1199 Border 200.JPG|Jeetubhai Images\OS New folder (11) Images\1199 Neck 400.JPG,42 pcs,medium
R0232,9,1199,neck+astin border,brown,102 D Royal,751 Royal,121 D Royal,BCH,,,,Jeetubhai Images\OS New folder (11) Images\1199 Border 200.JPG|Jeetubhai Images\OS New folder (11) Images\1199 Neck 400.JPG,43 pcs,high
R0233,9,1199,neck+astin border,pink,79 Raj,751 Royal,890 Royal,BCH,,,,Jeetubhai Images\OS New folder (11) Images\1199 Border 200.JPG|Jeetubhai Images\OS New folder (11) Images\1199 Neck 400.JPG,44 pcs,high
R0234,9,1200,neck+astin border,blue,143 Royal,34 S Royal,769 Royal,BCH,,,,Jeetubhai Images\OS New folder (11) Images\1200 Border 200.JPG|Jeetubhai Images\OS New folder (11) Images\1200 Neck 400.JPG,41 pcs,high
R0235,9,1200,neck+astin border,gold,727 Royal,33 S Royal,759 Royal,BCH,,,,Jeetubhai Images\OS New folder (11) Images\1200 Border 200.JPG|Jeetubhai Images\OS New folder (11) Images\1200 Neck 400.JPG,40 pcs,high
R0236,9,1200,neck+astin border,pink,727 Raj,34 S Royal,272 Royal,BCH,,,,Jeetubhai Images\OS New folder (11) Images\1200 Border 200.JPG|Jeetubhai Images\OS New folder (11) Images\1200 Neck 400.JPG,44 pcs,medium
R0240,10,8073,kp,blue,85 Royal,739 D Raj,87 Royal,,,,,Jeetubhai Images\OS New folder (8) Images\8073 KP 400.BMP,,high
R0241,10,8073,kp,pink,305 Raj,122 Royal,775 Royal,,,,,Jeetubhai Images\OS New folder (8) Images\8073 KP 400.BMP,,high
R0242,10,8073,kp,brown,88 L Royal,870 Royal,795 D Royal,,,,,Jeetubhai Images\OS New folder (8) Images\8073 KP 400.BMP,,medium
R0243,10,1156,neck,peach,372 L Royal,365 Royal,763 Royal,119 D Royal,,,,Jeetubhai Images\OS New folder (11) Images\1156 Neck 250.JPG|Jeetubhai Images\OS New folder (11) Images\1156 Neck 4 Color.JPG,Phone written,high
R0244,10,1156,neck,green,740 Royal,374 Royal,707 Royal,LMLL Royal,,,,Jeetubhai Images\OS New folder (11) Images\1156 Neck 250.JPG|Jeetubhai Images\OS New folder (11) Images\1156 Neck 4 Color.JPG,,high
R0245,10,1156,neck,rust,739 Royal,728 Royal,100 UD Royal,778 D Royal,,,,Jeetubhai Images\OS New folder (11) Images\1156 Neck 250.JPG|Jeetubhai Images\OS New folder (11) Images\1156 Neck 4 Color.JPG,,medium
R0246,10,9033,kp,peach,365 Royal,763 Royal,119 D Royal,,,,,Jeetubhai Images\OS New folder (9) Images\9033 KP 200.JPG|Jeetubhai Images\OS New folder (9) Images\9033 KP 250.JPG,Phone written,high
R0247,10,9033,kp,green,374 Royal,707 Royal,LMLL Royal,,,,,Jeetubhai Images\OS New folder (9) Images\9033 KP 200.JPG|Jeetubhai Images\OS New folder (9) Images\9033 KP 250.JPG,,medium
R0248,10,9033,kp,rust,728 Royal,100 UD Royal,778 D Royal,,,,,Jeetubhai Images\OS New folder (9) Images\9033 KP 200.JPG|Jeetubhai Images\OS New folder (9) Images\9033 KP 250.JPG,,medium
R0249,10,1191,neck+border,green,60 LL Royal,190 Raj,62 Royal,BCH,,,n4=BCH,Jeetubhai Images\OS New folder (11) Images\1191 Astin Border 200.JPG|Jeetubhai Images\OS New folder (11) Images\1191 Neck 400.JPG,,high
R0250,10,1191,neck+border,blue,19 L Royal,190 Raj,840 Royal,BCH,,,n4=BCH,Jeetubhai Images\OS New folder (11) Images\1191 Astin Border 200.JPG|Jeetubhai Images\OS New folder (11) Images\1191 Neck 400.JPG,,high
R0251,10,1191,neck+border,yellow,118 LL Royal,190 Raj,121 D Royal,BCH,,,n4=BCH,Jeetubhai Images\OS New folder (11) Images\1191 Astin Border 200.JPG|Jeetubhai Images\OS New folder (11) Images\1191 Neck 400.JPG,,high
R0252,10,1124,kp,purple,822 Royal,856 Raj,31 L Royal,,,,,Jeetubhai Images\OS New folder (11) Images\1124 KP 250.JPG,86 pcs,high
R0253,10,1124,kp,peach,34 Royal,105 R Raj,118 LL Royal,,,,,Jeetubhai Images\OS New folder (11) Images\1124 KP 250.JPG,88 pcs; Phoni written,high
R0254,10,1124,kp,green,822 Royal,406 Royal,31 L Royal,,,,,Jeetubhai Images\OS New folder (11) Images\1124 KP 250.JPG,87 pcs,high
R0255,10,1186,neck,purple,822 Royal,856 Raj,31 L Royal,,,,,Jeetubhai Images\OS New folder (11) Images\1186 Neck 250.JPG,same recipe as 1124,high
R0256,10,1186,neck,peach,34 Royal,105 R Raj,118 LL Royal,,,,,Jeetubhai Images\OS New folder (11) Images\1186 Neck 250.JPG,same recipe as 1124; Phone written,high
R0257,10,1186,neck,green,822 Royal,406 Royal,31 L Royal,,,,,Jeetubhai Images\OS New folder (11) Images\1186 Neck 250.JPG,same recipe as 1124,high
R0258,10,1192,neck+border,purple,BCH Jari,1375 Royal,32 N Royal,,,,n1=BCH Jari,Jeetubhai Images\OS New folder (11) Images\1192 Neck 400.JPG,,high
R0259,10,1192,neck+border,green,BCH Jari,710 Royal,710 Royal,,,,n1=BCH Jari,Jeetubhai Images\OS New folder (11) Images\1192 Neck 400.JPG,n2/n3 from phone; prior green n3 unclear,medium
R0260,10,1192,neck+border,grey,BCH Jari,341 Royal,343 Royal,,,,n1=BCH Jari,Jeetubhai Images\OS New folder (11) Images\1192 Neck 400.JPG,,medium
R0261,11,9049,kp,yellow,187 Raj,820 Royal,343 Royal,,,,,Jeetubhai Images\OS New folder (9) Images\9049 KP 200.JPG,,high
R0262,11,9049,kp,peach,790 Royal,820 Royal,357 Royal,,,,,Jeetubhai Images\OS New folder (9) Images\9049 KP 200.JPG,,high
R0263,11,9049,kp,firozi,711 Royal,820 Royal,834 Raj,,,,,Jeetubhai Images\OS New folder (9) Images\9049 KP 200.JPG,,high
R0264,11,7039,kp,black,105 D Royal,8 NL Royal,119 L Royal,,,,,Jeetubhai Images\OS New folder (7) Images\7039 KP 200.JPG,31 pcs,high
R0265,11,7039,kp,red,105 D Royal,834 DD Raj,119 L Royal,,,,,Jeetubhai Images\OS New folder (7) Images\7039 KP 200.JPG,34 pcs,high
R0266,11,7039,kp,yellow,834 DD Raj,8 NL Royal,119 L Royal,,,,,Jeetubhai Images\OS New folder (7) Images\7039 KP 200.JPG,30 pcs,high
R0267,11,7039,kp,blue,105 D Royal,8 NL Royal,119 L Royal,,,,,Jeetubhai Images\OS New folder (7) Images\7039 KP 200.JPG,30 pcs,high
R0268,11,7059,kp,blue,8 D Raj,119 L Royal,76 Royal,,,,,Jeetubhai Images\OS New folder (7) Images\7059 KP 200.JPG|Jeetubhai Images\OS New folder (7) Images\7059 KP 250.JPG,33 pcs,high
R0269,11,7059,kp,red,M Royal,119 L Royal,731 L Royal,,,,,Jeetubhai Images\OS New folder (7) Images\7059 KP 200.JPG|Jeetubhai Images\OS New folder (7) Images\7059 KP 250.JPG,18 pcs,medium
R0270,11,7059,kp,burgundy,M Royal,119 L Royal,768 Royal,,,,,Jeetubhai Images\OS New folder (7) Images\7059 KP 200.JPG|Jeetubhai Images\OS New folder (7) Images\7059 KP 250.JPG,34 pcs,medium
R0271,11,7059,kp,green,8 D Raj,119 L Royal,103 Royal,,,,,Jeetubhai Images\OS New folder (7) Images\7059 KP 200.JPG|Jeetubhai Images\OS New folder (7) Images\7059 KP 250.JPG,41 pcs,high
R0272,11,7061,kp,black,119 L Royal,821 Royal,8 Royal,,,,,Jeetubhai Images\OS New folder (7) Images\7061 KP 200.JPG,28 pcs,high
R0273,11,7061,kp,maroon,119 L Royal,834 DD Raj,M Royal,,,,,Jeetubhai Images\OS New folder (7) Images\7061 KP 200.JPG,26 pcs,medium
R0274,11,7061,kp,blue,119 L Royal,8 Royal,105 D Royal,,,,,Jeetubhai Images\OS New folder (7) Images\7061 KP 200.JPG,27 pcs,high
R0275,11,7061,kp,rani,119 L Royal,100 Royal,842 Royal,,,,,Jeetubhai Images\OS New folder (7) Images\7061 KP 200.JPG,25 pcs,high
R0276,11,1190,neck,sky blue,110 D Royal,BCH Jari,319 Royal,86 Royal,,,n2=BCH Jari,Jeetubhai Images\OS New folder (11) Images\1190 Neck 400.JPG,,high
R0277,11,1190,neck,peach,110 D Royal,BCH Jari,319 Royal,345 Royal,,,n2=BCH Jari,Jeetubhai Images\OS New folder (11) Images\1190 Neck 400.JPG,Phone written,high
R0278,11,1190,neck,green,LML Royal,BCH Jari,325 Royal,343 Royal,,,n2=BCH Jari,Jeetubhai Images\OS New folder (11) Images\1190 Neck 400.JPG,,medium
R0279,11,6035,kp,purple,325 Royal,102 D Royal,34 D Royal,,,,,Jeetubhai Images\OS New folder (6) Images\6035 KP 250.BMP,40 pcs,high
R0280,11,6035,kp,green,31 Royal,102 D Royal,34 D Royal,,,,,Jeetubhai Images\OS New folder (6) Images\6035 KP 250.BMP,45 pcs,high
R0281,11,6035,kp,rust,315 D Royal,121 Royal,34 D Royal,,,,,Jeetubhai Images\OS New folder (6) Images\6035 KP 250.BMP,36 pcs,high
R0282,11,6009,kp,green,119 L Royal,8 NL Royal,795 D Royal,,,,,Jeetubhai Images\OS New folder (6) Images\6009 KP 250.BMP,28 pcs,high
R0283,11,6009,kp,red,119 L Royal,88 Raj,710 D Royal,,,,,Jeetubhai Images\OS New folder (6) Images\6009 KP 250.BMP,27 pcs,high
R0284,11,6009,kp,blue,119 L Royal,795 D Royal,8 NL Royal,,,,,Jeetubhai Images\OS New folder (6) Images\6009 KP 250.BMP,29 pcs,high
R0285,11,6009,kp,rani,119 L Royal,842 Royal,M Royal,,,,,Jeetubhai Images\OS New folder (6) Images\6009 KP 250.BMP,29 pcs,medium
R0286,11,7037,kp,pink,834 D Raj,851 Royal,315 Royal,,,,,Jeetubhai Images\OS New folder (7) Images\7037 KP 200.JPG,29 pcs,high
R0287,11,7037,kp,green,795 D Royal,8 Royal,315 Royal,,,,,Jeetubhai Images\OS New folder (7) Images\7037 KP 200.JPG,27 pcs,high
R0288,11,7037,kp,yellow,168 Royal,8 Royal,315 Royal,,,,,Jeetubhai Images\OS New folder (7) Images\7037 KP 200.JPG,27 pcs,high
R0289,11,7037,kp,blue,795 D Royal,8 Royal,315 Royal,,,,,Jeetubhai Images\OS New folder (7) Images\7037 KP 200.JPG,27 pcs,high
R0290,12,1188,neck+astin,orange,34 S Royal,813 Royal,5 Raj,BCH Jari,,,n4=BCH Jari,Jeetubhai Images\OS New folder (11) Images\1188 Neck.JPG,35 pcs,medium
R0291,12,1188,neck+astin,pink,813 Royal,710 Royal,769 Royal,BCH Jari,,,n4=BCH Jari,Jeetubhai Images\OS New folder (11) Images\1188 Neck.JPG,45 pcs,high
R0292,12,1188,neck+astin,yellow,34 S Royal,145 T Raj,813 Royal,BCH Jari,,,n4=BCH Jari,Jeetubhai Images\OS New folder (11) Images\1188 Neck.JPG,48 pcs,medium
R0293,12,1176,neck,blue,709 Raj,333 Royal,86 Royal,,,,,Jeetubhai Images\OS New folder (11) Images\1176 Neck.JPG,56 pcs,high
R0294,12,1176,neck,green,103 Royal,333 Royal,235 Royal,,,,,Jeetubhai Images\OS New folder (11) Images\1176 Neck.JPG,53 pcs,high
R0295,12,1176,neck,orange,127 Raj,333 Royal,727 L Royal,,,,,Jeetubhai Images\OS New folder (11) Images\1176 Neck.JPG,57 pcs,high
R0296,12,1164,neck,firozi,74 N Raj,34 S Royal,710 D Raj,,,,,Jeetubhai Images\OS New folder (11) Images\1164 Neck 250.JPG,24 pcs,high
R0297,12,1164,neck,plain,719 Royal,710 Royal,824 Royal,,,,,Jeetubhai Images\OS New folder (11) Images\1164 Neck 250.JPG,24 pcs; plane written,high
R0298,12,1164,neck,purple,770 Royal,361 Royal,15 Royal,,,,,Jeetubhai Images\OS New folder (11) Images\1164 Neck 250.JPG,27 pcs,high
R0299,12,9054,kp,chiku,308 Royal,188 Raj,809 Royal,,,,,Jeetubhai Images\OS New folder (9) Images\9054 KP 200.JPG,34 pcs,high
R0300,12,9054,kp,grey,61 N Royal,188 Raj,68 Royal,,,,,Jeetubhai Images\OS New folder (9) Images\9054 KP 200.JPG,38 pcs,high
R0301,12,9054,kp,green,809 Royal,188 Raj,45 Royal,,,,,Jeetubhai Images\OS New folder (9) Images\9054 KP 200.JPG,35 pcs,high
R0302,12,9050,kp,firozi,711 Royal,710 Royal,415 Royal,,,,,Jeetubhai Images\OS New folder (9) Images\9050 KP 200.JPG,38 pcs; cream cloth header,high
R0303,12,9050,kp,yellow,104 NL Royal,751 Royal,104 D Raj,,,,,Jeetubhai Images\OS New folder (9) Images\9050 KP 200.JPG,38 pcs,high
R0304,12,9050,kp,pink,46 Royal,94 Royal,797 Royal,,,,,Jeetubhai Images\OS New folder (9) Images\9050 KP 200.JPG,37 pcs,high
R0308,12,8079,kp,green,235 Royal,314 Royal,,,,,,Jeetubhai Images\OS New folder (8) Images\8079 KP 400.BMP,26 pcs,high
R0309,12,8079,kp,blue,710 D Royal,314 Royal,,,,,,Jeetubhai Images\OS New folder (8) Images\8079 KP 400.BMP,23 pcs,high
R0310,12,8079,kp,purple,362 Royal,314 Royal,,,,,,Jeetubhai Images\OS New folder (8) Images\8079 KP 400.BMP,25 pcs,high
R0311,12,8079,kp,red,732 Royal,314 Royal,,,,,,Jeetubhai Images\OS New folder (8) Images\8079 KP 400.BMP,25 pcs,high
R0312,12,9026,kp,navy blue,105 D Royal,8 NL Royal,315 Royal,,,,,Jeetubhai Images\OS New folder (9) Images\9026 KP 200.JPG,36 pcs,high
R0313,12,9026,kp,g.blue,105 D Royal,8 NL Royal,315 Royal,,,,,Jeetubhai Images\OS New folder (9) Images\9026 KP 200.JPG,27 pcs,high
R0314,12,9026,kp,purple,105 D Royal,8 NL Royal,315 Royal,,,,,Jeetubhai Images\OS New folder (9) Images\9026 KP 200.JPG,51 pcs,high
R0321,13,1183,neck,peach,719 Royal,190 Raj,81 Royal,,,,,Jeetubhai Images\OS New folder (11) Images\1183 Neck 250.JPG,27 pcs,high
R0322,13,1183,neck,blue,343 Royal,190 Raj,74 N Raj,,,,,Jeetubhai Images\OS New folder (11) Images\1183 Neck 250.JPG,24 pcs,high
R0323,13,1183,neck,pink,124 Royal,190 Raj,27 Royal,,,,,Jeetubhai Images\OS New folder (11) Images\1183 Neck 250.JPG,29 pcs,high
R0324,13,1184,neck,blue,415 Royal,710 Royal,711 Royal,,,,,Jeetubhai Images\OS New folder (11) Images\1184 Neck 250.JPG,,high
R0325,13,1184,neck,pink,797 Royal,94 Royal,46 Royal,,,,,Jeetubhai Images\OS New folder (11) Images\1184 Neck 250.JPG,,high
R0326,13,1184,neck,yellow,104 D Raj,751 Royal,104 NL Royal,,,,,Jeetubhai Images\OS New folder (11) Images\1184 Neck 250.JPG,,high
R0330,13,1186,neck,firozi,143 Royal,31 LL Royal,813 B Royal,,,,,Jeetubhai Images\OS New folder (11) Images\1186 Neck 250.JPG,30 pcs,high
R0331,13,1186,neck,green,1004 Royal,31 LL Royal,849 Royal,,,,,Jeetubhai Images\OS New folder (11) Images\1186 Neck 250.JPG,26 pcs,medium
R0332,13,1186,neck,purple,372 L Royal,31 LL Royal,307 Royal,,,,,Jeetubhai Images\OS New folder (11) Images\1186 Neck 250.JPG,28 pcs,high
R0336,13,1177,neck,green,125 R Royal,109 Royal,838 Royal,,,,,Jeetubhai Images\OS New folder (11) Images\1177 Neck 250.JPG,cream cloth,high
R0337,13,1177,neck,blue,81 Royal,109 Royal,710 D Raj,,,,,Jeetubhai Images\OS New folder (11) Images\1177 Neck 250.JPG,cream cloth,high
R0338,13,1177,neck,purple,702 D Royal,109 Royal,146 T Raj,,,,,Jeetubhai Images\OS New folder (11) Images\1177 Neck 250.JPG,cream cloth,high
R0339,13,1177,neck,firozi,125 R Royal,109 Royal,763 Royal,,,,,Jeetubhai Images\OS New folder (11) Images\1177 Neck 250.JPG,cream cloth,high
R0340,13,1177,neck,yellow,81 Royal,702 D Royal,105 L Royal,,,,,Jeetubhai Images\OS New folder (11) Images\1177 Neck 250.JPG,cream cloth,high
R0341,13,1163,neck,green,739 Royal,105 L Royal,839 Royal,,,,,Jeetubhai Images\OS New folder (11) Images\1163 Neck 250.JPG,cream cloth,high
R0342,13,1163,neck,purple,357 Royal,123 Royal,362 Royal,,,,,Jeetubhai Images\OS New folder (11) Images\1163 Neck 250.JPG,cream cloth,high
R0343,13,1163,neck,blue,361 R Raj,840 Royal,709 Royal,,,,,Jeetubhai Images\OS New folder (11) Images\1163 Neck 250.JPG,cream cloth,high
R0350,14,1179,neck+astin border,purple,1004 Royal,147 T Raj,834 DD Raj,BCH Jari,,,n4=BCH Jari,Jeetubhai Images\OS New folder (11) Images\1179 Asteen Border 200.JPG|Jeetubhai Images\OS New folder (11) Images\1179 Neck 400.JPG,,medium
R0351,14,1179,neck+astin border,green,241 Royal,LM Royal,89 D Royal,BCH Jari,,,n4=BCH Jari,Jeetubhai Images\OS New folder (11) Images\1179 Asteen Border 200.JPG|Jeetubhai Images\OS New folder (11) Images\1179 Neck 400.JPG,,medium
R0352,14,1179,neck+astin border,brown,102 D Royal,834 D Raj,366 Royal,BCH Jari,,,n4=BCH Jari,Jeetubhai Images\OS New folder (11) Images\1179 Asteen Border 200.JPG|Jeetubhai Images\OS New folder (11) Images\1179 Neck 400.JPG,,high
R0353,14,1180,neck+astin border,blue,130 L Royal,335 Royal,722 D Royal,BCH Jari,,,n4=BCH Jari,Jeetubhai Images\OS New folder (11) Images\1180 Asteen Border 200.JPG|Jeetubhai Images\OS New folder (11) Images\1180 Neck 400.JPG,,high
R0354,14,1180,neck+astin border,orange,95 NL Raj,190 Raj,376 Royal,BCH Jari,,,n4=BCH Jari,Jeetubhai Images\OS New folder (11) Images\1180 Asteen Border 200.JPG|Jeetubhai Images\OS New folder (11) Images\1180 Neck 400.JPG,,high
R0355,14,1180,neck+astin border,green,735 Royal,190 Raj,343 Royal,BCH Jari,,,n4=BCH Jari,Jeetubhai Images\OS New folder (11) Images\1180 Asteen Border 200.JPG|Jeetubhai Images\OS New folder (11) Images\1180 Neck 400.JPG,,high
R0356,14,1113,neck/border,purple,777 Royal,123 Royal,810 Raj,,,,,Jeetubhai Images\OS New folder (11) Images\1113 CP Border 250.JPG|Jeetubhai Images\OS New folder (9) Images\1113 CP Neck 250.JPG,30 pcs; cream cloth,high
R0357,14,1113,neck/border,pink,834 D Raj,123 Royal,75 Royal,,,,,Jeetubhai Images\OS New folder (11) Images\1113 CP Border 250.JPG|Jeetubhai Images\OS New folder (9) Images\1113 CP Neck 250.JPG,28 pcs,high
R0358,14,1113,neck/border,yellow,147 DT Raj,123 Royal,767 Raj,,,,,Jeetubhai Images\OS New folder (11) Images\1113 CP Border 250.JPG|Jeetubhai Images\OS New folder (9) Images\1113 CP Neck 250.JPG,21 pcs,high
R0359,14,1113,neck/border,firozi,105 D Raj,123 Royal,105 L Royal,,,,,Jeetubhai Images\OS New folder (11) Images\1113 CP Border 250.JPG|Jeetubhai Images\OS New folder (9) Images\1113 CP Neck 250.JPG,28 pcs,high
R0360,14,9059,neck/border,orange,727 Royal,315 Royal,732 Royal,,,,,Jeetubhai Images\OS New folder (9) Images\9059 Border CP 250.JPG|Jeetubhai Images\OS New folder (9) Images\9059 Neck CP 250.JPG,40 pcs; cream cloth; CP,high
R0361,14,9059,neck/border,green,103 Royal,315 Royal,M Raj,,,,,Jeetubhai Images\OS New folder (9) Images\9059 Border CP 250.JPG|Jeetubhai Images\OS New folder (9) Images\9059 Neck CP 250.JPG,40 pcs,medium
R0362,14,9059,neck/border,purple,710 Royal,315 Royal,842 Royal,,,,,Jeetubhai Images\OS New folder (9) Images\9059 Border CP 250.JPG|Jeetubhai Images\OS New folder (9) Images\9059 Neck CP 250.JPG,40 pcs,high
R0363,14,1181,neck+astin border,blue,190 Raj,130 L Royal,722 D Royal,BCH,,,n4=BCH,Jeetubhai Images\OS New folder (11) Images\1181 Border Asteen 200.JPG|Jeetubhai Images\OS New folder (11) Images\1181 Neck 400.JPG,,high
R0364,14,1181,neck+astin border,orange,190 Raj,95 NL Raj,376 Royal,BCH,,,n4=BCH,Jeetubhai Images\OS New folder (11) Images\1181 Border Asteen 200.JPG|Jeetubhai Images\OS New folder (11) Images\1181 Neck 400.JPG,,high
R0365,14,1181,neck+astin border,green,335 Royal,735 Royal,343 Royal,BCH,,,n4=BCH,Jeetubhai Images\OS New folder (11) Images\1181 Border Asteen 200.JPG|Jeetubhai Images\OS New folder (11) Images\1181 Neck 400.JPG,,high
R0369,15,7053,kp,red,145 R Raj,118 LL Royal,147 DR Raj,,,,,Jeetubhai Images\OS New folder (7) Images\7053 KP 200.JPG,,medium
R0370,15,7053,kp,violet,840 LL Royal,118 LL Royal,Black,,,,,Jeetubhai Images\OS New folder (7) Images\7053 KP 200.JPG,,medium
R0371,15,7053,kp,sky blue,840 Royal,118 LL Royal,925 Raj,,,,,Jeetubhai Images\OS New folder (7) Images\7053 KP 200.JPG,,high
R0372,15,1174,neck+astin,purple,16 N Royal,31 L Royal,821 Royal,BCH Jari,,,n4=BCH Jari,Jeetubhai Images\OS New folder (11) Images\1174 Neck.JPG,framing,high
R0373,15,1174,neck+astin,maroon,89 Royal,331 Royal,739 Royal,BCH Jari,,,n4=BCH Jari,Jeetubhai Images\OS New folder (11) Images\1174 Neck.JPG,,high
R0374,15,1174,neck+astin,firozi,813 D Royal,31 L Royal,372 L Royal,BCH Jari,,,n4=BCH Jari,Jeetubhai Images\OS New folder (11) Images\1174 Neck.JPG,,high
R0375,15,1173,neck+astin,purple,1375 Royal,118 LL Royal,335 Royal,BCH Jari,,,n4=BCH Jari,Jeetubhai Images\OS New folder (11) Images\1173 Neck.JPG,framing,high
R0376,15,1173,neck+astin,green,LM Raj,118 LL Royal,33 S Royal,BCH Jari,,,n4=BCH Jari,Jeetubhai Images\OS New folder (11) Images\1173 Neck.JPG,,high
R0377,15,1173,neck+astin,firozi,409 Royal,118 LL Royal,80 Royal,BCH Jari,,,n4=BCH Jari,Jeetubhai Images\OS New folder (11) Images\1173 Neck.JPG,,high
R0378,15,1178,neck,green,190 Raj,31 L Royal,711 Royal,,,,,Jeetubhai Images\OS New folder (11) Images\1178 Neck.JPG,85 pcs; shared colour list with 1178 and 1177,high
R0379,15,1178,neck,mustard,190 Raj,31 L Royal,104 Royal,,,,,Jeetubhai Images\OS New folder (11) Images\1178 Neck.JPG,79 pcs; shared colour list with 1178 and 1177,high
R0380,15,1178,neck,blue,190 Raj,31 L Royal,833 Royal,,,,,Jeetubhai Images\OS New folder (11) Images\1178 Neck.JPG,85 pcs; shared colour list with 1178 and 1177,high
R0381,15,1177,neck,green,190 Raj,31 L Royal,711 Royal,,,,,Jeetubhai Images\OS New folder (11) Images\1177 Neck 250.JPG,85 pcs; shared colour list with 1178 and 1177,high
R0382,15,1177,neck,mustard,190 Raj,31 L Royal,104 Royal,,,,,Jeetubhai Images\OS New folder (11) Images\1177 Neck 250.JPG,79 pcs; shared colour list with 1178 and 1177,high
R0383,15,1177,neck,blue,190 Raj,31 L Royal,833 Royal,,,,,Jeetubhai Images\OS New folder (11) Images\1177 Neck 250.JPG,85 pcs; shared colour list with 1178 and 1177,high
R0384,15,1175,neck,green,763 Royal,333 Royal,837 Royal,,,,,Jeetubhai Images\OS New folder (11) Images\1175 Neck 250.JPG,shared colour list with 1175 and 1176,high
R0385,15,1175,neck,pink,1210 Royal,32 Royal,776 Royal,,,,,Jeetubhai Images\OS New folder (11) Images\1175 Neck 250.JPG,shared colour list with 1175 and 1176,medium
R0386,15,1175,neck,blue,333 Royal,311 Royal,722 D Royal,,,,,Jeetubhai Images\OS New folder (11) Images\1175 Neck 250.JPG,shared colour list with 1175 and 1176,high
R0387,15,1176,neck,green,763 Royal,333 Royal,837 Royal,,,,,Jeetubhai Images\OS New folder (11) Images\1176 Neck.JPG,shared colour list with 1175 and 1176,high
R0388,15,1176,neck,pink,1210 Royal,32 Royal,776 Royal,,,,,Jeetubhai Images\OS New folder (11) Images\1176 Neck.JPG,shared colour list with 1175 and 1176,medium
R0389,15,1176,neck,blue,333 Royal,311 Royal,722 D Royal,,,,,Jeetubhai Images\OS New folder (11) Images\1176 Neck.JPG,shared colour list with 1175 and 1176,high
R0393,15,9035,kp,green,809 Royal,188 Raj,45 Royal,,,,,Jeetubhai Images\OS New folder (9) Images\9035 KP 200.JPG,,high
R0394,15,9035,kp,grey,61 N Royal,188 Raj,68 Royal,,,,,Jeetubhai Images\OS New folder (9) Images\9035 KP 200.JPG,,medium
R0395,15,9035,kp,chiku,308 Royal,188 Raj,809 Royal,,,,,Jeetubhai Images\OS New folder (9) Images\9035 KP 200.JPG,,medium
R0396,15,5071,kp,cream,728 D Royal,719 L Royal,,,,,,Jeetubhai Images\OS New folder (5) Images\5071 Kurta patti 400.BMP,,high
R0397,15,5071,kp,pink,727 Royal,766 Royal,,,,,,Jeetubhai Images\OS New folder (5) Images\5071 Kurta patti 400.BMP,,high
R0398,15,5071,kp,firozi,710 Royal,741 Raj,,,,,,Jeetubhai Images\OS New folder (5) Images\5071 Kurta patti 400.BMP,,high
R0403,16,1172,neck+astin,yellow,716 Royal,751 Royal,707 Royal,BCH Jari,,,n4=BCH Jari,Jeetubhai Images\OS New folder (11) Images\1172 Neck.JPG,52x3=156 Pcs,high
R0404,16,1172,neck+astin,grey,79 Royal,751 Royal,68 NL Royal,BCH Jari,,,n4=BCH Jari,Jeetubhai Images\OS New folder (11) Images\1172 Neck.JPG,ditto n2 from above,high
R0405,16,1172,neck+astin,pink,719 Royal,751 Royal,766 Royal,BCH Jari,,,n4=BCH Jari,Jeetubhai Images\OS New folder (11) Images\1172 Neck.JPG,ditto n2 from above,high
R0406,16,1171,neck+astin,yellow,751 Royal,104 NL Royal,104 D Raj,BCH Jari,,,n4=BCH Jari,Jeetubhai Images\OS New folder (11) Images\1171 Neck.JPG,52x3=156 Pcs,high
R0407,16,1171,neck+astin,pink,94 Royal,46 Royal,797 Royal,BCH Jari,,,n4=BCH Jari,Jeetubhai Images\OS New folder (11) Images\1171 Neck.JPG,ditto n4,high
R0408,16,1171,neck+astin,firozi,710 Royal,415 Royal,711 Royal,BCH Jari,,,n4=BCH Jari,Jeetubhai Images\OS New folder (11) Images\1171 Neck.JPG,ditto n4,high
R0409,16,1170,neck+astin,pink,123 Royal,777 Royal,810 Raj,BCH Jari,,,n4=BCH Jari,Jeetubhai Images\OS New folder (11) Images\1170 Neck 500.JPG,40x4=160 Pcs,high
R0410,16,1170,neck+astin,firozi,123 Royal,834 D Raj,75 Royal,BCH Jari,,,n4=BCH Jari,Jeetubhai Images\OS New folder (11) Images\1170 Neck 500.JPG,"ditto n1,n4",high
R0411,16,1170,neck+astin,purple,123 Royal,147 DT Raj,767 Raj,BCH Jari,,,n4=BCH Jari,Jeetubhai Images\OS New folder (11) Images\1170 Neck 500.JPG,"ditto n1,n4",high
R0412,16,1170,neck+astin,yellow,123 Royal,105 D Raj,105 L Royal,BCH Jari,,,n4=BCH Jari,Jeetubhai Images\OS New folder (11) Images\1170 Neck 500.JPG,"ditto n1,n4",high
R0413,16,8030,kp,l.orange,90 ND Royal,726 Royal,33 S Royal,,,,,Jeetubhai Images\OS New folder (8) Images\8030 KP 200.JPG,60x3=180 Pcs,high
R0414,16,8030,kp,grey,34 Royal,727 Royal,845 Royal,,,,,Jeetubhai Images\OS New folder (8) Images\8030 KP 200.JPG,,high
R0415,16,8030,kp,rust,90 L Royal,706 Royal,33 S Royal,,,,,Jeetubhai Images\OS New folder (8) Images\8030 KP 200.JPG,,high
R0416,16,8079,kp,green,235 Royal,314 Raj,,,,,,Jeetubhai Images\OS New folder (8) Images\8079 KP 400.BMP,45x4=180 Pcs,high
R0417,16,8079,kp,n.blue,710 D Royal,314 Raj,,,,,,Jeetubhai Images\OS New folder (8) Images\8079 KP 400.BMP,ditto n2,high
R0418,16,8079,kp,d.purple,362 Royal,314 Raj,,,,,,Jeetubhai Images\OS New folder (8) Images\8079 KP 400.BMP,ditto n2,high
R0419,16,8079,kp,maroon,732 Royal,314 Raj,,,,,,Jeetubhai Images\OS New folder (8) Images\8079 KP 400.BMP,ditto n2,high
R0420,16,8035,kp,violet,739 Royal,31 L Royal,89 Royal,,,,,Jeetubhai Images\OS New folder (8) Images\8035 KP 200.JPG,125 Pcs; 39 Pcs,high
R0421,16,8035,kp,rama,372 L Royal,31 L Royal,710 D Raj,,,,,Jeetubhai Images\OS New folder (8) Images\8035 KP 200.JPG,ditto n2; 41 Pcs,high
R0422,16,8035,kp,purple,821 Royal,31 L Royal,16 N Royal,,,,,Jeetubhai Images\OS New folder (8) Images\8035 KP 200.JPG,ditto n2; 45 Pcs,high
R0423,16,8074,kp,yellow,775 L Royal,33 S Royal,LM Raj,,,,,Jeetubhai Images\OS New folder (8) Images\8074 KP 400.BMP,60x3=180 Pcs,high
R0424,16,8074,kp,purple,118 Royal,33 S Royal,147 DT Raj,,,,,Jeetubhai Images\OS New folder (8) Images\8074 KP 400.BMP,,high
R0425,16,8074,kp,rama,775 L Royal,33 S Royal,409 Royal,,,,,Jeetubhai Images\OS New folder (8) Images\8074 KP 400.BMP,,high
R0426,16,7022,kp,green,M Royal,118 LL Royal,33 S Royal,,,,,Jeetubhai Images\OS New folder (7) Images\7022 KP 200.JPG,60x3=180 Pcs,high
R0427,16,7022,kp,rama,813 Royal,118 LL Royal,33 S Royal,,,,,Jeetubhai Images\OS New folder (7) Images\7022 KP 200.JPG,ditto n3,high
R0428,16,7022,kp,purple,362 Royal,118 LL Royal,33 S Royal,,,,,Jeetubhai Images\OS New folder (7) Images\7022 KP 200.JPG,ditto n3,high
R0429,17,1161,neck,green,76 Royal,74 Royal,751 Royal,LG,,,,Jeetubhai Images\OS New folder (11) Images\1161 Neck 400.JPG,52x3=156 + Border - 1 M/r; n4=LG,high
R0430,17,1161,neck,blue,834 Royal,115 Royal,751 Royal,LG,,,,Jeetubhai Images\OS New folder (11) Images\1161 Neck 400.JPG,"ditto n3,n4",high
R0431,17,1161,neck,yellow,188 Raj,303 Royal,751 Royal,LG,,,,Jeetubhai Images\OS New folder (11) Images\1161 Neck 400.JPG,"ditto n3,n4",high
R0432,17,1165,neck,blue,125 Royal,834D Raj,119L Royal,,,,,Jeetubhai Images\OS New folder (11) Images\1165 Neck 250.JPG,shared list with 1166; Neck 24x4=96 + 30x4=120; 40 Pcs,high
R0433,17,1165,neck,purple,125 Royal,125 LR Royal,119L Royal,,,,,Jeetubhai Images\OS New folder (11) Images\1165 Neck 250.JPG,"ditto n1,n3; 42 Pcs",high
R0434,17,1165,neck,wine,125 Royal,768L Raj,119L Royal,,,,,Jeetubhai Images\OS New folder (11) Images\1165 Neck 250.JPG,"ditto n1,n3; 33 Pcs",high
R0435,17,1165,neck,green,125 Royal,,119L Royal,,,,,Jeetubhai Images\OS New folder (11) Images\1165 Neck 250.JPG,"ditto n1,n3; 42 Pcs; n2 faint/unreadable",medium
R0436,17,1166,neck,blue,125 Royal,834D Raj,119L Royal,,,,,Jeetubhai Images\OS New folder (11) Images\1166 Neck 250.JPG,shared list with 1165; Neck 157 Pcs; 40 Pcs,high
R0437,17,1166,neck,purple,125 Royal,125 LR Royal,119L Royal,,,,,Jeetubhai Images\OS New folder (11) Images\1166 Neck 250.JPG,"ditto n1,n3; 42 Pcs",high
R0438,17,1166,neck,wine,125 Royal,768L Raj,119L Royal,,,,,Jeetubhai Images\OS New folder (11) Images\1166 Neck 250.JPG,"ditto n1,n3; 33 Pcs",high
R0439,17,1166,neck,green,125 Royal,,119L Royal,,,,,Jeetubhai Images\OS New folder (11) Images\1166 Neck 250.JPG,"ditto n1,n3; 42 Pcs; n2 faint/unreadable",medium
R0440,17,1164,neck,black,372 Royal,377 Royal,739 Royal,,,,,Jeetubhai Images\OS New folder (11) Images\1164 Neck 250.JPG,50x3=150 +123; 34 Pcs,high
R0441,17,1164,neck,maroon,79 Royal,M Royal,119 D Royal,,,,,Jeetubhai Images\OS New folder (11) Images\1164 Neck 250.JPG,49 Pcs,high
R0442,17,1164,neck,blue,739 Royal,377 Royal,90N Royal,,,,,Jeetubhai Images\OS New folder (11) Images\1164 Neck 250.JPG,40 Pcs,high
R0443,17,1162,neck,brown,102 Raj,118LL Royal,90 Raj,LG,,,,Jeetubhai Images\OS New folder (11) Images\1162 Neck.JPG,160 Pcs; 55 Pcs; n4=LG,high
R0444,17,1162,neck,green,710 Royal,336 Royal,710 D Royal,LG,,,,Jeetubhai Images\OS New folder (11) Images\1162 Neck.JPG,ditto n4; 55 Pcs,high
R0445,17,1162,neck,firozi,79 Raj,118LL Royal,82 Raj,LG,,,,Jeetubhai Images\OS New folder (11) Images\1162 Neck.JPG,ditto n4; 50 Pcs,high
R0446,17,1168,neck,black,118 N Royal,168 Royal,119 D Royal,,,,,Jeetubhai Images\OS New folder (11) Images\1168 Neck 250.JPG,shared with 1167; 129 Pcs; Black-53,high
R0447,17,1168,neck,red,118 N Royal,Black,119 D Royal,,,,,Jeetubhai Images\OS New folder (11) Images\1168 Neck 250.JPG,"ditto n1,n3; 41 Pcs; n2 written Black",high
R0448,17,1168,neck,blue,118 N Royal,834 D Raj,119 D Royal,,,,,Jeetubhai Images\OS New folder (11) Images\1168 Neck 250.JPG,"ditto n1,n3; 35 Pcs",high
R0449,17,1167,neck,black,118 N Royal,168 Royal,119 D Royal,,,,,Jeetubhai Images\OS New folder (11) Images\1167 Neck 250.JPG,shared with 1167; 129 Pcs; Black-53; shared list with 1168; Neck 42x3=126 + 30x3=90,high
R0450,17,1167,neck,red,118 N Royal,Black,119 D Royal,,,,,Jeetubhai Images\OS New folder (11) Images\1167 Neck 250.JPG,"ditto n1,n3; 41 Pcs; n2 written Black; shared list with 1168; Neck 42x3=126 + 30x3=90",high
R0451,17,1167,neck,blue,118 N Royal,834 D Raj,119 D Royal,,,,,Jeetubhai Images\OS New folder (11) Images\1167 Neck 250.JPG,"ditto n1,n3; 35 Pcs; shared list with 1168; Neck 42x3=126 + 30x3=90",high
R0452,17,1169,neck+astin border,yellow,127L Royal,821 Royal,782 Royal,BCH Jari,,,n4=BCH Jari,Jeetubhai Images\OS New folder (11) Images\1169 Astin Border 200.JPG|Jeetubhai Images\OS New folder (11) Images\1169 Neck 400.JPG,52x3=156/4,high
R0453,17,1169,neck+astin border,pink,775L Royal,367 Royal,27 Royal,BCH Jari,,,n4=BCH Jari,Jeetubhai Images\OS New folder (11) Images\1169 Astin Border 200.JPG|Jeetubhai Images\OS New folder (11) Images\1169 Neck 400.JPG,,high
R0454,17,1169,neck+astin border,firozi,33N Royal,35S Royal,74N Raj,BCH Jari,,,n4=BCH Jari,Jeetubhai Images\OS New folder (11) Images\1169 Astin Border 200.JPG|Jeetubhai Images\OS New folder (11) Images\1169 Neck 400.JPG,,high
R0455,17,8007,kp,yellow,127L Royal,821 Royal,782 Royal,,,,,Jeetubhai Images\OS New folder (8) Images\8007 KP 400.JPG,237 Pcs; 79 Pcs,high
R0456,17,8007,kp,pink,775L Royal,367 Royal,27 Royal,,,,,Jeetubhai Images\OS New folder (8) Images\8007 KP 400.JPG,78 Pcs,high
R0457,17,8007,kp,firozi,33N Royal,35S Royal,74N Raj,,,,,Jeetubhai Images\OS New folder (8) Images\8007 KP 400.JPG,80 Pcs,high
R0458,17,1117,cp,pink,790 Royal,34 S Royal,835 Royal,,,,,Jeetubhai Images\OS New folder (11) Images\1117 CP Border 250.JPG|Jeetubhai Images\OS New folder (11) Images\1117 CP Neck.JPG,40x3=120 Pcs,high
R0459,17,1117,cp,orange,5 Raj,34 S Royal,813 Royal,,,,,Jeetubhai Images\OS New folder (11) Images\1117 CP Border 250.JPG|Jeetubhai Images\OS New folder (11) Images\1117 CP Neck.JPG,ditto n2,high
R0460,17,1117,cp,yellow,145 Raj,34 S Royal,813 Raj,,,,,Jeetubhai Images\OS New folder (11) Images\1117 CP Border 250.JPG|Jeetubhai Images\OS New folder (11) Images\1117 CP Neck.JPG,ditto n2,high
R0461,18,1155,neck+border,green,710 Royal,345 Royal,62 Royal,LG,,,,Jeetubhai Images\OS New folder (11) Images\1155 Neck 450.JPG,60x3=180 Pcs; n4=LG,high
R0462,18,1155,neck+border,yellow,727 Royal,345 Royal,103L Royal,LG,,,,Jeetubhai Images\OS New folder (11) Images\1155 Neck 450.JPG,"ditto n2,n4",high
R0463,18,1155,neck+border,pink,727 Royal,345 Royal,27 Royal,LG,,,,Jeetubhai Images\OS New folder (11) Images\1155 Neck 450.JPG,"ditto n2,n4",high
R0464,18,1106,neck,black,190 Raj,358 Royal,119L Royal,,,,,Jeetubhai Images\OS New folder (11) Images\1106 Neck 250.JPG,367 Pcs; 91 Pcs,high
R0465,18,1106,neck,red,34 Royal,121D Royal,119LR Royal,,,,,Jeetubhai Images\OS New folder (11) Images\1106 Neck 250.JPG,92 Pcs,high
R0466,18,1106,neck,grey,2004 Royal,377 Royal,119L Royal,,,,,Jeetubhai Images\OS New folder (11) Images\1106 Neck 250.JPG,91 Pcs,high
R0467,18,1106,neck,purple,372 Royal,358 Royal,119L Royal,,,,,Jeetubhai Images\OS New folder (11) Images\1106 Neck 250.JPG,93 Pcs,high
R0468,18,9086,neck,black,190 Raj,377 Royal,119L Royal,,,,,Jeetubhai Images\OS New folder (9) Images\9086 Neck.JPG,385 Pcs; 99 Pcs; shared with 1157,high
R0469,18,9086,neck,red,190 Raj,34 Royal,119L Royal,,,,,Jeetubhai Images\OS New folder (9) Images\9086 Neck.JPG,99 Pcs,high
R0470,18,9086,neck,purple,190 Raj,377 Royal,119L Royal,,,,,Jeetubhai Images\OS New folder (9) Images\9086 Neck.JPG,90 Pcs,high
R0471,18,9086,neck,grey,190 Raj,377 Royal,119L Royal,,,,,Jeetubhai Images\OS New folder (9) Images\9086 Neck.JPG,97 Pcs,high
R0472,18,1157,neck,black,190 Raj,377 Royal,119L Royal,,,,,Jeetubhai Images\OS New folder (11) Images\1157 Neck 250.JPG,385 Pcs; 99 Pcs; shared with 1157; shared list with 9086; Neck 50x4=200,high
R0473,18,1157,neck,red,190 Raj,34 Royal,119L Royal,,,,,Jeetubhai Images\OS New folder (11) Images\1157 Neck 250.JPG,99 Pcs; shared list with 9086; Neck 50x4=200,high
R0474,18,1157,neck,purple,190 Raj,377 Royal,119L Royal,,,,,Jeetubhai Images\OS New folder (11) Images\1157 Neck 250.JPG,90 Pcs; shared list with 9086; Neck 50x4=200,high
R0475,18,1157,neck,grey,190 Raj,377 Royal,119L Royal,,,,,Jeetubhai Images\OS New folder (11) Images\1157 Neck 250.JPG,97 Pcs; shared list with 9086; Neck 50x4=200,high
R0476,18,1158,neck+border,green,702D Royal,335 Royal,742 Royal,LG,,,,Jeetubhai Images\OS New folder (11) Images\1158 Border 200.JPG|Jeetubhai Images\OS New folder (11) Images\1158 Neck 400.JPG,48x3=144 + Border 0.80; n4=LG,high
R0477,18,1158,neck+border,pink,727 Royal,739 Royal,715 Royal,LG,,,,Jeetubhai Images\OS New folder (11) Images\1158 Border 200.JPG|Jeetubhai Images\OS New folder (11) Images\1158 Neck 400.JPG,ditto n4,high
R0478,18,1158,neck+border,orange,123 Royal,722D Royal,88NL Royal,LG,,,,Jeetubhai Images\OS New folder (11) Images\1158 Border 200.JPG|Jeetubhai Images\OS New folder (11) Images\1158 Neck 400.JPG,ditto n4,high
R0479,18,1156,neck,black,707D Royal,820 Royal,8 Raj,318 Royal,,,,Jeetubhai Images\OS New folder (11) Images\1156 Neck 250.JPG|Jeetubhai Images\OS New folder (11) Images\1156 Neck 4 Color.JPG,104+104+104+103=415 Pcs; Grey noted near header,high
R0480,18,1156,neck,maroon,775 Royal,707D Royal,MD Royal,318 Royal,,,,Jeetubhai Images\OS New folder (11) Images\1156 Neck 250.JPG|Jeetubhai Images\OS New folder (11) Images\1156 Neck 4 Color.JPG,,high
R0481,18,1156,neck,blue,707D Royal,834D Raj,8 Raj,318 Royal,,,,Jeetubhai Images\OS New folder (11) Images\1156 Neck 250.JPG|Jeetubhai Images\OS New folder (11) Images\1156 Neck 4 Color.JPG,,high
R0482,18,1156,neck,grey,707D Royal,820 Royal,8 Raj,318 Royal,,,,Jeetubhai Images\OS New folder (11) Images\1156 Neck 250.JPG|Jeetubhai Images\OS New folder (11) Images\1156 Neck 4 Color.JPG,,high
R0483,18,1159,neck,purple,1375 Royal,361 Royal,124 Royal,311 Jari,,,n4=311 Jari,Jeetubhai Images\OS New folder (11) Images\1159 Neck 400.JPG,40x3=120 + 38+39+39=116; 38 Pcs,high
R0484,18,1159,neck,rama,722 Royal,415 Royal,710 Royal,311 Jari,,,n4=311 Jari,Jeetubhai Images\OS New folder (11) Images\1159 Neck 400.JPG,ditto n4; 39 Pcs,high
R0485,18,1159,neck,red,792 Royal,790 Royal,124 Royal,311 Jari,,,n4=311 Jari,Jeetubhai Images\OS New folder (11) Images\1159 Neck 400.JPG,ditto n4; 39 Pcs,high
R0486,18,1160,neck,blue,842 Royal,311 Jari,845 Royal,710D Raj,,,n2=311 Jari,Jeetubhai Images\OS New folder (11) Images\1160 Neck 400.JPG,50x2=100 +93; 50 Pcs,high
R0487,18,1160,neck,red,728 Royal,311 Jari,363 Raj,82 Raj,,,n2=311 Jari,Jeetubhai Images\OS New folder (11) Images\1160 Neck 400.JPG,ditto n2; 43 Pcs,high
R0488,18,1163,neck,wine,190 Raj,376 Royal,119 Royal,,,,,Jeetubhai Images\OS New folder (11) Images\1163 Neck 250.JPG,45x4=180 +135; 34 Pcs,high
R0489,18,1163,neck,blue,190 Raj,144 Raj,119 Royal,,,,,Jeetubhai Images\OS New folder (11) Images\1163 Neck 250.JPG,ditto n1; 34 Pcs,high
R0490,18,1163,neck,black,190 Raj,702D Royal,119 Royal,,,,,Jeetubhai Images\OS New folder (11) Images\1163 Neck 250.JPG,ditto n1; 35 Pcs,high
R0491,18,1163,neck,green,190 Raj,849 Royal,119 Royal,,,,,Jeetubhai Images\OS New folder (11) Images\1163 Neck 250.JPG,ditto n1; 32 Pcs,high
R0492,19,8040,kp,rust,127 Royal,32 Raj,188 Raj,,,,,Jeetubhai Images\OS New folder (8) Images\8040 KP 200.BMP|Jeetubhai Images\OS New folder (8) Images\8040 KP 250.BMP,156 Pcs; 11 Pcs,high
R0493,19,8040,kp,gajri,102N Royal,701 Royal,726 Royal,,,,,Jeetubhai Images\OS New folder (8) Images\8040 KP 200.BMP|Jeetubhai Images\OS New folder (8) Images\8040 KP 250.BMP,15 Pcs,high
R0494,19,8040,kp,green,31 Raj,726 Royal,722D Royal,,,,,Jeetubhai Images\OS New folder (8) Images\8040 KP 200.BMP|Jeetubhai Images\OS New folder (8) Images\8040 KP 250.BMP,14 Pcs,high
R0495,19,8040,kp,peach,127 Raj,32 Royal,121 Royal,,,,,Jeetubhai Images\OS New folder (8) Images\8040 KP 200.BMP|Jeetubhai Images\OS New folder (8) Images\8040 KP 250.BMP,19 Pcs; cloth written Phone→peach,high
R0496,19,8040,kp,l.purple,722D Royal,361 Royal,781 Raj,,,,,Jeetubhai Images\OS New folder (8) Images\8040 KP 200.BMP|Jeetubhai Images\OS New folder (8) Images\8040 KP 250.BMP,42 Pcs,high
R0497,19,8040,kp,d.purple,840L Royal,701 Royal,766 Raj,,,,,Jeetubhai Images\OS New folder (8) Images\8040 KP 200.BMP|Jeetubhai Images\OS New folder (8) Images\8040 KP 250.BMP,55 Pcs; cloth written D.Purpl,high
R0498,19,7037,patti,d.rama,8NL Royal,105 D Royal,315 Royal,,,,,Jeetubhai Images\OS New folder (7) Images\7037 KP 200.JPG,shared with 1153; 40x3=120 Patti; 90 Neck note,high
R0499,19,7037,patti,d.purple,8NL Royal,105 D Royal,315 Royal,,,,,Jeetubhai Images\OS New folder (7) Images\7037 KP 200.JPG,40 Pcs; 90 Neck note,high
R0500,19,7037,patti,d.blue,8NL Royal,105 D Royal,315 Royal,,,,,Jeetubhai Images\OS New folder (7) Images\7037 KP 200.JPG,40 Pcs; 20 Neck note,high
R0501,19,1153,neck,d.rama,8NL Royal,105 D Royal,315 Royal,,,,,Jeetubhai Images\OS New folder (11) Images\1153 Neck 250.JPG,shared with 1153; 40x3=120 Patti; 90 Neck note; shared list with 7037; Neck 40x3=120 + 50x3=150,high
R0502,19,1153,neck,d.purple,8NL Royal,105 D Royal,315 Royal,,,,,Jeetubhai Images\OS New folder (11) Images\1153 Neck 250.JPG,40 Pcs; 90 Neck note; shared list with 7037; Neck 40x3=120 + 50x3=150,high
R0503,19,1153,neck,d.blue,8NL Royal,105 D Royal,315 Royal,,,,,Jeetubhai Images\OS New folder (11) Images\1153 Neck 250.JPG,40 Pcs; 20 Neck note; shared list with 7037; Neck 40x3=120 + 50x3=150,high
R0504,19,7014,kp,pink,778 Royal,333 Royal,305 Royal,,,,,Jeetubhai Images\OS New folder (7) Images\7014 KP 200.JPG,shared with 1146; 146 Pcs; 35 Pcs,high
R0505,19,7014,kp,green,73N Raj,333 Royal,75 Royal,,,,,Jeetubhai Images\OS New folder (7) Images\7014 KP 200.JPG,shared with 1146; ditto n2; 38 Pcs,high
R0506,19,7014,kp,purple,715 Raj,333 Royal,32N Royal,,,,,Jeetubhai Images\OS New folder (7) Images\7014 KP 200.JPG,shared with 1146; ditto n2; 37 Pcs,high
R0507,19,7014,kp,rama,83 Royal,333 Royal,84 Royal,,,,,Jeetubhai Images\OS New folder (7) Images\7014 KP 200.JPG,shared with 1146; ditto n2; 36 Pcs,high
R0508,19,1146,neck,pink,778 Royal,333 Royal,305 Royal,,,,,Jeetubhai Images\OS New folder (11) Images\1146 Neck 250.JPG,shared with 1146; 146 Pcs; 35 Pcs; shared list with 7014; Neck 40x4=160 + 30x4=120,high
R0509,19,1146,neck,green,73N Raj,333 Royal,75 Royal,,,,,Jeetubhai Images\OS New folder (11) Images\1146 Neck 250.JPG,shared with 1146; ditto n2; 38 Pcs; shared list with 7014; Neck 40x4=160 + 30x4=120,high
R0510,19,1146,neck,purple,715 Raj,333 Royal,32N Royal,,,,,Jeetubhai Images\OS New folder (11) Images\1146 Neck 250.JPG,shared with 1146; ditto n2; 37 Pcs; shared list with 7014; Neck 40x4=160 + 30x4=120,high
R0511,19,1146,neck,rama,83 Royal,333 Royal,84 Royal,,,,,Jeetubhai Images\OS New folder (11) Images\1146 Neck 250.JPG,shared with 1146; ditto n2; 36 Pcs; shared list with 7014; Neck 40x4=160 + 30x4=120,high
R0512,19,1151,neck,firozi,33N Royal,123 Royal,722 D Royal,,,,,Jeetubhai Images\OS New folder (11) Images\1151 Neck 250.JPG,40x3=120,high
R0513,19,1151,neck,pink,361 Royal,355 Royal,357 Royal,,,,,Jeetubhai Images\OS New folder (11) Images\1151 Neck 250.JPG,,high
R0514,19,1151,neck,green,123 Royal,33N Royal,702D Royal,,,,,Jeetubhai Images\OS New folder (11) Images\1151 Neck 250.JPG,,high
R0515,19,1113,centre panel neck,cream,32 N Royal,820 Royal,715 Royal,,,,,Jeetubhai Images\OS New folder (9) Images\1113 CP Neck 250.JPG,Centre Panel Neck; Border 40x3=120; 40x3=120,high
R0516,19,1113,centre panel neck,cream,32 N Royal,820 Royal,102 N Raj,,,,,Jeetubhai Images\OS New folder (9) Images\1113 CP Neck 250.JPG,ditto n2,high
R0517,19,1113,centre panel neck,cream,719 L Royal,820 Royal,803 Royal,,,,,Jeetubhai Images\OS New folder (9) Images\1113 CP Neck 250.JPG,ditto n2,high
R0518,19,8008,kp,purple,119 D Royal,840LL Royal,727 Royal,,,,,Jeetubhai Images\OS New folder (8) Images\8008 KP 400.JPG,Chiku colour cloth header,high
R0519,19,8008,kp,l.purple,741 Raj,234 Royal,372 LL Royal,,,,,Jeetubhai Images\OS New folder (8) Images\8008 KP 400.JPG,,high
R0520,19,8008,kp,green,722 Royal,778 Royal,836 Royal,,,,,Jeetubhai Images\OS New folder (8) Images\8008 KP 400.JPG,,high
R0521,19,8008,kp,d.green,778 L Royal,722 Royal,97T Raj,,,,,Jeetubhai Images\OS New folder (8) Images\8008 KP 400.JPG,,high
R0522,19,8008,kp,rust,127 Royal,97T Raj,119 D Royal,,,,,Jeetubhai Images\OS New folder (8) Images\8008 KP 400.JPG,,high
R0523,19,8008,kp,gajri,359 Royal,90NL Royal,102N Royal,,,,,Jeetubhai Images\OS New folder (8) Images\8008 KP 400.JPG,,high
R0524,19,8008,kp,firozi,361R Raj,119D Royal,722 Royal,,,,,Jeetubhai Images\OS New folder (8) Images\8008 KP 400.JPG,,high
R0525,20,1144,cp,green,49L Royal,103 Royal,190 Raj,744 Royal,,,,Jeetubhai Images\OS New folder (11) Images\1144 Border 250.JPG|Jeetubhai Images\OS New folder (11) Images\1144 Neck 250.JPG,122 Pcs; 30 Pcs,high
R0526,20,1144,cp,red,49L Royal,706 Royal,190 Raj,777L Raj,,,,Jeetubhai Images\OS New folder (11) Images\1144 Border 250.JPG|Jeetubhai Images\OS New folder (11) Images\1144 Neck 250.JPG,"ditto n1,n3; 30",high
R0527,20,1144,cp,blue,49L Royal,702D Raj,190 Raj,841 Royal,,,,Jeetubhai Images\OS New folder (11) Images\1144 Border 250.JPG|Jeetubhai Images\OS New folder (11) Images\1144 Neck 250.JPG,"ditto n1,n3; 30",high
R0528,20,1144,cp,purple,49L Royal,81 Raj,190 Raj,1375 Royal,,,,Jeetubhai Images\OS New folder (11) Images\1144 Border 250.JPG|Jeetubhai Images\OS New folder (11) Images\1144 Neck 250.JPG,"ditto n1,n3; 30",high
R0529,20,1143,cp,orange,49N Royal,,32 Royal,706 Royal,,,,Jeetubhai Images\OS New folder (11) Images\1143 Border 250.JPG|Jeetubhai Images\OS New folder (11) Images\1143 Neck.JPG,106 Pcs; 35; n2 blank,high
R0530,20,1143,cp,wine,49N Royal,130 Royal,32 Royal,741 Raj,,,,Jeetubhai Images\OS New folder (11) Images\1143 Border 250.JPG|Jeetubhai Images\OS New folder (11) Images\1143 Neck.JPG,"ditto n1,n3; 35",high
R0531,20,1143,cp,pink,49N Royal,65 Royal,32 Royal,67 Royal,,,,Jeetubhai Images\OS New folder (11) Images\1143 Border 250.JPG|Jeetubhai Images\OS New folder (11) Images\1143 Neck.JPG,"ditto n1,n3; 36",high
R0532,20,1141,cp,green,705D Royal,49N Royal,824 Royal,235 Royal,,,,Jeetubhai Images\OS New folder (11) Images\1141 Border 250.JPG|Jeetubhai Images\OS New folder (11) Images\1141 Neck 250.JPG,102 Pcs; 33 Pcs,high
R0533,20,1141,cp,peach,715 L Royal,49N Royal,824 Royal,102N Royal,,,,Jeetubhai Images\OS New folder (11) Images\1141 Border 250.JPG|Jeetubhai Images\OS New folder (11) Images\1141 Neck 250.JPG,ditto n2; 33 Pcs,high
R0534,20,1141,cp,pink,78 Raj,49N Royal,111 Royal,728 Royal,,,,Jeetubhai Images\OS New folder (11) Images\1141 Border 250.JPG|Jeetubhai Images\OS New folder (11) Images\1141 Neck 250.JPG,ditto n2; 36 Pcs,high
R0547,20,7033,kp,skyblue,78 Raj,826 Royal,83 Royal,,,,,Jeetubhai Images\OS New folder (7) Images\7033 KP 200.JPG,White cloth header; L-Green85/Orange85/SKYBLUE80; 250 Pcs,high
R0548,20,7033,kp,orange,83 Royal,757 Royal,93 Royal,,,,,Jeetubhai Images\OS New folder (7) Images\7033 KP 200.JPG,,high
R0549,20,7033,kp,l.green,302 Royal,769LL Royal,846 Royal,,,,,Jeetubhai Images\OS New folder (7) Images\7033 KP 200.JPG,,high
R0550,20,6045,kp,green,709 Raj,722 Royal,744 Royal,,,,,Jeetubhai Images\OS New folder (6) Images\6045 KP 250.JPG,shared with 1148; 164 Pcs; 42 Pcs,high
R0551,20,6045,kp,wine,727 Royal,127 Royal,362 Royal,,,,,Jeetubhai Images\OS New folder (6) Images\6045 KP 250.JPG,shared with 1148; 41 Pcs,high
R0552,20,6045,kp,orange,79 Royal,793 Raj,732D Royal,,,,,Jeetubhai Images\OS New folder (6) Images\6045 KP 250.JPG,shared with 1148; 41 Pcs,high
R0553,20,6045,kp,blue,710 Royal,793 Raj,834 Raj,,,,,Jeetubhai Images\OS New folder (6) Images\6045 KP 250.JPG,shared with 1148; 40 Pcs,high
R0554,20,1148,neck,green,709 Raj,722 Royal,744 Royal,,,,,Jeetubhai Images\OS New folder (11) Images\1148 Neck 250.JPG,shared with 1148; 164 Pcs; 42 Pcs; shared list with 6045; Neck 40x4=160,high
R0555,20,1148,neck,wine,727 Royal,127 Royal,362 Royal,,,,,Jeetubhai Images\OS New folder (11) Images\1148 Neck 250.JPG,shared with 1148; 41 Pcs; shared list with 6045; Neck 40x4=160,high
R0556,20,1148,neck,orange,79 Royal,793 Raj,732D Royal,,,,,Jeetubhai Images\OS New folder (11) Images\1148 Neck 250.JPG,shared with 1148; 41 Pcs; shared list with 6045; Neck 40x4=160,high
R0557,20,1148,neck,blue,710 Royal,793 Raj,834 Raj,,,,,Jeetubhai Images\OS New folder (11) Images\1148 Neck 250.JPG,shared with 1148; 40 Pcs; shared list with 6045; Neck 40x4=160,high
R0558,21,1126,neck,fawn,90 Raj,118LL Royal,102 Raj,90 Raj,LG,,,Jeetubhai Images\OS New folder (11) Images\1126 KP.JPG,80x3=240 Pcs; n5=LG,high
R0559,21,1126,neck,peach,102N Royal,118LL Royal,120N Royal,102N Royal,LG,,,Jeetubhai Images\OS New folder (11) Images\1126 KP.JPG,"ditto n2,n5",high
R0560,21,1126,neck,green,702D Royal,118LL Royal,701 Royal,702D Royal,LG,,,Jeetubhai Images\OS New folder (11) Images\1126 KP.JPG,"ditto n2,n5",high
R0561,21,1137,neck,fawn,702 Raj,118LL Royal,90 Raj,LG,,,,Jeetubhai Images\OS New folder (11) Images\1137 Neck 400.JPG,80x3=240 Pcs; n4=LG,high
R0562,21,1137,neck,wine,361 R Raj,118LL Royal,1375 Royal,LG,,,,Jeetubhai Images\OS New folder (11) Images\1137 Neck 400.JPG,n4=LG,high
R0563,21,1137,neck,green,701 Royal,118LL Royal,702D Royal,LG,,,,Jeetubhai Images\OS New folder (11) Images\1137 Neck 400.JPG,n4=LG,high
R0564,21,1138,neck,purple,124 Royal,Classic Plus 311 Jari,361 Royal,1375 Royal,,,n2=Classic Plus 311 Jari,Jeetubhai Images\OS New folder (11) Images\1138 Neck 400.JPG,57x3=171 Pcs,high
R0565,21,1138,neck,blue,710 Royal,Classic Plus 311 Jari,415 Royal,722 Raj,,,n2=Classic Plus 311 Jari,Jeetubhai Images\OS New folder (11) Images\1138 Neck 400.JPG,ditto n2,high
R0566,21,1138,neck,pink,190 Raj,Classic Plus 311 Jari,305 D Royal,862 Raj,,,n2=Classic Plus 311 Jari,Jeetubhai Images\OS New folder (11) Images\1138 Neck 400.JPG,ditto n2,high
R0567,21,1139,neck,purple,124 Royal,361 Royal,1375 Royal,Classic Plus 311 Jari,,,n4=Classic Plus 311 Jari,Jeetubhai Images\OS New folder (11) Images\1139 Neck 400.JPG,Purple-70/Firozi-72/Pink-73,high
R0568,21,1139,neck,firozi,710 Royal,415 Royal,722 Raj,Classic Plus 311 Jari,,,n4=Classic Plus 311 Jari,Jeetubhai Images\OS New folder (11) Images\1139 Neck 400.JPG,ditto n4,high
R0569,21,1139,neck,pink,727 Royal,305D Royal,862 Raj,Classic Plus 311 Jari,,,n4=Classic Plus 311 Jari,Jeetubhai Images\OS New folder (11) Images\1139 Neck 400.JPG,ditto n4,high
R0570,21,8002,cp,firozi,49LL Royal,104 Raj,751 Royal,93N Raj,,,,Jeetubhai Images\OS New folder (8) Images\8002 GALA 200.JPG|Jeetubhai Images\OS New folder (8) Images\8002 border 200.JPG,35 Pcs,high
R0571,21,8002,cp,pink,49LL Royal,787 Royal,751 Royal,767 Raj,,,,Jeetubhai Images\OS New folder (8) Images\8002 GALA 200.JPG|Jeetubhai Images\OS New folder (8) Images\8002 border 200.JPG,"ditto n1,n3; 45 Pcs",high
R0572,21,8002,cp,yellow,49LL Royal,341 Royal,751 Royal,74 N Raj,,,,Jeetubhai Images\OS New folder (8) Images\8002 GALA 200.JPG|Jeetubhai Images\OS New folder (8) Images\8002 border 200.JPG,"ditto n1,n3; 41 Pcs",high
R0573,21,9073,cp,green,803 Royal,190 Raj,74 N Raj,,,,,Jeetubhai Images\OS New folder (9) Images\9073 Border 250.JPG|Jeetubhai Images\OS New folder (9) Images\9073 Neck 250.JPG,102 Pcs; 30 Pcs,high
R0574,21,9073,cp,orange,120 N Royal,190 Raj,706 Royal,,,,,Jeetubhai Images\OS New folder (9) Images\9073 Border 250.JPG|Jeetubhai Images\OS New folder (9) Images\9073 Neck 250.JPG,ditto n2; 35 Pcs,high
R0575,21,9073,cp,yellow,120 N Royal,190 Raj,825 L Royal,,,,,Jeetubhai Images\OS New folder (9) Images\9073 Border 250.JPG|Jeetubhai Images\OS New folder (9) Images\9073 Neck 250.JPG,ditto n2; 37 Pcs,high
R0576,21,6084,kp,blue,365 Royal,752 Royal,841 Royal,,,,,Jeetubhai Images\OS New folder (6) Images\6084 KP 250.JPG,60x3=180 Pcs; 40 Pcs,high
R0577,21,6084,kp,grey,375 Royal,727 Royal,740 Royal,,,,,Jeetubhai Images\OS New folder (6) Images\6084 KP 250.JPG,38 Pcs,high
R0578,21,6084,kp,purple,715 Raj,752 Royal,362 Royal,,,,,Jeetubhai Images\OS New folder (6) Images\6084 KP 250.JPG,46 Pcs,high
R0581,21,1142,cp,rama,121 LL Raj,834 D Raj,90 N Raj,842 Royal,,,,Jeetubhai Images\OS New folder (11) Images\1142 Neck.JPG|Jeetubhai Images\OS New folder (11) Images\1142.JPG,105 Pcs; 25 Pcs,high
R0582,21,1142,cp,purple,121 LL Raj,125 LR Royal,90 N Raj,729 Royal,,,,Jeetubhai Images\OS New folder (11) Images\1142 Neck.JPG|Jeetubhai Images\OS New folder (11) Images\1142.JPG,"ditto n1,n3; 25 Pcs",high
R0583,21,1142,cp,black,121 LL Raj,126 Royal,90 N Raj,34 D Royal,,,,Jeetubhai Images\OS New folder (11) Images\1142 Neck.JPG|Jeetubhai Images\OS New folder (11) Images\1142.JPG,"ditto n1,n3; 27 Pcs",high
R0584,21,1142,cp,red,121 LL Raj,7 N Royal,834 DD Raj,8 NL Royal,,,,Jeetubhai Images\OS New folder (11) Images\1142 Neck.JPG|Jeetubhai Images\OS New folder (11) Images\1142.JPG,ditto n1; 28 Pcs,high
R0585,22,1128,neck,firozi,763 Royal,841 Royal,813 Royal,,,,,Jeetubhai Images\OS New folder (11) Images\1128 Neck 250.JPG,194 Pcs; 66 Pcs,high
R0586,22,1128,neck,pink,727 Royal,110 N Royal,766 Raj,,,,,Jeetubhai Images\OS New folder (11) Images\1128 Neck 250.JPG,64 Pcs,high
R0587,22,1128,neck,green,368 Royal,1004 Royal,99 Royal,,,,,Jeetubhai Images\OS New folder (11) Images\1128 Neck 250.JPG,64 Pcs,high
R0588,22,1135,neck,green,821 Royal,69 L Royal,343 Royal,,,,,Jeetubhai Images\OS New folder (11) Images\1135 Neck 250.JPG,shared with 6016; 21x3=63 + 40x3=120; 50 Pcs,high
R0589,22,1135,neck,firozi,710 Royal,73 Royal,813 Royal,,,,,Jeetubhai Images\OS New folder (11) Images\1135 Neck 250.JPG,51 Pcs,high
R0590,22,1135,neck,rust,707 Royal,715 Royal,728 Royal,,,,,Jeetubhai Images\OS New folder (11) Images\1135 Neck 250.JPG,57 Pcs,high
R0591,22,6016,kp,green,821 Royal,69 L Royal,343 Royal,,,,,Jeetubhai Images\OS New folder (6) Images\6016 KP 250.BMP,shared with 1135; 158 Pcs; 50 Pcs,high
R0592,22,6016,kp,firozi,710 Royal,73 Royal,813 Royal,,,,,Jeetubhai Images\OS New folder (6) Images\6016 KP 250.BMP,51 Pcs,high
R0593,22,6016,kp,rust,707 Royal,715 Royal,728 Royal,,,,,Jeetubhai Images\OS New folder (6) Images\6016 KP 250.BMP,57 Pcs,high
R0594,22,1130,neck,rust,79 Royal,118 U Royal,728 Royal,,,,,Jeetubhai Images\OS New folder (11) Images\1130 Neck 250.JPG,215 Pcs; 73 Pcs,high
R0595,22,1130,neck,firozi,813 Royal,31 Royal,710 D Royal,,,,,Jeetubhai Images\OS New folder (11) Images\1130 Neck 250.JPG,72 Pcs,high
R0596,22,1130,neck,green,1004 Royal,118 LL Royal,ND Royal,,,,,Jeetubhai Images\OS New folder (11) Images\1130 Neck 250.JPG,70 Pcs; n3 written ND Royal (no number),medium
R0597,22,1134,neck,green,143 Royal,717 L Royal,110 N Royal,,,,,Jeetubhai Images\OS New folder (11) Images\1134 Neck 250.JPG,shared with 6021; 50x3=150; 55 Pcs,high
R0598,22,1134,neck,firozi,33 N Royal,84 Royal,813 Royal,,,,,Jeetubhai Images\OS New folder (11) Images\1134 Neck 250.JPG,52 Pcs,high
R0599,22,1134,neck,pink,820 Royal,715 Royal,775 Royal,,,,,Jeetubhai Images\OS New folder (11) Images\1134 Neck 250.JPG,57 Pcs,high
R0600,22,6021,kp,green,143 Royal,717 L Royal,110 N Royal,,,,,Jeetubhai Images\OS New folder (6) Images\6021 KP 250.JPG,shared with 1134; 164 Pcs; 55 Pcs,high
R0601,22,6021,kp,firozi,33 N Royal,84 Royal,813 Royal,,,,,Jeetubhai Images\OS New folder (6) Images\6021 KP 250.JPG,52 Pcs,high
R0602,22,6021,kp,pink,820 Royal,715 Royal,775 Royal,,,,,Jeetubhai Images\OS New folder (6) Images\6021 KP 250.JPG,57 Pcs,high
R0603,22,6039,kp,yellow,805 Raj,315 Royal,706 Royal,,,,,Jeetubhai Images\OS New folder (6) Images\6039 KP 250.JPG,71+70+71=212; 71 Pcs,high
R0604,22,6039,kp,blue,73 N Raj,315 Royal,130 Royal,,,,,Jeetubhai Images\OS New folder (6) Images\6039 KP 250.JPG,ditto n2; 70 Pcs,high
R0605,22,6039,kp,peach,93 Royal,315 Royal,67 Royal,,,,,Jeetubhai Images\OS New folder (6) Images\6039 KP 250.JPG,ditto n2; 71 Pcs,high
R0606,22,6020,kp,brown,362 Royal,743 Royal,95 Royal,,,,,Jeetubhai Images\OS New folder (6) Images\6020 KP 250.BMP,Brown71/Blue59/Kakhi66,high
R0607,22,6020,kp,blue,74 N Raj,365 Royal,144 Raj,,,,,Jeetubhai Images\OS New folder (6) Images\6020 KP 250.BMP,59 Pcs,high
R0608,22,6020,kp,kakhi,710 Royal,372 Royal,78 Royal,,,,,Jeetubhai Images\OS New folder (6) Images\6020 KP 250.BMP,66 Pcs,high
R0609,22,1131,small neck,yellow,715 Royal,824 Royal,323 Royal,,,,,Jeetubhai Images\OS New folder (11) Images\1131 Neck 250.JPG,21x3=63,high
R0610,22,1131,small neck,blue,741 D Raj,325 Royal,813 Royal,,,,,Jeetubhai Images\OS New folder (11) Images\1131 Neck 250.JPG,,high
R0611,22,1131,small neck,pink,13 Royal,323 Royal,824 Royal,,,,,Jeetubhai Images\OS New folder (11) Images\1131 Neck 250.JPG,,high
R0612,22,6045,kp,blue,222 Raj,727 LL Royal,710 Raj,,,,,Jeetubhai Images\OS New folder (6) Images\6045 KP 250.JPG,Pink71/Blue73/Orange74,high
R0613,22,6045,kp,cream,701 Royal,88 LL Raj,110 Royal,,,,,Jeetubhai Images\OS New folder (6) Images\6045 KP 250.JPG,,high
R0614,22,6045,kp,white,66 Royal,190 Raj,80 Royal,,,,,Jeetubhai Images\OS New folder (6) Images\6045 KP 250.JPG,,high
R0615,23,8030,kp,yellow,103 Royal,33 S Royal,105 Raj,,,,,Jeetubhai Images\OS New folder (8) Images\8030 KP 200.JPG,Pink34/Yellow32/Firozi35/Green36,high
R0616,23,8030,kp,firozi,711 Royal,315 Royal,728 Raj,,,,,Jeetubhai Images\OS New folder (8) Images\8030 KP 200.JPG,35 Pcs,high
R0617,23,8030,kp,green,746 Royal,315 Royal,343 Royal,,,,,Jeetubhai Images\OS New folder (8) Images\8030 KP 200.JPG,36 Pcs,high
R0618,23,8030,kp,pink,810 L Raj,335 Royal,797 Royal,,,,,Jeetubhai Images\OS New folder (8) Images\8030 KP 200.JPG,34 Pcs,high
R0619,23,8040,kp,purple,766 Royal,323 Royal,775 L Royal,,,,,Jeetubhai Images\OS New folder (8) Images\8040 KP 200.BMP|Jeetubhai Images\OS New folder (8) Images\8040 KP 250.BMP,Purple36/Green30/Grey30,high
R0620,23,8040,kp,green,716 Raj,372 LL Royal,14 N Royal,,,,,Jeetubhai Images\OS New folder (8) Images\8040 KP 200.BMP|Jeetubhai Images\OS New folder (8) Images\8040 KP 250.BMP,,high
R0621,23,8040,kp,grey,44 Raj,719 Royal,715 Royal,,,,,Jeetubhai Images\OS New folder (8) Images\8040 KP 200.BMP|Jeetubhai Images\OS New folder (8) Images\8040 KP 250.BMP,,high
R0625,23,7034,kp,peach,31 L Royal,751 Royal,82 Royal,,,,,Jeetubhai Images\OS New folder (7) Images\7034 KP 200.JPG,141 Pcs; 51 Pcs,high
R0626,23,7034,kp,green,118 U Royal,751 Royal,839 Royal,,,,,Jeetubhai Images\OS New folder (7) Images\7034 KP 200.JPG,43 Pcs,high
R0627,23,7034,kp,blue,31 L Royal,751 Royal,87 Royal,,,,,Jeetubhai Images\OS New folder (7) Images\7034 KP 200.JPG,47 Pcs,high
R0628,23,7022,kp,pink,27 Royal,751 Royal,33 N Royal,,,,,Jeetubhai Images\OS New folder (7) Images\7022 KP 200.JPG,50x3=150,high
R0629,23,7022,kp,green,786 Royal,751 Royal,716 Royal,,,,,Jeetubhai Images\OS New folder (7) Images\7022 KP 200.JPG,ditto n2,high
R0630,23,7022,kp,purple,143 Raj,751 Royal,130 Raj,,,,,Jeetubhai Images\OS New folder (7) Images\7022 KP 200.JPG,ditto n2,high
R0631,23,6002,kp,firozi,722 D Royal,727 Royal,710 Raj,,,,,Jeetubhai Images\OS New folder (6) Images\6002 KP 250.BMP,169 Pcs; 57 Pcs,high
R0632,23,6002,kp,orange,95 N Royal,93 N Raj,324 Royal,,,,,Jeetubhai Images\OS New folder (6) Images\6002 KP 250.BMP,169 Pcs; 55 Pcs,high
R0633,23,6002,kp,green,837 Royal,705 D Royal,936 Raj,,,,,Jeetubhai Images\OS New folder (6) Images\6002 KP 250.BMP,169 Pcs; 57 Pcs,high
R0635,23,1129,neck,yellow,315 D Royal,118 U Royal,,,,,,Jeetubhai Images\OS New folder (11) Images\1129 Neck 250.JPG,21x3=63 +137=200; 63 Pcs; n3 incomplete/unreadable,medium
R0636,23,1129,neck,orange,718 Royal,118 U Royal,47 Royal,,,,,Jeetubhai Images\OS New folder (11) Images\1129 Neck 250.JPG,ditto n2; 65 Pcs,high
R0637,23,1129,neck,pink,727 Royal,118 U Royal,7 Royal,,,,,Jeetubhai Images\OS New folder (11) Images\1129 Neck 250.JPG,ditto n2; 64 Pcs,high
R0644,24,9078,neck,peach,104 N Raj,142 Raj,716 Raj,,,,,Jeetubhai Images\OS New folder (9) Images\9078 Neck 400.JPG,Peach24/Firoji35/Pink13/Purple31=103; 24 Pcs,high
R0645,24,9078,neck,firozi,74 N Raj,32 N Royal,73 LL Raj,,,,,Jeetubhai Images\OS New folder (9) Images\9078 Neck 400.JPG,35 Pcs,high
R0646,24,9078,neck,pink,787 Royal,73 N Raj,760 Royal,,,,,Jeetubhai Images\OS New folder (9) Images\9078 Neck 400.JPG,13 Pcs,high
R0647,24,9078,neck,purple,27 Royal,323 Royal,12 N Royal,,,,,Jeetubhai Images\OS New folder (9) Images\9078 Neck 400.JPG,31 Pcs,high
R0648,24,9086,neck,purple,766 Royal,323 Royal,775 L Royal,,,,,Jeetubhai Images\OS New folder (9) Images\9086 Neck.JPG,183 Pcs=61+61+61,high
R0649,24,9086,neck,green,716 Raj,372 LL Royal,14 N Royal,,,,,Jeetubhai Images\OS New folder (9) Images\9086 Neck.JPG,,high
R0650,24,9086,neck,d.gray,44 Raj,719 Royal,715 Royal,,,,,Jeetubhai Images\OS New folder (9) Images\9086 Neck.JPG,,high
R0651,24,8081,kp,light cream,722 D Royal,111 D Royal,367 Royal,,,,,Jeetubhai Images\OS New folder (8) Images\8081 KP 400.BMP,Green35/Red23/Firozi25,high
R0652,24,8081,kp,yellow cream,710 Raj,752 Royal,735 D Raj,,,,,Jeetubhai Images\OS New folder (8) Images\8081 KP 400.BMP,,high
R0653,24,8081,kp,cream,372 L Royal,111 D Royal,364 Raj,,,,,Jeetubhai Images\OS New folder (8) Images\8081 KP 400.BMP,,high
R0654,24,1122,kp,grey,130 LF Raj,751 Royal,74 N ST,,,,,Jeetubhai Images\OS New folder (11) Images\1122 KP 250.JPG,Grey35/Cream32/Red30; n3 brand ST unclear,medium
R0655,24,1122,kp,cream,53 Royal,751 Royal,778 D Royal,,,,,Jeetubhai Images\OS New folder (11) Images\1122 KP 250.JPG,,high
R0656,24,1122,kp,red,788 Royal,372 R Raj,47 Raj,,,,,Jeetubhai Images\OS New folder (11) Images\1122 KP 250.JPG,,high
R0657,24,1127,neck,pink,728 Royal,78 Raj,118 U Royal,LG,,,,Jeetubhai Images\OS New folder (11) Images\1127 Neck.JPG,240+144=384; n4=LG,high
R0658,24,1127,neck,brown,126 Raj,101 Raj,118 U Royal,LG,,,,Jeetubhai Images\OS New folder (11) Images\1127 Neck.JPG,ditto n3,high
R0659,24,1127,neck,blue,953 Royal,739 D Royal,118 U Royal,LG,,,,Jeetubhai Images\OS New folder (11) Images\1127 Neck.JPG,ditto n3,high
R0660,24,9059,cp,blue,719 L Royal,190 Raj,840 LL Royal,,,,,Jeetubhai Images\OS New folder (9) Images\9059 Border CP 250.JPG|Jeetubhai Images\OS New folder (9) Images\9059 Neck CP 250.JPG,03-9059; 112 Pcs; 35 Pcs,high
R0661,24,9059,cp,peach,704 Royal,190 Raj,94 Royal,,,,,Jeetubhai Images\OS New folder (9) Images\9059 Border CP 250.JPG|Jeetubhai Images\OS New folder (9) Images\9059 Neck CP 250.JPG,ditto n2; 36 Pcs,high
R0662,24,9059,cp,pink,73 N Raj,190 Raj,66 Raj,,,,,Jeetubhai Images\OS New folder (9) Images\9059 Border CP 250.JPG|Jeetubhai Images\OS New folder (9) Images\9059 Neck CP 250.JPG,ditto n2; 41 Pcs,high
R0666,24,9056,neck,yellow,790 Royal,727 Royal,47 Royal,,,,,Jeetubhai Images\OS New folder (9) Images\9056 Neck 250.JPG,shared with 1103+8051; 40x3=120,high
R0667,24,9056,neck,firozi,104 L Royal,123 Royal,105 Raj,,,,,Jeetubhai Images\OS New folder (9) Images\9056 Neck 250.JPG,,high
R0668,24,9056,neck,pink,721 Raj,803 Royal,222 D Royal,,,,,Jeetubhai Images\OS New folder (9) Images\9056 Neck 250.JPG,,high
R0669,24,1103,neck,yellow,790 Royal,727 Royal,47 Royal,,,,,Jeetubhai Images\OS New folder (11) Images\1103 Neck 250.JPG,shared with 9056+8051; 30x3=90,high
R0670,24,1103,neck,firozi,104 L Royal,123 Royal,105 Raj,,,,,Jeetubhai Images\OS New folder (11) Images\1103 Neck 250.JPG,,high
R0671,24,1103,neck,pink,721 Raj,803 Royal,222 D Royal,,,,,Jeetubhai Images\OS New folder (11) Images\1103 Neck 250.JPG,,high
R0672,24,8051,kp,yellow,790 Royal,727 Royal,47 Royal,,,,,Jeetubhai Images\OS New folder (8) Images\8051 KP 200.BMP|Jeetubhai Images\OS New folder (8) Images\8051 KP 400.BMP,shared with 9056+1103; Yellow34/Firozi40/Pink42,high
R0673,24,8051,kp,firozi,104 L Royal,123 Royal,105 Raj,,,,,Jeetubhai Images\OS New folder (8) Images\8051 KP 200.BMP|Jeetubhai Images\OS New folder (8) Images\8051 KP 400.BMP,,high
R0674,24,8051,kp,pink,721 Raj,803 Royal,222 D Royal,,,,,Jeetubhai Images\OS New folder (8) Images\8051 KP 200.BMP|Jeetubhai Images\OS New folder (8) Images\8051 KP 400.BMP,,high
R0683,25,9082,neck,grey,611 Royal,188 Raj,778D Royal,,,,,Jeetubhai Images\OS New folder (9) Images\9082 Neck.JPG,185 Pcs; 49 Pcs,high
R0684,25,9082,neck,green,68 Royal,188 Raj,45 Royal,,,,,Jeetubhai Images\OS New folder (9) Images\9082 Neck.JPG,ditto n2; 72 Pcs,high
R0685,25,9082,neck,peach,778D Royal,188 Raj,308 Royal,,,,,Jeetubhai Images\OS New folder (9) Images\9082 Neck.JPG,ditto n2; 64 Pcs; cloth written Phone→peach,high
R0686,25,1125,kp,purple,8D Royal,102 Raj,,,,,,Jeetubhai Images\OS New folder (11) Images\1125 KP 250.JPG,shared with 1126; KP Neck 70x3=210; 58 Pcs,high
R0687,25,1125,kp,blue,8D Royal,102 Raj,,,,,,Jeetubhai Images\OS New folder (11) Images\1125 KP 250.JPG,"ditto n1,n2; 85 Pcs",high
R0688,25,1125,kp,black,8D Royal,102 Raj,,,,,,Jeetubhai Images\OS New folder (11) Images\1125 KP 250.JPG,"ditto n1,n2; 71 Pcs",high
R0689,25,1126,kp,purple,8D Royal,102 Raj,,,,,,Jeetubhai Images\OS New folder (11) Images\1126 KP.JPG,shared with 1125; 03-1126 KP Neck 214 Pcs; 58 Pcs,high
R0690,25,1126,kp,blue,8D Royal,102 Raj,,,,,,Jeetubhai Images\OS New folder (11) Images\1126 KP.JPG,"ditto n1,n2; 85 Pcs",high
R0691,25,1126,kp,black,8D Royal,102 Raj,,,,,,Jeetubhai Images\OS New folder (11) Images\1126 KP.JPG,"ditto n1,n2; 71 Pcs",high
R0692,25,8058,kp,gold,103L Raj,335 Royal,104 Raj,,,,,Jeetubhai Images\OS New folder (8) Images\8058 KP 200.BMP,Gold24/Red25/Firozi27=76; cloth from header order,high
R0693,25,8058,kp,red,68 Royal,323 Royal,7D Royal,,,,,Jeetubhai Images\OS New folder (8) Images\8058 KP 200.BMP,cloth from header,high
R0694,25,8058,kp,firozi,711 Royal,323 Royal,222D Raj,,,,,Jeetubhai Images\OS New folder (8) Images\8058 KP 200.BMP,cloth from header,high
R0695,25,1123,kp,peach,83 Royal,773 Royal,778 Royal,,,,,Jeetubhai Images\OS New folder (11) Images\1123 KP 250.JPG,Peach74/C.Green77/Pink78; cloth from header,high
R0696,25,1123,kp,cream green,86 Royal,773 Royal,74D Royal,,,,,Jeetubhai Images\OS New folder (11) Images\1123 KP 250.JPG,cloth from header,high
R0697,25,1123,kp,pink,778 Royal,727L Royal,760 Royal,,,,,Jeetubhai Images\OS New folder (11) Images\1123 KP 250.JPG,cloth from header,high
R0698,25,9080,neck,blue,710D Raj,318 Royal,713 Royal,,,,,Jeetubhai Images\OS New folder (9) Images\9080 Neck 250.JPG,shared 9080+1124; 48 Pcs,high
R0699,25,9080,neck,green,99 Raj,318 Royal,MD Royal,,,,,Jeetubhai Images\OS New folder (9) Images\9080 Neck 250.JPG,46 Pcs,high
R0700,25,9080,neck,brown,126 Royal,318 Royal,710 Raj,,,,,Jeetubhai Images\OS New folder (9) Images\9080 Neck 250.JPG,46 Pcs,high
R0701,25,9080,neck,purple,363 Royal,318 Royal,125LR Royal,,,,,Jeetubhai Images\OS New folder (9) Images\9080 Neck 250.JPG,45 Pcs,high
R0702,25,1124,kp,blue,710D Raj,318 Royal,713 Royal,,,,,Jeetubhai Images\OS New folder (11) Images\1124 KP 250.JPG,shared 9080+1124; 48 Pcs,high
R0703,25,1124,kp,green,99 Raj,318 Royal,MD Royal,,,,,Jeetubhai Images\OS New folder (11) Images\1124 KP 250.JPG,46 Pcs,high
R0704,25,1124,kp,brown,126 Royal,318 Royal,710 Raj,,,,,Jeetubhai Images\OS New folder (11) Images\1124 KP 250.JPG,46 Pcs,high
R0705,25,1124,kp,purple,363 Royal,318 Royal,125LR Royal,,,,,Jeetubhai Images\OS New folder (11) Images\1124 KP 250.JPG,45 Pcs,high
R0706,26,1118,neck,orange,88N Royal,123 Royal,127 Raj,LG,,,,Jeetubhai Images\OS New folder (11) Images\1118 Neck 450.JPG,48x3=144; n4=LG,high
R0707,26,1118,neck,green,235 Royal,339 D Raj,738 Royal,LG,,,,Jeetubhai Images\OS New folder (11) Images\1118 Neck 450.JPG,ditto n4,high
R0708,26,1118,neck,blue,340 Raj,841 Royal,702 Royal,LG,,,,Jeetubhai Images\OS New folder (11) Images\1118 Neck 450.JPG,ditto n4,high
R0722,26,1120,neck,yellow,105 D Royal,774 Royal,105 L Royal,LG,,,,Jeetubhai Images\OS New folder (11) Images\1120 Neck 450.JPG,120x3=360 + Grey20 Pink24 Yellow24; n4=LG,high
R0723,26,1120,neck,purple,1375 Royal,123 Royal,361 Royal,LG,,,,Jeetubhai Images\OS New folder (11) Images\1120 Neck 450.JPG,ditto n4,high
R0724,26,1120,neck,grey,741 Royal,224 Royal,739 Royal,LG,,,,Jeetubhai Images\OS New folder (11) Images\1120 Neck 450.JPG,ditto n4,high
R0734,26,9083,neck,peach,235 Royal,190 Raj,342 Royal,,,,,Jeetubhai Images\OS New folder (9) Images\9083 Neck.JPG,45x4=180; cloth unclear Phone/Phoni/Firozi,high
R0735,26,9083,neck,l.green,77 Raj,190 Raj,764 Royal,,,,,Jeetubhai Images\OS New folder (9) Images\9083 Neck.JPG,ditto n2,high
R0736,26,9083,neck,pink,768 D Royal,190 Raj,761 Royal,,,,,Jeetubhai Images\OS New folder (9) Images\9083 Neck.JPG,ditto n2,high
R0737,26,9083,neck,l.blue,834 D Raj,190 Raj,864 Raj,,,,,Jeetubhai Images\OS New folder (9) Images\9083 Neck.JPG,ditto n2,high
R0738,27,9073,cp,green,726 Royal,122 Royal,744 Royal,,,,,Jeetubhai Images\OS New folder (9) Images\9073 Border 250.JPG|Jeetubhai Images\OS New folder (9) Images\9073 Neck 250.JPG,25 Pcs,high
R0739,27,9073,cp,purple,363 Raj,122 Royal,1375 Royal,,,,,Jeetubhai Images\OS New folder (9) Images\9073 Border 250.JPG|Jeetubhai Images\OS New folder (9) Images\9073 Neck 250.JPG,ditto n2; 26 Pcs,high
R0740,27,9073,cp,red,840L Royal,122 Royal,82 Raj,,,,,Jeetubhai Images\OS New folder (9) Images\9073 Border 250.JPG|Jeetubhai Images\OS New folder (9) Images\9073 Neck 250.JPG,ditto n2; 27 Pcs,high
R0741,27,9073,cp,firozi,74 N Sky,122 Royal,710 Raj,,,,,Jeetubhai Images\OS New folder (9) Images\9073 Border 250.JPG|Jeetubhai Images\OS New folder (9) Images\9073 Neck 250.JPG,24 Pcs,high
R0742,27,9038,kp,blue,74N Raj,325 Royal,145 Royal,,,,,Jeetubhai Images\OS New folder (9) Images\9038 KP 200.JPG,50x3=150,high
R0743,27,9038,kp,grey,329 D Raj,110 Royal,372 Royal,,,,,Jeetubhai Images\OS New folder (9) Images\9038 KP 200.JPG,,high
R0744,27,9038,kp,orange,707 Royal,190 Raj,332 L Royal,,,,,Jeetubhai Images\OS New folder (9) Images\9038 KP 200.JPG,cloth written Orang,high
R0751,27,6002,kp,yellow,824 Royal,49 N Firoj,105NL Royal,,,,,Jeetubhai Images\OS New folder (6) Images\6002 KP 250.BMP,60x3=180; n2 brand Firoj,high
R0752,27,6002,kp,pink,728D Royal,49 N Firoj,797 Royal,,,,,Jeetubhai Images\OS New folder (6) Images\6002 KP 250.BMP,ditto n2,high
R0753,27,6002,kp,green,821 Royal,49 N Firoj,763 Royal,,,,,Jeetubhai Images\OS New folder (6) Images\6002 KP 250.BMP,ditto n2; cloth (Grey),high
R0754,27,6020,kp,blue,841 Raj,1184 Royal,316D Raj,,,,,Jeetubhai Images\OS New folder (6) Images\6020 KP 250.BMP,40x3=120; n2 may be 118 LL,medium
R0755,27,6020,kp,yellow,105 Royal,1186 Royal,32 Royal,,,,,Jeetubhai Images\OS New folder (6) Images\6020 KP 250.BMP,,medium
R0756,27,6020,kp,green,99 Royal,1184 Royal,316D Raj,,,,,Jeetubhai Images\OS New folder (6) Images\6020 KP 250.BMP,,high
R0757,27,6045,kp,grey,325 Royal,49N Firoj,720 Royal,,,,,Jeetubhai Images\OS New folder (6) Images\6045 KP 250.JPG,50x3=150,high
R0758,27,6045,kp,pink,915 Royal,49N Firoj,777 Royal,,,,,Jeetubhai Images\OS New folder (6) Images\6045 KP 250.JPG,ditto n2,high
R0759,27,6045,kp,orange,325 Royal,49N Firoj,732 Royal,,,,,Jeetubhai Images\OS New folder (6) Images\6045 KP 250.JPG,ditto n2; Orang,high
R0760,27,7069,kp,lemon,111 Royal,727L Royal,110NL Royal,,,,,Jeetubhai Images\OS New folder (7) Images\7069 KP 250.JPG,50x3=150,high
R0761,27,7069,kp,green,728 Royal,727L Royal,95 Royal,,,,,Jeetubhai Images\OS New folder (7) Images\7069 KP 250.JPG,ditto n2,high
R0762,27,7069,kp,green,168 Royal,912 Raj,710 Raj,,,,,Jeetubhai Images\OS New folder (7) Images\7069 KP 250.JPG,second green row,high
R0767,28,9085,neck,blue,840 Raj,702 Raj,313 Royal,,,,,Jeetubhai Images\OS New folder (9) Images\9085 Neck 250.JPG|Jeetubhai Images\OS New folder (9) Images\9085 Neck.JPG,40x3=120,high
R0768,28,9085,neck,green,142 Royal,782 Royal,313 Royal,,,,,Jeetubhai Images\OS New folder (9) Images\9085 Neck 250.JPG|Jeetubhai Images\OS New folder (9) Images\9085 Neck.JPG,ditto n3,high
R0769,28,9085,neck,pink,32N Royal,716 Raj,313 Royal,,,,,Jeetubhai Images\OS New folder (9) Images\9085 Neck 250.JPG|Jeetubhai Images\OS New folder (9) Images\9085 Neck.JPG,ditto n3,high
R0770,28,7066,kp,yellow,35 D Royal,345 Royal,783 Royal,,,,,Jeetubhai Images\OS New folder (7) Images\7066 KP 200.JPG,120 Pcs 40x3,high
R0771,28,7066,kp,pink,775 Royal,345 Royal,783 Royal,,,,,Jeetubhai Images\OS New folder (7) Images\7066 KP 200.JPG,"ditto n2,n3",high
R0772,28,7066,kp,blue,415 Royal,345 Royal,783 Royal,,,,,Jeetubhai Images\OS New folder (7) Images\7066 KP 200.JPG,"ditto n2,n3",high
R0776,28,8057,kp,grey,25 Royal,49N Royal,741 Royal,,,,,Jeetubhai Images\OS New folder (8) Images\8057 KP 200.BMP,60x3=180,high
R0777,28,8057,kp,pink,363 Royal,49N Royal,125R Royal,,,,,Jeetubhai Images\OS New folder (8) Images\8057 KP 200.BMP,ditto n2,high
R0778,28,8057,kp,green,741D Raj,49N Royal,145 Royal,,,,,Jeetubhai Images\OS New folder (8) Images\8057 KP 200.BMP,ditto n2,high
R0779,28,8058,kp,green,60N Royal,705D Royal,764 Royal,,,,,Jeetubhai Images\OS New folder (8) Images\8058 KP 200.BMP,50x3=150,high
R0780,28,8058,kp,purple,27 Royal,741D Raj,15 Royal,,,,,Jeetubhai Images\OS New folder (8) Images\8058 KP 200.BMP,,high
R0781,28,8058,kp,orange,115 Royal,63N Royal,832 Royal,,,,,Jeetubhai Images\OS New folder (8) Images\8058 KP 200.BMP,,high
R0782,28,8062,kp,blue,145 Royal,43 Raj,735D Royal,,,,,Jeetubhai Images\OS New folder (8) Images\8062 KP 250.BMP,50x3=150,high
R0783,28,8062,kp,green,706 Royal,735D Royal,110L Royal,,,,,Jeetubhai Images\OS New folder (8) Images\8062 KP 250.BMP,,high
R0784,28,8062,kp,green,145 Royal,43 Raj,110L Royal,,,,,Jeetubhai Images\OS New folder (8) Images\8062 KP 250.BMP,,high
R0798,29,1103,neck,rust,188 Raj,127 Royal,32 Raj,,,,,Jeetubhai Images\OS New folder (11) Images\1103 Neck 250.JPG,21x6=126,high
R0799,29,1103,neck,green,726 Royal,81 Royal,701 Royal,,,,,Jeetubhai Images\OS New folder (11) Images\1103 Neck 250.JPG,,high
R0800,29,1103,neck,green,726 Royal,722D Royal,31 Raj,,,,,Jeetubhai Images\OS New folder (11) Images\1103 Neck 250.JPG,,high
R0801,29,1103,neck,peach,121 Royal,127 Raj,32 Raj,,,,,Jeetubhai Images\OS New folder (11) Images\1103 Neck 250.JPG,cloth Chone unclear,high
R0802,29,1103,neck,d.purple,766 Raj,701 Royal,840L Royal,,,,,Jeetubhai Images\OS New folder (11) Images\1103 Neck 250.JPG,,high
R0803,29,1103,neck,grey,722D Royal,361 Royal,757 Royal,,,,,Jeetubhai Images\OS New folder (11) Images\1103 Neck 250.JPG,,high
R0804,29,1104,neck,blue,315 Raj,8NL Royal,90N Raj,,,,,Jeetubhai Images\OS New folder (11) Images\1104 Neck 250.JPG,30x4=120,high
R0805,29,1104,neck,maroon,315 Raj,834DD Raj,90N Raj,,,,,Jeetubhai Images\OS New folder (11) Images\1104 Neck 250.JPG,cloth Marun→maroon,high
R0806,29,1104,neck,brown,315 Raj,8NL Royal,90N Raj,,,,,Jeetubhai Images\OS New folder (11) Images\1104 Neck 250.JPG,,high
R0807,29,1104,neck,pink,315 Raj,8NL Royal,90N Raj,,,,,Jeetubhai Images\OS New folder (11) Images\1104 Neck 250.JPG,,high
R0808,29,1115,neck,cream,813 D Royal,190 Raj,84 Royal,,,,,Jeetubhai Images\OS New folder (11) Images\1115 Neck 400.JPG,52x3=156; cream colourways,high
R0809,29,1115,neck,cream,770 Royal,190 Raj,769 L Royal,,,,,Jeetubhai Images\OS New folder (11) Images\1115 Neck 400.JPG,52x3=156; cream colourways,high
R0810,29,1115,neck,cream,28 Royal,190 Raj,760 Royal,,,,,Jeetubhai Images\OS New folder (11) Images\1115 Neck 400.JPG,52x3=156; cream colourways,high
R0811,29,9078,neck,yellow,235 Royal,190 Raj,342 Royal,,,,,Jeetubhai Images\OS New folder (9) Images\9078 Neck 400.JPG,30x4=120,high
R0812,29,9078,neck,firozi,834 Raj,190 Raj,864 Raj,,,,,Jeetubhai Images\OS New folder (9) Images\9078 Neck 400.JPG,,high
R0813,29,9078,neck,green,77 Raj,190 Raj,764 Royal,,,,,Jeetubhai Images\OS New folder (9) Images\9078 Neck 400.JPG,,high
R0814,29,9078,neck,pink,767 Royal,190 Raj,761 Royal,,,,,Jeetubhai Images\OS New folder (9) Images\9078 Neck 400.JPG,,high
R0815,29,8095,cp,orange,704 Royal,1226 Royal,728 Royal,,,,,Jeetubhai Images\OS New folder (8) Images\8095 Border 250.BMP|Jeetubhai Images\OS New folder (8) Images\8095 Neck 250.BMP,150 Pcs; 49 Pcs; prefix unclear,high
R0816,29,8095,cp,blue,722 Royal,710 Royal,710 D Royal,,,,,Jeetubhai Images\OS New folder (8) Images\8095 Border 250.BMP|Jeetubhai Images\OS New folder (8) Images\8095 Neck 250.BMP,51 Pcs,high
R0817,29,8095,cp,pink,766 Raj,372U Royal,1375 Royal,,,,,Jeetubhai Images\OS New folder (8) Images\8095 Border 250.BMP|Jeetubhai Images\OS New folder (8) Images\8095 Neck 250.BMP,50 Pcs,high
R0818,29,9082,neck,green,119 Royal,742 Royal,312 Royal,,,,,Jeetubhai Images\OS New folder (9) Images\9082 Neck.JPG,30x4=120,high
R0819,29,9082,neck,purple,766 Raj,122 Royal,312 Royal,,,,,Jeetubhai Images\OS New folder (9) Images\9082 Neck.JPG,ditto n3,high
R0820,29,9082,neck,pink,840L Royal,78 Royal,312 Royal,,,,,Jeetubhai Images\OS New folder (9) Images\9082 Neck.JPG,ditto n3,high
R0821,29,9082,neck,blue,122 Royal,812 Royal,312 Royal,,,,,Jeetubhai Images\OS New folder (9) Images\9082 Neck.JPG,ditto n3,high
R0822,29,9080,neck,rust,777 Royal,728DR Raj,312 Royal,,,,,Jeetubhai Images\OS New folder (9) Images\9080 Neck 250.JPG,30x4=120,high
R0823,29,9080,neck,green,722 Royal,786 Royal,142 Royal,,,,,Jeetubhai Images\OS New folder (9) Images\9080 Neck 250.JPG,,high
R0824,29,9080,neck,peach,102N Royal,121DR Royal,234 Royal,,,,,Jeetubhai Images\OS New folder (9) Images\9080 Neck 250.JPG,cloth Chone,high
R0825,29,9080,neck,grey,728DR Raj,722 Royal,312 Royal,,,,,Jeetubhai Images\OS New folder (9) Images\9080 Neck 250.JPG,,high
R0829,30,9029,kp,blue,776 Royal,234 Royal,44L Royal,,,,,Jeetubhai Images\OS New folder (9) Images\9029 KP 200.JPG|Jeetubhai Images\OS New folder (9) Images\9029 KP 250.JPG,70x3=210,high
R0830,30,9029,kp,peach,117 Royal,234 Royal,115 Royal,,,,,Jeetubhai Images\OS New folder (9) Images\9029 KP 200.JPG|Jeetubhai Images\OS New folder (9) Images\9029 KP 250.JPG,ditto n2; cloth Phone/Firozi unclear,high
R0831,30,9029,kp,orange,707D Royal,234 Royal,705 Royal,,,,,Jeetubhai Images\OS New folder (9) Images\9029 KP 200.JPG|Jeetubhai Images\OS New folder (9) Images\9029 KP 250.JPG,ditto n2,high
R0835,30,9022,kp,brown,124 Raj,118 U Royal,372 L Royal,,,,,Jeetubhai Images\OS New folder (9) Images\9022 KP 200.JPG|Jeetubhai Images\OS New folder (9) Images\9022 KP.JPG,70x3=210; cloth at end of row,high
R0836,30,9022,kp,orange,720 Royal,118 U Royal,372 Royal,,,,,Jeetubhai Images\OS New folder (9) Images\9022 KP 200.JPG|Jeetubhai Images\OS New folder (9) Images\9022 KP.JPG,"ditto n2,n3",high
R0837,30,9022,kp,khakhi,1004D Royal,118 U Royal,88 L Royal,,,,,Jeetubhai Images\OS New folder (9) Images\9022 KP 200.JPG|Jeetubhai Images\OS New folder (9) Images\9022 KP.JPG,ditto n2,high
R0842,30,7051,kp,pink,49 N Raj,920 Royal,,,,,,Jeetubhai Images\OS New folder (7) Images\7051 KP 250.JPG,70x3=210,high
R0843,30,7051,kp,green,49 N Raj,168 Royal,,,,,,Jeetubhai Images\OS New folder (7) Images\7051 KP 250.JPG,ditto n1,high
R0844,30,7051,kp,firozi,49 N Raj,710D Raj,,,,,,Jeetubhai Images\OS New folder (7) Images\7051 KP 250.JPG,ditto n1,high
R0852,30,9087,neck+border,green,710 Royal,406 Royal,97 Raj,,,,,Jeetubhai Images\OS New folder (9) Images\9087 Neck.JPG|Jeetubhai Images\OS New folder (9) Images\9087 border 250.JPG,230/137 Pcs; 32 Pcs,high
R0853,30,9087,neck+border,yellow,235 Royal,104 Raj,103 Royal,,,,,Jeetubhai Images\OS New folder (9) Images\9087 Neck.JPG|Jeetubhai Images\OS New folder (9) Images\9087 border 250.JPG,35 Pcs,high
R0854,30,9087,neck+border,pink,803 Royal,798 Royal,731 Royal,,,,,Jeetubhai Images\OS New folder (9) Images\9087 Neck.JPG|Jeetubhai Images\OS New folder (9) Images\9087 border 250.JPG,36 Pcs,high
R0855,30,9087,neck+border,purple,803 Royal,46 Royal,145 T Raj,,,,,Jeetubhai Images\OS New folder (9) Images\9087 Neck.JPG|Jeetubhai Images\OS New folder (9) Images\9087 border 250.JPG,34 Pcs,high
R0859,31,8078,kp,blue,118 U Royal,708 Raj,,,,,,Jeetubhai Images\OS New folder (8) Images\8078 KP 400.BMP,,high
R0860,31,8078,kp,brown,118 U Royal,319 Raj,,,,,,Jeetubhai Images\OS New folder (8) Images\8078 KP 400.BMP,,high
R0861,31,8078,kp,green,118 U Royal,97 L Royal,,,,,,Jeetubhai Images\OS New folder (8) Images\8078 KP 400.BMP,,high
R0862,31,8079,kp,blue,49 N Raj,86 Raj,,,,,,Jeetubhai Images\OS New folder (8) Images\8079 KP 400.BMP,,high
R0863,31,8079,kp,brown,49 N Raj,125 Royal,,,,,,Jeetubhai Images\OS New folder (8) Images\8079 KP 400.BMP,,high
R0864,31,8079,kp,pink,49 N Raj,920 Raj,,,,,,Jeetubhai Images\OS New folder (8) Images\8079 KP 400.BMP,,high
R0865,31,8081,kp,blue,73 N Raj,753 Royal,85 Raj,,,,,Jeetubhai Images\OS New folder (8) Images\8081 KP 400.BMP,,high
R0866,31,8081,kp,pink,760 Royal,753 Royal,27 Royal,,,,,Jeetubhai Images\OS New folder (8) Images\8081 KP 400.BMP,,high
R0867,31,8081,kp,rust,78 L Raj,753 Royal,127 Raj,,,,,Jeetubhai Images\OS New folder (8) Images\8081 KP 400.BMP,,high
R0889,32,1109,cp,blue,770 Royal,190 Raj,22 Royal,,,,,Jeetubhai Images\OS New folder (11) Images\1109 CP Border 250.JPG,,high
R0890,32,1109,cp,firozi,813 D Royal,190 Raj,75 Royal,,,,,Jeetubhai Images\OS New folder (11) Images\1109 CP Border 250.JPG,,high
R0891,32,1109,cp,orange,906 Royal,190 Raj,778 D Royal,,,,,Jeetubhai Images\OS New folder (11) Images\1109 CP Border 250.JPG,,high
R0892,32,1109,cp,pink,145 T Raj,190 Raj,766 Royal,,,,,Jeetubhai Images\OS New folder (11) Images\1109 CP Border 250.JPG,,high
R0893,32,1109,cp,rust,102 N Royal,190 Raj,790 Royal,,,,,Jeetubhai Images\OS New folder (11) Images\1109 CP Border 250.JPG,,high
R0894,32,1109,cp,yellow,234 Royal,190 Raj,103 L Raj,,,,,Jeetubhai Images\OS New folder (11) Images\1109 CP Border 250.JPG,,high
R0907,32,9060,cp,blue,117 Royal,803 Royal,115 Royal,,,,,Jeetubhai Images\OS New folder (9) Images\9060 Border CP 250.JPG|Jeetubhai Images\OS New folder (9) Images\9060 Neck CP 250.JPG,57 Pcs,high
R0908,32,9060,cp,pink,28 Royal,710 Royal,760 Royal,,,,,Jeetubhai Images\OS New folder (9) Images\9060 Border CP 250.JPG|Jeetubhai Images\OS New folder (9) Images\9060 Neck CP 250.JPG,57 Pcs,high
R0909,32,9060,cp,yellow,1004 D Royal,361 Royal,186 Raj,,,,,Jeetubhai Images\OS New folder (9) Images\9060 Border CP 250.JPG|Jeetubhai Images\OS New folder (9) Images\9060 Neck CP 250.JPG,59 Pcs,high
R0910,32,9064,neck,blue,719 L Royal,190 Raj,840 U Royal,,,,,Jeetubhai Images\OS New folder (9) Images\9064 Neck 400.JPG,,high
R0911,32,9064,neck,peach,704 Royal,190 Raj,94 Royal,,,,,Jeetubhai Images\OS New folder (9) Images\9064 Neck 400.JPG,,high
R0912,32,9064,neck,pink,73 N Raj,190 Raj,66 Raj,,,,,Jeetubhai Images\OS New folder (9) Images\9064 Neck 400.JPG,,high
R0913,32,9073,cp,blue,840 L Royal,820 Royal,116 Royal,,,,,Jeetubhai Images\OS New folder (9) Images\9073 Border 250.JPG|Jeetubhai Images\OS New folder (9) Images\9073 Neck 250.JPG,,high
R0914,32,9073,cp,fawn,376 Royal,727 Royal,127 Raj,,,,jari 40,Jeetubhai Images\OS New folder (9) Images\9073 Border 250.JPG|Jeetubhai Images\OS New folder (9) Images\9073 Neck 250.JPG,,high
R0915,32,9073,cp,green,1004 D Royal,372 Royal,103 L Raj,,,,,Jeetubhai Images\OS New folder (9) Images\9073 Border 250.JPG|Jeetubhai Images\OS New folder (9) Images\9073 Neck 250.JPG,,high
R0916,32,9074,cp,green,755 Royal,739 Royal,343 Royal,,,,,Jeetubhai Images\OS New folder (9) Images\9074 Border 250 1000.JPG|Jeetubhai Images\OS New folder (9) Images\9074 Neck 250.JPG,58 Pcs,high
R0917,32,9074,cp,orange,127 Raj,773 Royal,127 DD Raj,,,,,Jeetubhai Images\OS New folder (9) Images\9074 Border 250 1000.JPG|Jeetubhai Images\OS New folder (9) Images\9074 Neck 250.JPG,56 Pcs,high
R0918,32,9074,cp,pink,760 Royal,372 Royal,28 Royal,,,,,Jeetubhai Images\OS New folder (9) Images\9074 Border 250 1000.JPG|Jeetubhai Images\OS New folder (9) Images\9074 Neck 250.JPG,57 Pcs,high
R0922,33,8092,cp,blue,120 Royal,74 D Royal,710 D Raj,,,,,Jeetubhai Images\OS New folder (8) Images\8092 Border 250.BMP|Jeetubhai Images\OS New folder (8) Images\8092 Neck 250.BMP,,high
R0923,33,8092,cp,fawn,722 D Royal,790 Raj,102 N Raj,,,,,Jeetubhai Images\OS New folder (8) Images\8092 Border 250.BMP|Jeetubhai Images\OS New folder (8) Images\8092 Neck 250.BMP,,medium
R0924,33,8092,cp,green,840 L Royal,95 Royal,110 N Royal,,,,,Jeetubhai Images\OS New folder (8) Images\8092 Border 250.BMP|Jeetubhai Images\OS New folder (8) Images\8092 Neck 250.BMP,,high
R0932,33,9059,cp,blue,749 Royal,190 Raj,117 Royal,,,,,Jeetubhai Images\OS New folder (9) Images\9059 Border CP 250.JPG|Jeetubhai Images\OS New folder (9) Images\9059 Neck CP 250.JPG,54 Pcs,high
R0933,33,9059,cp,firozi,710 Royal,190 Raj,76 Royal,,,,,Jeetubhai Images\OS New folder (9) Images\9059 Border CP 250.JPG|Jeetubhai Images\OS New folder (9) Images\9059 Neck CP 250.JPG,56 Pcs,high
R0934,33,9059,cp,green,LM U Royal,335 Royal,LM Royal,,,,,Jeetubhai Images\OS New folder (9) Images\9059 Border CP 250.JPG|Jeetubhai Images\OS New folder (9) Images\9059 Neck CP 250.JPG,53 Pcs,high
R0939,33,9077,neck+border+daman,cream,722 Royal,,,,,,,Jeetubhai Images\OS New folder (9) Images\9077 Daman 250.JPG|Jeetubhai Images\OS New folder (9) Images\9077 Neck 200.JPG,,high
R0940,33,9077,neck+border+daman,fawn,792 Royal,,,,,,,Jeetubhai Images\OS New folder (9) Images\9077 Daman 250.JPG|Jeetubhai Images\OS New folder (9) Images\9077 Neck 200.JPG,,medium
R0941,33,9077,neck+border+daman,firozi,44 Royal,,,,,,,Jeetubhai Images\OS New folder (9) Images\9077 Daman 250.JPG|Jeetubhai Images\OS New folder (9) Images\9077 Neck 200.JPG,,high
R0942,33,9077,neck+border+daman,green,94 Royal,,,,,,,Jeetubhai Images\OS New folder (9) Images\9077 Daman 250.JPG|Jeetubhai Images\OS New folder (9) Images\9077 Neck 200.JPG,,high
R0943,33,9077,neck+border+daman,grey,790 Royal,,,,,,,Jeetubhai Images\OS New folder (9) Images\9077 Daman 250.JPG|Jeetubhai Images\OS New folder (9) Images\9077 Neck 200.JPG,,high
R0953,34,8008,kp,blue,235 Royal,119 D Royal,87 Royal,,,,,Jeetubhai Images\OS New folder (8) Images\8008 KP 400.JPG,,high
R0954,34,8008,kp,green,722 Royal,778 Royal,98 D Raj,,,,,Jeetubhai Images\OS New folder (8) Images\8008 KP 400.JPG,,high
R0955,34,8008,kp,purple,119 D Royal,840 LL Royal,775 L Royal,,,,,Jeetubhai Images\OS New folder (8) Images\8008 KP 400.JPG,,high
R0956,34,8073,kp,black,728 D Royal,8 F Raj,118 Royal,,,,,Jeetubhai Images\OS New folder (8) Images\8073 KP 400.BMP,,medium
R0957,34,8073,kp,blue,87 D Royal,8 F Raj,118 Royal,,,,,Jeetubhai Images\OS New folder (8) Images\8073 KP 400.BMP,,medium
R0958,34,8073,kp,maroon,728 D Royal,87 D Royal,118 Royal,,,,,Jeetubhai Images\OS New folder (8) Images\8073 KP 400.BMP,,high
R0959,34,9065,top+border,cream,97 Royal,790 Royal,792 D Royal,,,,,Jeetubhai Images\OS New folder (9) Images\9065 Border.JPG,shared map cream/fawn/lemon/pink,high
R0960,34,9065,top+border,fawn,97 Royal,790 Royal,792 D Royal,,,,,Jeetubhai Images\OS New folder (9) Images\9065 Border.JPG,shared map cream/fawn/lemon/pink,high
R0961,34,9065,top+border,firozi,22 Royal,790 Royal,792 D Royal,,,,,Jeetubhai Images\OS New folder (9) Images\9065 Border.JPG,,high
R0962,34,9065,top+border,lemon,97 Royal,790 Royal,792 D Royal,,,,,Jeetubhai Images\OS New folder (9) Images\9065 Border.JPG,shared map cream/fawn/lemon/pink,high
R0963,34,9065,top+border,pink,97 Royal,790 Royal,792 D Royal,,,,,Jeetubhai Images\OS New folder (9) Images\9065 Border.JPG,shared map cream/fawn/lemon/pink,high
R0965,34,9074,cp,blue,727 S Royal,365 Royal,833 Royal,,,,,Jeetubhai Images\OS New folder (9) Images\9074 Border 250 1000.JPG|Jeetubhai Images\OS New folder (9) Images\9074 Neck 250.JPG,41 Pcs,medium
R0966,34,9074,cp,orange,751 Royal,710 Royal,707 Royal,,,,,Jeetubhai Images\OS New folder (9) Images\9074 Border 250 1000.JPG|Jeetubhai Images\OS New folder (9) Images\9074 Neck 250.JPG,48 Pcs,high
R0967,34,9074,cp,red,751 Royal,143 Raj,790 Royal,,,,,Jeetubhai Images\OS New folder (9) Images\9074 Border 250 1000.JPG|Jeetubhai Images\OS New folder (9) Images\9074 Neck 250.JPG,48 Pcs,high
R0968,34,9077,neck+border+daman,cream,49 N Royal,,,,,,,Jeetubhai Images\OS New folder (9) Images\9077 Daman 250.JPG|Jeetubhai Images\OS New folder (9) Images\9077 Neck 200.JPG,120 Pcs Cream,medium
R0969,34,9078,neck,blue,87 D Royal,190 Raj,86 Royal,,,,,Jeetubhai Images\OS New folder (9) Images\9078 Neck 400.JPG,10 Pcs,high
R0970,34,9078,neck,d. pink,728 Raj,190 Raj,95 D Raj,,,,,Jeetubhai Images\OS New folder (9) Images\9078 Neck 400.JPG,14 Pcs,high
R0971,34,9078,neck,firozi,710 D Raj,194 Raj,130 L Royal,,,,,Jeetubhai Images\OS New folder (9) Images\9078 Neck 400.JPG,43 Pcs,high
R0972,34,9078,neck,peach,728 R Raj,143 Royal,94 Royal,,,,,Jeetubhai Images\OS New folder (9) Images\9078 Neck 400.JPG,50 Pcs,medium
R0973,34,9078,neck,pink,362 Royal,702 Royal,766 Royal,,,,,Jeetubhai Images\OS New folder (9) Images\9078 Neck 400.JPG,46 Pcs,high
R0974,34,9078,neck,yellow,795 D Royal,190 Raj,789 DD Raj,,,,,Jeetubhai Images\OS New folder (9) Images\9078 Neck 400.JPG,17 Pcs,high
R0981,35,1104,neck,d. purple,766 Raj,701 Royal,840 L Royal,,,,,Jeetubhai Images\OS New folder (11) Images\1104 Neck 250.JPG,,high
R0982,35,1104,neck,fawn,121 Royal,127 Raj,32 Royal,,,,,Jeetubhai Images\OS New folder (11) Images\1104 Neck 250.JPG,,medium
R0983,35,1104,neck,gajri,726 Royal,715 Raj,701 Royal,,,,,Jeetubhai Images\OS New folder (11) Images\1104 Neck 250.JPG,,high
R0984,35,1104,neck,green,726 Royal,722 D Royal,31 Raj,,,,,Jeetubhai Images\OS New folder (11) Images\1104 Neck 250.JPG,,high
R0985,35,1104,neck,l. purple,722 D Royal,361 Royal,781 Raj,,,,,Jeetubhai Images\OS New folder (11) Images\1104 Neck 250.JPG,,high
R0986,35,1104,neck,rust,188 Raj,127 Royal,32 Raj,,,,,Jeetubhai Images\OS New folder (11) Images\1104 Neck 250.JPG,,high
R0993,35,1107,neck,green,118 L Royal,100 Royal,MD Royal,,,,,,34 Pcs,medium
R0994,35,1107,neck,orange,118 L Royal,732 D Royal,720 Royal,,,,,,45 Pcs,high
R0995,35,1107,neck,peach,118 L Royal,777 Raj,707 D Royal,,,,,,38 Pcs,high
R0996,35,7061,kp,d. purple,766 Raj,701 Royal,840 L Royal,,,,,Jeetubhai Images\OS New folder (7) Images\7061 KP 200.JPG,,high
R0997,35,7061,kp,fawn,121 Royal,127 Raj,32 Royal,,,,,Jeetubhai Images\OS New folder (7) Images\7061 KP 200.JPG,,medium
R0998,35,7061,kp,gajri,726 Royal,715 Raj,701 Royal,,,,,Jeetubhai Images\OS New folder (7) Images\7061 KP 200.JPG,,high
R0999,35,7061,kp,green,726 Royal,722 D Royal,31 Raj,,,,,Jeetubhai Images\OS New folder (7) Images\7061 KP 200.JPG,,high
R1000,35,7061,kp,l. purple,722 D Royal,361 Royal,781 Raj,,,,,Jeetubhai Images\OS New folder (7) Images\7061 KP 200.JPG,,high
R1001,35,7061,kp,rust,188 Raj,127 Royal,32 Raj,,,,,Jeetubhai Images\OS New folder (7) Images\7061 KP 200.JPG,,high
R1011,35,9023,kp,blue,752 Royal,721 Raj,86 Royal,,,,,Jeetubhai Images\OS New folder (9) Images\9023 KP 200.JPG,,high
R1012,35,9023,kp,fawn,81 Raj,94 Royal,728 R Raj,,,,,Jeetubhai Images\OS New folder (9) Images\9023 KP 200.JPG,,medium
R1013,35,9023,kp,pink,81 Raj,760 Royal,362 Royal,,,,,Jeetubhai Images\OS New folder (9) Images\9023 KP 200.JPG,,high
R1014,35,9062,neck,green,90 N Raj,335 Royal,123 Royal,,,,,Jeetubhai Images\OS New folder (9) Images\9062 Neck 400.JPG|Jeetubhai Images\OS New folder (9) Images\9062 Neck.JPG,42 Pcs,high
R1015,35,9062,neck,maroon,80 Royal,355 Royal,78 Raj,,,,,Jeetubhai Images\OS New folder (9) Images\9062 Neck 400.JPG|Jeetubhai Images\OS New folder (9) Images\9062 Neck.JPG,39 Pcs,high
R1016,35,9062,neck,purple,146 R Raj,751 Royal,145 T Raj,,,,,Jeetubhai Images\OS New folder (9) Images\9062 Neck 400.JPG|Jeetubhai Images\OS New folder (9) Images\9062 Neck.JPG,42 Pcs,high
R1017,36,6023,neck,green,112 N Royal,MM D Royal,97 Royal,,,,,Jeetubhai Images\OS New folder (6) Images\6023 Nake.BMP,,medium
R1018,36,6023,neck,pink,95 Royal,402 Royal,775 Royal,,,,,Jeetubhai Images\OS New folder (6) Images\6023 Nake.BMP,,high
R1019,36,6023,neck,rama,356 Royal,841 Royal,74 Royal,,,,,Jeetubhai Images\OS New folder (6) Images\6023 Nake.BMP,,high
R1020,36,6026,neck,firozi,34 D Royal,110 LL Raj,1004 D Royal,,,,,Jeetubhai Images\OS New folder (6) Images\6026 Nake.BMP,59 Pcs,high
R1021,36,6026,neck,green,147 DR Raj,110 LL Raj,145 R Raj,,,,,Jeetubhai Images\OS New folder (6) Images\6026 Nake.BMP,58 Pcs,medium
R1022,36,6026,neck,pink,925 Royal,110 LL Raj,911 Royal,,,,,Jeetubhai Images\OS New folder (6) Images\6026 Nake.BMP,56 Pcs,high
R1026,36,8016,top p1/p2+astin border,black,791 Royal,144 Royal,325 Royal,49 LL Po,315 Royal,,,Jeetubhai Images\OS New folder (8) Images\8016 BORDER 250.JPG,12 Pcs,high
R1027,36,8016,top p1/p2+astin border,brown,722 Raj,105 Royal,320 Royal,49 LL Po,126 Royal,,,Jeetubhai Images\OS New folder (8) Images\8016 BORDER 250.JPG,28 Pcs,high
R1028,36,8016,top p1/p2+astin border,green,188 Raj,357 Royal,74 Royal,49 LL Po,813 Royal,,,Jeetubhai Images\OS New folder (8) Images\8016 BORDER 250.JPG,20 Pcs,high
R1029,36,8016,top p1/p2+astin border,green,778 D Royal,365 Royal,60 N Royal,49 LL Po,144 Royal,,,Jeetubhai Images\OS New folder (8) Images\8016 BORDER 250.JPG,20 Pcs,high
R1030,36,8016,top p1/p2+astin border,grey,28 Royal,772 Raj,343 Royal,49 LL Po,Black,,,Jeetubhai Images\OS New folder (8) Images\8016 BORDER 250.JPG,12 Pcs,high
R1031,36,8016,top p1/p2+astin border,pink,75 Royal,325 Royal,434 Royal,49 LL Po,795 Royal,,,Jeetubhai Images\OS New folder (8) Images\8016 BORDER 250.JPG,20 Pcs,high
R1032,36,8016,top p1/p2+astin border,purple,188 T Raj,117 Royal,727 L Raj,49 LL Po,300 D Raj,,,Jeetubhai Images\OS New folder (8) Images\8016 BORDER 250.JPG,6 Pcs,high
R1033,36,9056,neck,black,8 N Raj,702 DD Raj,118 Royal,,,,,Jeetubhai Images\OS New folder (9) Images\9056 Neck 250.JPG,,high
R1034,36,9056,neck,blue,795 Royal,710 D Raj,118 Royal,,,,,Jeetubhai Images\OS New folder (9) Images\9056 Neck 250.JPG,,high
R1035,36,9056,neck,cream,795 Royal,702 DD Raj,372 R Raj,,,,,Jeetubhai Images\OS New folder (9) Images\9056 Neck 250.JPG,,high
R1036,36,9056,neck,red,810 Royal,702 DD Raj,118 Royal,,,,,Jeetubhai Images\OS New folder (9) Images\9056 Neck 250.JPG,,high
R1040,36,9079,neck,black,8 NL Royal,102 Royal,710 D Royal,,,,,Jeetubhai Images\OS New folder (9) Images\9079 Neck 400.JPG,72 Pcs,medium
R1041,36,9079,neck,blue,8 NL Royal,102 Royal,86 Raj,,,,,Jeetubhai Images\OS New folder (9) Images\9079 Neck 400.JPG,65 Pcs,high
R1042,36,9079,neck,wine,235 Royal,102 D Royal,767 Royal,,,,,Jeetubhai Images\OS New folder (9) Images\9079 Neck 400.JPG,78 Pcs,high
R1043,37,8018,top p1/p2+border,cream,143 Raj,766 Royal,188 T Raj,335 Royal,1106 Royal,,,Jeetubhai Images\OS New folder (8) Images\8018 BORDER 250.JPG|Jeetubhai Images\OS New folder (8) Images\8018 Big BORDER 250.JPG,,medium
R1044,37,8018,top p1/p2+border,firozi,188 Raj,412 Royal,789 D Royal,767 Royal,813 Royal,,,Jeetubhai Images\OS New folder (8) Images\8018 BORDER 250.JPG|Jeetubhai Images\OS New folder (8) Images\8018 Big BORDER 250.JPG,,high
R1045,37,8018,top p1/p2+border,green,809 Royal,117 Royal,35 L Royal,791 Royal,1441 Raj,,,Jeetubhai Images\OS New folder (8) Images\8018 BORDER 250.JPG|Jeetubhai Images\OS New folder (8) Images\8018 Big BORDER 250.JPG,,medium
R1046,37,8018,top p1/p2+border,grey,188 T Raj,711 Royal,803 Royal,775 Royal,1886 Royal,,,Jeetubhai Images\OS New folder (8) Images\8018 BORDER 250.JPG|Jeetubhai Images\OS New folder (8) Images\8018 Big BORDER 250.JPG,,medium
R1047,37,8018,top p1/p2+border,pink,17 N Royal,75 Royal,22 Royal,188 T Raj,766 Royal,,,Jeetubhai Images\OS New folder (8) Images\8018 BORDER 250.JPG|Jeetubhai Images\OS New folder (8) Images\8018 Big BORDER 250.JPG,,high
R1048,37,8057,kp,d. green,924 Raj,109 Royal,763 Royal,,,,,Jeetubhai Images\OS New folder (8) Images\8057 KP 200.BMP,67 Pcs; shared with 9082,high
R1049,37,8057,kp,l. green,189 Raj,109 Royal,343 Royal,,,,,Jeetubhai Images\OS New folder (8) Images\8057 KP 200.BMP,95 Pcs; shared with 9082,high
R1050,37,8057,kp,purple,147 DT Raj,109 Royal,376 Royal,,,,,Jeetubhai Images\OS New folder (8) Images\8057 KP 200.BMP,88 Pcs; shared with 9082,high
R1054,37,9059,cp,brown,190 Raj,825 Royal,315 Royal,,,,,Jeetubhai Images\OS New folder (9) Images\9059 Border CP 250.JPG|Jeetubhai Images\OS New folder (9) Images\9059 Neck CP 250.JPG,,high
R1055,37,9059,cp,green,316 D Raj,100 Royal,804 Raj,,,,,Jeetubhai Images\OS New folder (9) Images\9059 Border CP 250.JPG|Jeetubhai Images\OS New folder (9) Images\9059 Neck CP 250.JPG,,high
R1056,37,9059,cp,purple,316 D Raj,728 Raj,727 L Raj,,,,,Jeetubhai Images\OS New folder (9) Images\9059 Border CP 250.JPG|Jeetubhai Images\OS New folder (9) Images\9059 Neck CP 250.JPG,,high
R1058,37,9082,neck,d. green,924 Raj,109 Royal,763 Royal,,,,,Jeetubhai Images\OS New folder (9) Images\9082 Neck.JPG,67 Pcs,high
R1059,37,9082,neck,l. green,189 Raj,109 Royal,343 Royal,,,,,Jeetubhai Images\OS New folder (9) Images\9082 Neck.JPG,95 Pcs,high
R1060,37,9082,neck,purple,147 DT Raj,109 Royal,376 Royal,,,,,Jeetubhai Images\OS New folder (9) Images\9082 Neck.JPG,88 Pcs,high
R1061,37,9083,neck,brown,825 Royal,190 Raj,1181 Royal,,,,jari 6,Jeetubhai Images\OS New folder (9) Images\9083 Neck.JPG,,medium
R1062,37,9083,neck,green,100 Royal,316 D Raj,1181 Royal,,,,,Jeetubhai Images\OS New folder (9) Images\9083 Neck.JPG,,medium
R1063,37,9083,neck,wine,728 Raj,316 D Raj,1181 Royal,,,,,Jeetubhai Images\OS New folder (9) Images\9083 Neck.JPG,,medium
R1064,37,9085,neck,d. green,335 Royal,305 D Royal,97 Royal,,,,,Jeetubhai Images\OS New folder (9) Images\9085 Neck 250.JPG|Jeetubhai Images\OS New folder (9) Images\9085 Neck.JPG,69 Pcs,high
R1065,37,9085,neck,l. green,335 Royal,715 Royal,103 L Raj,,,,,Jeetubhai Images\OS New folder (9) Images\9085 Neck 250.JPG|Jeetubhai Images\OS New folder (9) Images\9085 Neck.JPG,66 Pcs,high
R1066,37,9085,neck,yellow,335 Royal,845 Royal,790 Royal,,,,jari 6,Jeetubhai Images\OS New folder (9) Images\9085 Neck 250.JPG|Jeetubhai Images\OS New folder (9) Images\9085 Neck.JPG,67 Pcs,high
R1067,38,1101,top+astin,fawn,792 D Royal,LG,A 60,,,,,,Top 20x5=100,medium
R1068,38,1101,top+astin,green,105 NL Royal,4G,A-60,,,,,,,high
R1069,38,1101,top+astin,grey,729 Royal,4G,A-60,,,,,,,high
R1070,38,1101,top+astin,peach,343 Royal,4G,A-60,,,,,,,high
R1071,38,1101,top+astin,pink,765 Royal,4G,A-60,,,,,,Astin 20x5=100,high
R1072,38,1102,neck+daman+astin border+butti,d. green,776 Royal,309 Royal,104 NL Royal,,,,,,,high
R1073,38,1102,neck+daman+astin border+butti,d. pink,23 Royal,53 Royal,911 Royal,,,,Gold 6,,,high
R1074,38,1102,neck+daman+astin border+butti,fawn,789 DD Royal,343 Royal,792 Royal,,,,,,,high
R1075,38,1102,neck+daman+astin border+butti,l. green,117 Royal,188 T Raj,357 Royal,,,,,,,high
R1076,38,5033,cp,blue,804 Royal,832 Royal,84 Royal,,,,,Jeetubhai Images\OS New folder (5) Images\5033 Neck 400.BMP,,high
R1077,38,5033,cp,pink,728 DR Raj,6 Raj,362 Raj,,,,,Jeetubhai Images\OS New folder (5) Images\5033 Neck 400.BMP,,high
R1078,38,5033,cp,yellow,824 Royal,112 N Raj,725 Raj,,,,,Jeetubhai Images\OS New folder (5) Images\5033 Neck 400.BMP,(3.25+8+10)=25.30=46.55 mtr,high
R1085,38,9055,neck,firozi,33 S Royal,832 Royal,804 Royal,,,,Gold 6,Jeetubhai Images\OS New folder (9) Images\9055 Neck 250.JPG,8.50mtr,high
R1086,38,9055,neck,pink,33 S Royal,362 Raj,728 DR Raj,,,,,Jeetubhai Images\OS New folder (9) Images\9055 Neck 250.JPG,9.50mtr,high
R1087,38,9055,neck,yellow,33 S Royal,112 N Raj,824 Royal,,,,,Jeetubhai Images\OS New folder (9) Images\9055 Neck 250.JPG,9.50mtr,high
R1089,38,9079,neck,firozi,33 S Royal,832 Royal,804 Royal,,,,Gold 6,Jeetubhai Images\OS New folder (9) Images\9079 Neck 400.JPG,8.50mtr; shared with 9055,high
R1090,38,9079,neck,pink,33 S Royal,362 Raj,728 DR Raj,,,,,Jeetubhai Images\OS New folder (9) Images\9079 Neck 400.JPG,9.50mtr; shared with 9055,high
R1091,38,9079,neck,yellow,33 S Royal,112 N Raj,824 Royal,,,,,Jeetubhai Images\OS New folder (9) Images\9079 Neck 400.JPG,9.50mtr; shared with 9055,high
R1094,39,8055,neck+border,fawn,90 D Royal,118 Royal,234 Royal,,,,,Jeetubhai Images\OS New folder (8) Images\8055 Neck+Border.BMP|Jeetubhai Images\OS New folder (8) Images\8055 Border 200.BMP|Jeetubhai Images\OS New folder (8) Images\8055 Neck.BMP,,medium
R1095,39,8055,neck+border,green,94 U Raj,118 Royal,88 NL Royal,,,,,Jeetubhai Images\OS New folder (8) Images\8055 Neck+Border.BMP|Jeetubhai Images\OS New folder (8) Images\8055 Border 200.BMP|Jeetubhai Images\OS New folder (8) Images\8055 Neck.BMP,,high
R1096,39,8055,neck+border,grey,34 Royal,118 Royal,727 L Raj,,,,,Jeetubhai Images\OS New folder (8) Images\8055 Neck+Border.BMP|Jeetubhai Images\OS New folder (8) Images\8055 Border 200.BMP|Jeetubhai Images\OS New folder (8) Images\8055 Neck.BMP,,high
R1097,39,8055,neck+border,rust,90 NL Royal,118 Royal,720 Royal,,,,,Jeetubhai Images\OS New folder (8) Images\8055 Neck+Border.BMP|Jeetubhai Images\OS New folder (8) Images\8055 Border 200.BMP|Jeetubhai Images\OS New folder (8) Images\8055 Neck.BMP,5 Box,high
R1098,39,9088,neck+daman,firozi,722 D Royal,73 LL Raj,73 N Raj,,,,,Jeetubhai Images\OS New folder (9) Images\9088 2 Daman.JPG|Jeetubhai Images\OS New folder (9) Images\9088 Neck 400.JPG,,high
R1099,39,9088,neck+daman,green,343 Royal,733 L Raj,846 Royal,,,,,Jeetubhai Images\OS New folder (9) Images\9088 2 Daman.JPG|Jeetubhai Images\OS New folder (9) Images\9088 Neck 400.JPG,Neck 1-2-1-1-1-3-1; Daman 1-2-1-3,high
R1100,39,9088,neck+daman,grey,34 DD Raj,31 L Royal,33 S Royal,,,,,Jeetubhai Images\OS New folder (9) Images\9088 2 Daman.JPG|Jeetubhai Images\OS New folder (9) Images\9088 Neck 400.JPG,,high
R1101,39,9088,neck+daman,pink,305 D Royal,305 Raj,91 N Royal,,,,,Jeetubhai Images\OS New folder (9) Images\9088 2 Daman.JPG|Jeetubhai Images\OS New folder (9) Images\9088 Neck 400.JPG,,high
R1102,39,9088,neck+daman,yellow,186 Raj,37 LL Royal,805 Raj,,,,,Jeetubhai Images\OS New folder (9) Images\9088 2 Daman.JPG|Jeetubhai Images\OS New folder (9) Images\9088 Neck 400.JPG,,high
R1103,39,9096,neck+border,peach,33 S Royal,102 D Royal,118 LL Royal,,,,,Jeetubhai Images\OS New folder (9) Images\9096 Border 200.JPG|Jeetubhai Images\OS New folder (9) Images\9096 Border.JPG|Jeetubhai Images\OS New folder (9) Images\9096 Neck 400.JPG,102 Pcs,high
R1104,39,9096,neck+border,pink,335 Royal,74 N Raj,118 LL Royal,,,,,Jeetubhai Images\OS New folder (9) Images\9096 Border 200.JPG|Jeetubhai Images\OS New folder (9) Images\9096 Border.JPG|Jeetubhai Images\OS New folder (9) Images\9096 Neck 400.JPG,108 Pcs,medium
R1105,39,9096,neck+border,yellow,727 S Royal,756 Royal,118 LL Royal,,,,,Jeetubhai Images\OS New folder (9) Images\9096 Border 200.JPG|Jeetubhai Images\OS New folder (9) Images\9096 Border.JPG|Jeetubhai Images\OS New folder (9) Images\9096 Neck 400.JPG,106 Pcs,medium
R1106,39,9097,neck+butti+border,blue,36 Royal,731 L Royal,15 Royal,797 Royal,48 D Royal,,jari under n1,Jeetubhai Images\OS New folder (9) Images\9097 Border 250.JPG|Jeetubhai Images\OS New folder (9) Images\9097 Butti.JPG|Jeetubhai Images\OS New folder (9) Images\9097 Neck.JPG,n6=412 Royal,high
R1107,39,9097,neck+butti+border,chiku,742 D Royal,789 DD Royal,72 Royal,130 D Royal,412 Royal,,,Jeetubhai Images\OS New folder (9) Images\9097 Border 250.JPG|Jeetubhai Images\OS New folder (9) Images\9097 Butti.JPG|Jeetubhai Images\OS New folder (9) Images\9097 Neck.JPG,n6=29 Royal,high
R1108,39,9097,neck+butti+border,chiku,742 Royal,789 DD Royal,72 Royal,130 D Royal,412 Royal,,,Jeetubhai Images\OS New folder (9) Images\9097 Border 250.JPG|Jeetubhai Images\OS New folder (9) Images\9097 Butti.JPG|Jeetubhai Images\OS New folder (9) Images\9097 Neck.JPG,n6=29 Royal; second block 30x4=120 Pcs,high
R1109,39,9097,neck+butti+border,firozi,788 Royal,797 Royal,412 Royal,15 Royal,130 D Royal,,,Jeetubhai Images\OS New folder (9) Images\9097 Border 250.JPG|Jeetubhai Images\OS New folder (9) Images\9097 Butti.JPG|Jeetubhai Images\OS New folder (9) Images\9097 Neck.JPG,n6=48 D Royal,high
R1110,39,9097,neck+butti+border,green,36 Royal,731 L Royal,15 Royal,797 Royal,48 D Royal,,jari under n1,Jeetubhai Images\OS New folder (9) Images\9097 Border 250.JPG|Jeetubhai Images\OS New folder (9) Images\9097 Butti.JPG|Jeetubhai Images\OS New folder (9) Images\9097 Neck.JPG,n6=412 Royal; second block,high
R1111,39,9097,neck+butti+border,grey,176 Royal,342 Royal,44 Royal,59 Royal,15 Royal,,,Jeetubhai Images\OS New folder (9) Images\9097 Border 250.JPG|Jeetubhai Images\OS New folder (9) Images\9097 Butti.JPG|Jeetubhai Images\OS New folder (9) Images\9097 Neck.JPG,n6=47 Royal,high
R1112,39,9097,neck+butti+border,pink,130 D Royal,412 Royal,59 Royal,342 Royal,843 Royal,,,Jeetubhai Images\OS New folder (9) Images\9097 Border 250.JPG|Jeetubhai Images\OS New folder (9) Images\9097 Butti.JPG|Jeetubhai Images\OS New folder (9) Images\9097 Neck.JPG,n6=28 Royal; 24x5=120 Pcs,high
R1113,39,9097,neck+butti+border,white,15 Royal,47 Royal,59 Royal,117 Royal,213 D Royal,,,Jeetubhai Images\OS New folder (9) Images\9097 Border 250.JPG|Jeetubhai Images\OS New folder (9) Images\9097 Butti.JPG|Jeetubhai Images\OS New folder (9) Images\9097 Neck.JPG,n6 in notes incomplete; second block,medium
R1116,40,6040,kp,black,102 Royal,8 NL Royal,710 D Royal,,,,,Jeetubhai Images\OS New folder (6) Images\6040 KP 250.JPG,,high
R1117,40,6040,kp,blue,86 Raj,8 NL Royal,102 Royal,,,,,Jeetubhai Images\OS New folder (6) Images\6040 KP 250.JPG,,high
R1118,40,6040,kp,wine,767 Royal,235 Royal,102 Royal,,,,,Jeetubhai Images\OS New folder (6) Images\6040 KP 250.JPG,,high
R1119,40,7066,kp,black,8 NL Royal,119 Royal,795 Royal,,,,,Jeetubhai Images\OS New folder (7) Images\7066 KP 200.JPG,,high
R1120,40,7066,kp,blue,8 NL Royal,119 Royal,795 Royal,,,,,Jeetubhai Images\OS New folder (7) Images\7066 KP 200.JPG,,high
R1121,40,7066,kp,wine,8 NL Royal,119 Royal,235 Royal,,,,,Jeetubhai Images\OS New folder (7) Images\7066 KP 200.JPG,,high
R1122,40,7069,kp,cream,90 N Royal,8 NL Royal,710 Royal,,,,,Jeetubhai Images\OS New folder (7) Images\7069 KP 250.JPG,,high
R1123,40,7069,kp,red,834 DD Raj,318 Royal,795 Royal,,,,,Jeetubhai Images\OS New folder (7) Images\7069 KP 250.JPG,,high
R1124,40,7069,kp,yellow,8 NL Royal,318 Royal,90 N Royal,,,,,Jeetubhai Images\OS New folder (7) Images\7069 KP 250.JPG,,high
R1125,40,8073,kp,blue,90 N Royal,8 Royal,118 Royal,,,,,Jeetubhai Images\OS New folder (8) Images\8073 KP 400.BMP,20 Pcs,high
R1126,40,8073,kp,firozi,90 N Royal,8 Royal,118 Royal,,,,,Jeetubhai Images\OS New folder (8) Images\8073 KP 400.BMP,16 Pcs,high
R1127,40,8073,kp,green,90 N Royal,8 Royal,118 Royal,,,,,Jeetubhai Images\OS New folder (8) Images\8073 KP 400.BMP,26 Pcs,high
R1128,40,8073,kp,red,105 D Royal,834 DD Raj,118 Royal,,,,,Jeetubhai Images\OS New folder (8) Images\8073 KP 400.BMP,20 Pcs,high
R1129,40,9030,kp,blue,8 NL Royal,90 N Royal,121 Raj,,,,,Jeetubhai Images\OS New folder (9) Images\9030 KP 250.JPG,shared with 9086/9083,high
R1130,40,9030,kp,green,8 NL Royal,105 D Royal,121 Raj,,,,,Jeetubhai Images\OS New folder (9) Images\9030 KP 250.JPG,shared with 9086/9083,high
R1131,40,9030,kp,maroon,105 D Royal,8 NL Royal,121 Raj,,,,,Jeetubhai Images\OS New folder (9) Images\9030 KP 250.JPG,shared with 9086/9083,high
R1132,40,9030,kp,red,834 DD Raj,105 D Royal,121 Raj,,,circle-dot under col3,,Jeetubhai Images\OS New folder (9) Images\9030 KP 250.JPG,shared with 9086/9083,medium
R1133,40,9043,kp,black,753 Royal,795 Royal,8 NL Royal,,,,,Jeetubhai Images\OS New folder (9) Images\9043 KP 200.JPG,20 Pcs; shared with 9078,high
R1134,40,9043,kp,blue,8 NL Royal,315 Raj,795 Royal,,,,,Jeetubhai Images\OS New folder (9) Images\9043 KP 200.JPG,25 Pcs; shared with 9078,high
R1135,40,9043,kp,green,795 Royal,8 NL Royal,315 Raj,,,,,Jeetubhai Images\OS New folder (9) Images\9043 KP 200.JPG,16 Pcs; shared with 9078,high
R1136,40,9043,kp,maroon,834 DD Raj,731 D Royal,315 D Royal,,,,,Jeetubhai Images\OS New folder (9) Images\9043 KP 200.JPG,18 Pcs; shared with 9078,high
R1137,40,9078,neck,black,753 Royal,795 Royal,8 NL Royal,,,,,Jeetubhai Images\OS New folder (9) Images\9078 Neck 400.JPG,20 Pcs,high
R1138,40,9078,neck,blue,8 NL Royal,315 Raj,795 Royal,,,,,Jeetubhai Images\OS New folder (9) Images\9078 Neck 400.JPG,25 Pcs,high
R1139,40,9078,neck,green,795 Royal,8 NL Royal,315 Raj,,,,,Jeetubhai Images\OS New folder (9) Images\9078 Neck 400.JPG,16 Pcs,high
R1140,40,9078,neck,maroon,834 DD Raj,731 D Royal,315 D Royal,,,,,Jeetubhai Images\OS New folder (9) Images\9078 Neck 400.JPG,18 Pcs,high
R1141,40,9083,neck,blue,8 NL Royal,90 N Royal,121 Raj,,,,,Jeetubhai Images\OS New folder (9) Images\9083 Neck.JPG,shared with 9086/9030,high
R1142,40,9083,neck,green,8 NL Royal,105 D Royal,121 Raj,,,,,Jeetubhai Images\OS New folder (9) Images\9083 Neck.JPG,shared with 9086/9030,high
R1143,40,9083,neck,maroon,105 D Royal,8 NL Royal,121 Raj,,,,,Jeetubhai Images\OS New folder (9) Images\9083 Neck.JPG,shared with 9086/9030,high
R1144,40,9083,neck,red,834 DD Raj,105 D Royal,121 Raj,,,circle-dot under col3,,Jeetubhai Images\OS New folder (9) Images\9083 Neck.JPG,shared with 9086/9030,medium
R1145,40,9085,neck,blue,105 Royal,318 Royal,8 NL Royal,,,,,Jeetubhai Images\OS New folder (9) Images\9085 Neck 250.JPG|Jeetubhai Images\OS New folder (9) Images\9085 Neck.JPG,25 Pcs,high
R1146,40,9085,neck,cream,710 Royal,8 NL Royal,90 N Royal,,,,,Jeetubhai Images\OS New folder (9) Images\9085 Neck 250.JPG|Jeetubhai Images\OS New folder (9) Images\9085 Neck.JPG,16 Pcs,high
R1147,40,9085,neck,red,795 Royal,318 Royal,834 DD Raj,,,,,Jeetubhai Images\OS New folder (9) Images\9085 Neck 250.JPG|Jeetubhai Images\OS New folder (9) Images\9085 Neck.JPG,13 Pcs,high
R1148,40,9085,neck,yellow,90 N Royal,318 Royal,8 NL Royal,,,,,Jeetubhai Images\OS New folder (9) Images\9085 Neck 250.JPG|Jeetubhai Images\OS New folder (9) Images\9085 Neck.JPG,21 Pcs,high
R1149,40,9086,neck,blue,8 NL Royal,90 N Royal,121 Raj,,,,,Jeetubhai Images\OS New folder (9) Images\9086 Neck.JPG,,high
R1150,40,9086,neck,green,8 NL Royal,105 D Royal,121 Raj,,,,,Jeetubhai Images\OS New folder (9) Images\9086 Neck.JPG,,high
R1151,40,9086,neck,maroon,105 D Royal,8 NL Royal,121 Raj,,,,,Jeetubhai Images\OS New folder (9) Images\9086 Neck.JPG,,high
R1152,40,9086,neck,red,834 DD Raj,105 D Royal,121 Raj,,,circle-dot under col3,,Jeetubhai Images\OS New folder (9) Images\9086 Neck.JPG,,medium
R1153,40,9095,neck+astin butta+astin border,firozi,721 Raj,190 Raj,722 Royal,,,,,Jeetubhai Images\OS New folder (9) Images\9095 Astin Butta 200.JPG|Jeetubhai Images\OS New folder (9) Images\9095 Border 200.JPG|Jeetubhai Images\OS New folder (9) Images\9095 Neck 400.JPG,86 Pcs,high
R1154,40,9095,neck+astin butta+astin border,orange,784 Royal,190 Raj,720 Royal,,,,,Jeetubhai Images\OS New folder (9) Images\9095 Astin Butta 200.JPG|Jeetubhai Images\OS New folder (9) Images\9095 Border 200.JPG|Jeetubhai Images\OS New folder (9) Images\9095 Neck 400.JPG,86 Pcs,high
R1155,40,9095,neck+astin butta+astin border,pink,716 L Raj,190 Raj,766 Royal,,,,,Jeetubhai Images\OS New folder (9) Images\9095 Astin Butta 200.JPG|Jeetubhai Images\OS New folder (9) Images\9095 Border 200.JPG|Jeetubhai Images\OS New folder (9) Images\9095 Neck 400.JPG,88 Pcs,high
R1156,41,8020,top+astin border,black,34 S Royal,791 Royal,104 N Royal,31 S Royal,31 U Royal,,,Jeetubhai Images\OS New folder (8) Images\8020 BORDER 250.JPG,,high
R1157,41,8020,top+astin border,d. pink,775 Royal,75 Royal,35 L Royal,49 U Royal,91 N Royal,,,Jeetubhai Images\OS New folder (8) Images\8020 BORDER 250.JPG,,high
R1158,41,8020,top+astin border,grey,34 S Royal,722 Royal,775 L Royal,49 U Royal,31 Royal,,,Jeetubhai Images\OS New folder (8) Images\8020 BORDER 250.JPG,,high
R1159,41,8020,top+astin border,l. green,813 D Royal,104 L Royal,775 Royal,49 U Royal,74 Royal,,,Jeetubhai Images\OS New folder (8) Images\8020 BORDER 250.JPG,,high
R1160,41,8020,top+astin border,l. pink,305 D Royal,17 N Royal,75 Royal,33 S Royal,65 Royal,,,Jeetubhai Images\OS New folder (8) Images\8020 BORDER 250.JPG,,high
R1161,41,8020,top+astin border,yellow,121 D Royal,775 Royal,117 Royal,33 S Royal,49 Royal,,,Jeetubhai Images\OS New folder (8) Images\8020 BORDER 250.JPG,,high
R1162,41,9049,kp,black,105 D Royal,MD Royal,937 Raj,,,,,Jeetubhai Images\OS New folder (9) Images\9049 KP 200.JPG,36 Pcs,medium
R1163,41,9049,kp,firozi,834 DD Raj,105 D Royal,8 N Raj,,,,,Jeetubhai Images\OS New folder (9) Images\9049 KP 200.JPG,50 Pcs,high
R1164,41,9049,kp,red,713 Royal,105 D Royal,834 DD Raj,,,,,Jeetubhai Images\OS New folder (9) Images\9049 KP 200.JPG,38 Pcs,high
R1165,41,9049,kp,yellow,8 N Raj,87 D Raj,LMD Raj,,,,,Jeetubhai Images\OS New folder (9) Images\9049 KP 200.JPG,29 Pcs,medium
R1166,41,9057,neck,black,105 D Royal,MD Royal,937 Raj,,,,,Jeetubhai Images\OS New folder (9) Images\9057 Neck 250.JPG,36 Pcs,medium
R1167,41,9057,neck,firozi,834 DD Raj,105 D Royal,8 N Raj,,,,,Jeetubhai Images\OS New folder (9) Images\9057 Neck 250.JPG,50 Pcs,high
R1168,41,9057,neck,red,713 Royal,105 D Royal,834 DD Raj,,,,,Jeetubhai Images\OS New folder (9) Images\9057 Neck 250.JPG,38 Pcs,high
R1169,41,9057,neck,yellow,8 N Raj,87 D Raj,LMD Raj,,,,,Jeetubhai Images\OS New folder (9) Images\9057 Neck 250.JPG,29 Pcs,medium
R1171,41,9080,neck,black,105 D Royal,MD Royal,937 Raj,,,,,Jeetubhai Images\OS New folder (9) Images\9080 Neck 250.JPG,36 Pcs,medium
R1172,41,9080,neck,firozi,834 DD Raj,105 D Royal,8 N Raj,,,,,Jeetubhai Images\OS New folder (9) Images\9080 Neck 250.JPG,50 Pcs,high
R1173,41,9080,neck,red,713 Royal,105 D Royal,834 DD Raj,,,,,Jeetubhai Images\OS New folder (9) Images\9080 Neck 250.JPG,38 Pcs,high
R1174,41,9080,neck,yellow,8 N Raj,87 D Raj,LMD Raj,,,,,Jeetubhai Images\OS New folder (9) Images\9080 Neck 250.JPG,29 Pcs,medium
R1175,41,9091,neck+kali+border+small border,black,315 Royal,76 Royal,144 Royal,791 Royal,,,,Jeetubhai Images\OS New folder (9) Images\9091 Astin Border 250.JPG|Jeetubhai Images\OS New folder (9) Images\9091 Big Border 250.JPG|Jeetubhai Images\OS New folder (9) Images\9091 Neck 400.JPG,64 Pcs,high
R1176,41,9091,neck+kali+border+small border,blue,76 Royal,315 Royal,97 Royal,776 Royal,,,,Jeetubhai Images\OS New folder (9) Images\9091 Astin Border 250.JPG|Jeetubhai Images\OS New folder (9) Images\9091 Big Border 250.JPG|Jeetubhai Images\OS New folder (9) Images\9091 Neck 400.JPG,48 Pcs,high
R1177,41,9091,neck+kali+border+small border,brown,222 D Raj,59 Royal,792 D Royal,764 Royal,,,,Jeetubhai Images\OS New folder (9) Images\9091 Astin Border 250.JPG|Jeetubhai Images\OS New folder (9) Images\9091 Big Border 250.JPG|Jeetubhai Images\OS New folder (9) Images\9091 Neck 400.JPG,60 Pcs,high
R1178,41,9091,neck+kali+border+small border,grey,775 Royal,188 T Raj,711 Royal,412 Royal,,,,Jeetubhai Images\OS New folder (9) Images\9091 Astin Border 250.JPG|Jeetubhai Images\OS New folder (9) Images\9091 Big Border 250.JPG|Jeetubhai Images\OS New folder (9) Images\9091 Neck 400.JPG,64 Pcs,high
R1179,41,9091,neck+kali+border+small border,pink,117 Royal,356 Royal,309 Royal,222 D Royal,,,,Jeetubhai Images\OS New folder (9) Images\9091 Astin Border 250.JPG|Jeetubhai Images\OS New folder (9) Images\9091 Big Border 250.JPG|Jeetubhai Images\OS New folder (9) Images\9091 Neck 400.JPG,60 Pcs,high
R1180,41,9091,neck+kali+border+small border,wine,342 Royal,775 Royal,711 Royal,188 T Raj,,,,Jeetubhai Images\OS New folder (9) Images\9091 Astin Border 250.JPG|Jeetubhai Images\OS New folder (9) Images\9091 Big Border 250.JPG|Jeetubhai Images\OS New folder (9) Images\9091 Neck 400.JPG,64 Pcs,high
R1181,41,9092,neck,grey,28 Royal,86 Royal,368 Royal,,,,,Jeetubhai Images\OS New folder (9) Images\9092 Neck 400.JPG,29,high
R1182,41,9092,neck,l. green,419 Royal,104 N Raj,126 Royal,,,,,Jeetubhai Images\OS New folder (9) Images\9092 Neck 400.JPG,28,high
R1183,41,9092,neck,offwhite,754 Royal,813 Royal,825 Royal,,,,,Jeetubhai Images\OS New folder (9) Images\9092 Neck 400.JPG,28,high
R1184,41,9092,neck,orange,23 T Raj,707 D Royal,358 Royal,,,,,Jeetubhai Images\OS New folder (9) Images\9092 Neck 400.JPG,34,high
R1192,42,8017,top+big border+small border,cream,117 Royal,17 N Royal,62 Royal,797 Royal,,,,Jeetubhai Images\OS New folder (8) Images\8017 BORDER 200.JPG|Jeetubhai Images\OS New folder (8) Images\8017 Big BORDER 200.JPG,,high
R1193,42,8017,top+big border+small border,d green,775 Royal,188 T Raj,789 D Royal,412 Royal,,,,Jeetubhai Images\OS New folder (8) Images\8017 BORDER 200.JPG|Jeetubhai Images\OS New folder (8) Images\8017 Big BORDER 200.JPG,,high
R1194,42,8017,top+big border+small border,d. pink,62 Royal,130 D Royal,412 Royal,35 Royal,,,,Jeetubhai Images\OS New folder (8) Images\8017 BORDER 200.JPG|Jeetubhai Images\OS New folder (8) Images\8017 Big BORDER 200.JPG,,high
R1195,42,8017,top+big border+small border,fawn,313 Royal,188 T Raj,792 Royal,711 Royal,,,,Jeetubhai Images\OS New folder (8) Images\8017 BORDER 200.JPG|Jeetubhai Images\OS New folder (8) Images\8017 Big BORDER 200.JPG,,medium
R1196,42,8017,top+big border+small border,green,809 Royal,35 L Royal,46 Royal,17 N Royal,,,,Jeetubhai Images\OS New folder (8) Images\8017 BORDER 200.JPG|Jeetubhai Images\OS New folder (8) Images\8017 Big BORDER 200.JPG,,high
R1197,42,8017,top+big border+small border,l. pink,130 Royal,797 Royal,35 L Royal,354 Royal,,,,Jeetubhai Images\OS New folder (8) Images\8017 BORDER 200.JPG|Jeetubhai Images\OS New folder (8) Images\8017 Big BORDER 200.JPG,,medium
R1198,42,8018,top p1/p2+daman+border,cream,143 Raj,766 Royal,188 T Raj,335 Royal,110 L Royal,,,Jeetubhai Images\OS New folder (8) Images\8018 BORDER 250.JPG|Jeetubhai Images\OS New folder (8) Images\8018 Big BORDER 250.JPG,,high
R1199,42,8018,top p1/p2+daman+border,firozi,188 Raj,412 Royal,789 DD Royal,767 Royal,813 Royal,,,Jeetubhai Images\OS New folder (8) Images\8018 BORDER 250.JPG|Jeetubhai Images\OS New folder (8) Images\8018 Big BORDER 250.JPG,,high
R1200,42,8018,top p1/p2+daman+border,green,33 L Royal,17 Royal,809 Royal,791 Royal,144 Raj,,,Jeetubhai Images\OS New folder (8) Images\8018 BORDER 250.JPG|Jeetubhai Images\OS New folder (8) Images\8018 Big BORDER 250.JPG,,medium
R1201,42,8018,top p1/p2+daman+border,pink,17 N Royal,75 Royal,117 Royal,35 L Royal,305 D Raj,,,Jeetubhai Images\OS New folder (8) Images\8018 BORDER 250.JPG|Jeetubhai Images\OS New folder (8) Images\8018 Big BORDER 250.JPG,,high
R1202,42,8018,top p1/p2+daman+border,pista,731 L Royal,35 Royal,117 Royal,357 Royal,38 D Raj,,,Jeetubhai Images\OS New folder (8) Images\8018 BORDER 250.JPG|Jeetubhai Images\OS New folder (8) Images\8018 Big BORDER 250.JPG,,high
R1203,42,8018,top p1/p2+daman+border,yellow,911 Royal,775 Royal,17 N Royal,117 Royal,121 D Raj,,,Jeetubhai Images\OS New folder (8) Images\8018 BORDER 250.JPG|Jeetubhai Images\OS New folder (8) Images\8018 Big BORDER 250.JPG,,high
R1204,42,8059,neck+border,blue,702 D Royal,710 Raj,702 D Royal,842 Royal,,,,Jeetubhai Images\OS New folder (8) Images\8059 Neck+Border.BMP|Jeetubhai Images\OS New folder (8) Images\8059 Border 200.BMP|Jeetubhai Images\OS New folder (8) Images\8059 Neck.BMP,,high
R1205,42,8059,neck+border,green,123 Raj,LM LL Royal,123 Raj,804 Raj,,,,Jeetubhai Images\OS New folder (8) Images\8059 Neck+Border.BMP|Jeetubhai Images\OS New folder (8) Images\8059 Border 200.BMP|Jeetubhai Images\OS New folder (8) Images\8059 Neck.BMP,,high
R1206,42,8059,neck+border,maroon,363 R Raj,716 Royal,363 R Raj,82 Raj,,,,Jeetubhai Images\OS New folder (8) Images\8059 Neck+Border.BMP|Jeetubhai Images\OS New folder (8) Images\8059 Border 200.BMP|Jeetubhai Images\OS New folder (8) Images\8059 Neck.BMP,,high
R1207,42,8060,neck+border,brown,127 L Royal,118 U Royal,751 Royal,,,,,Jeetubhai Images\OS New folder (8) Images\8060 Neck+Border.BMP|Jeetubhai Images\OS New folder (8) Images\8060 Neck.BMP,,high
R1208,42,8060,neck+border,firozi,84 Royal,311 L Royal,751 Royal,,,,,Jeetubhai Images\OS New folder (8) Images\8060 Neck+Border.BMP|Jeetubhai Images\OS New folder (8) Images\8060 Neck.BMP,,high
R1209,42,8060,neck+border,green,339 Raj,321 Raj,751 Royal,,,,,Jeetubhai Images\OS New folder (8) Images\8060 Neck+Border.BMP|Jeetubhai Images\OS New folder (8) Images\8060 Neck.BMP,,high
R1211,42,9065,neck+border,black,97 Royal,790 Royal,792 D Royal,,,,,Jeetubhai Images\OS New folder (9) Images\9065 Border.JPG,,high
R1212,42,9065,neck+border,chiku,97 Royal,790 Royal,792 D Royal,,,,,Jeetubhai Images\OS New folder (9) Images\9065 Border.JPG,,high
R1213,42,9065,neck+border,fawn,97 Royal,790 Royal,792 D Royal,,,,,Jeetubhai Images\OS New folder (9) Images\9065 Border.JPG,,medium
R1214,42,9065,neck+border,firozi,23 Raj,790 Royal,792 D Royal,,,,,Jeetubhai Images\OS New folder (9) Images\9065 Border.JPG,,high
R1215,42,9065,neck+border,n. blue,97 Royal,790 Royal,792 D Royal,,,,,Jeetubhai Images\OS New folder (9) Images\9065 Border.JPG,,high
R1216,42,9065,neck+border,purple,97 Royal,790 Royal,792 D Royal,,,,,Jeetubhai Images\OS New folder (9) Images\9065 Border.JPG,,high
R1217,43,7084,neck+astin border,pink,314 Raj,314 Raj,49 LL Royal,190 Raj,,,,Jeetubhai Images\OS New folder (7) Images\7084 Border 200.JPG|Jeetubhai Images\OS New folder (7) Images\7084 Nake 400 2.JPG|Jeetubhai Images\OS New folder (7) Images\7084 Nake 400.JPG,,high
R1218,43,7084,neck+astin border,rama,314 Raj,75 N Raj,49 LL Royal,190 Raj,,,,Jeetubhai Images\OS New folder (7) Images\7084 Border 200.JPG|Jeetubhai Images\OS New folder (7) Images\7084 Nake 400 2.JPG|Jeetubhai Images\OS New folder (7) Images\7084 Nake 400.JPG,Rama=81 Pink=78 Yellow=74,high
R1219,43,7084,neck+astin border,yellow,314 Raj,54 Royal,49 LL Royal,190 Raj,,,,Jeetubhai Images\OS New folder (7) Images\7084 Border 200.JPG|Jeetubhai Images\OS New folder (7) Images\7084 Nake 400 2.JPG|Jeetubhai Images\OS New folder (7) Images\7084 Nake 400.JPG,,high
R1224,43,9064,neck,blue,719 L Royal,820 Royal,840 LL Royal,,,,,Jeetubhai Images\OS New folder (9) Images\9064 Neck 400.JPG,,high
R1225,43,9064,neck,peach,704 Royal,820 Royal,94 Royal,,,,,Jeetubhai Images\OS New folder (9) Images\9064 Neck 400.JPG,,high
R1226,43,9064,neck,pink,73 N Raj,820 Royal,66 Raj,,,,,Jeetubhai Images\OS New folder (9) Images\9064 Neck 400.JPG,,high
R1230,43,9087,neck+border,green,190 Raj,110 Royal,764 Royal,,,,,Jeetubhai Images\OS New folder (9) Images\9087 Neck.JPG|Jeetubhai Images\OS New folder (9) Images\9087 border 250.JPG,28 Pcs,high
R1231,43,9087,neck+border,rust,190 Raj,110 Royal,707 Royal,,,,,Jeetubhai Images\OS New folder (9) Images\9087 Neck.JPG|Jeetubhai Images\OS New folder (9) Images\9087 border 250.JPG,43 Pcs,high
R1232,43,9087,neck+border,yellow,190 Raj,110 Royal,188 Raj,,,,,Jeetubhai Images\OS New folder (9) Images\9087 Neck.JPG|Jeetubhai Images\OS New folder (9) Images\9087 border 250.JPG,27 Pcs,high
R1233,43,9088,neck+daman,blue,87 Raj,83 Raj,722 Royal,,,,,Jeetubhai Images\OS New folder (9) Images\9088 2 Daman.JPG|Jeetubhai Images\OS New folder (9) Images\9088 Neck 400.JPG,,high
R1234,43,9088,neck+daman,c. green,87 D Royal,731 Royal,60 Royal,,,,,Jeetubhai Images\OS New folder (9) Images\9088 2 Daman.JPG|Jeetubhai Images\OS New folder (9) Images\9088 Neck 400.JPG,,high
R1235,43,9088,neck+daman,green,,736 Royal,143 Royal,,,,,Jeetubhai Images\OS New folder (9) Images\9088 2 Daman.JPG|Jeetubhai Images\OS New folder (9) Images\9088 Neck 400.JPG,,medium
R1236,43,9088,neck+daman,grey,34 Royal,751 Royal,752 Royal,,,,,Jeetubhai Images\OS New folder (9) Images\9088 2 Daman.JPG|Jeetubhai Images\OS New folder (9) Images\9088 Neck 400.JPG,,high
R1237,43,9088,neck+daman,pink,359 Royal,305 Royal,357 Royal,,,,,Jeetubhai Images\OS New folder (9) Images\9088 2 Daman.JPG|Jeetubhai Images\OS New folder (9) Images\9088 Neck 400.JPG,,high
R1238,43,9088,neck+daman,wine,860 Raj,362 Royal,145 R Raj,,,,,Jeetubhai Images\OS New folder (9) Images\9088 2 Daman.JPG|Jeetubhai Images\OS New folder (9) Images\9088 Neck 400.JPG,Daman 1-2-1-3; Neck 1-2-1-2-1-3-1,high
R1242,44,5032,cp,blue,110 Royal,335 Royal,818 Royal,,,,,Jeetubhai Images\OS New folder (5) Images\5032 Kurta patti.BMP,27 Pcs,high
R1243,44,5032,cp,firozi,80 Royal,335 Royal,722 D Royal,,,,,Jeetubhai Images\OS New folder (5) Images\5032 Kurta patti.BMP,27 Pcs,high
R1244,44,5032,cp,orange,840 L Royal,335 Royal,720 Royal,,,,,Jeetubhai Images\OS New folder (5) Images\5032 Kurta patti.BMP,28 Pcs,high
R1245,44,5032,cp,peach,722 D Royal,335 Royal,791 Royal,,,,,Jeetubhai Images\OS New folder (5) Images\5032 Kurta patti.BMP,29 Pcs,high
R1246,44,5032,cp,pink,367 Royal,335 Royal,357 Royal,,,,,Jeetubhai Images\OS New folder (5) Images\5032 Kurta patti.BMP,28 Pcs,high
R1247,44,5032,cp,yellow,722 D Royal,335 Royal,339 D Raj,,,,,Jeetubhai Images\OS New folder (5) Images\5032 Kurta patti.BMP,28 Pcs,high
R1252,44,9081,cp,blue,722 D Royal,234 Royal,322 Royal,842 Raj,,,,Jeetubhai Images\OS New folder (9) Images\9081 CP Border 250.JPG|Jeetubhai Images\OS New folder (9) Images\9081 CP Neck 250.JPG,,high
R1253,44,9081,cp,green,188 Raj,168 Royal,333 Royal,711 Royal,,,,Jeetubhai Images\OS New folder (9) Images\9081 CP Border 250.JPG|Jeetubhai Images\OS New folder (9) Images\9081 CP Neck 250.JPG,,high
R1254,44,9081,cp,pink,809 Royal,234 Royal,79 Royal,125 LR Royal,,,,Jeetubhai Images\OS New folder (9) Images\9081 CP Border 250.JPG|Jeetubhai Images\OS New folder (9) Images\9081 CP Neck 250.JPG,,high
R1268,45,5082,kp,orange,376 Royal,728 Royal,,,,,,Jeetubhai Images\OS New folder (5) Images\5082 Kurta patti 400.BMP,,high
R1269,45,5082,kp,peach,104 Royal,125 Royal,,,,,,Jeetubhai Images\OS New folder (5) Images\5082 Kurta patti 400.BMP,,high
R1270,45,5082,kp,purple,13 Raj,727 Raj,,,,,,Jeetubhai Images\OS New folder (5) Images\5082 Kurta patti 400.BMP,,high
R1271,45,6095,neck small,blue,222 D Raj,49 N Raj,372 L Royal,,,,jari 1,Jeetubhai Images\OS New folder (6) Images\6095 Neck 250.JPG|Jeetubhai Images\OS New folder (6) Images\6095 Neck 400.JPG,65 Pcs,high
R1272,45,6095,neck small,pink,28 Royal,49 N Raj,372 U Royal,,,,,Jeetubhai Images\OS New folder (6) Images\6095 Neck 250.JPG|Jeetubhai Images\OS New folder (6) Images\6095 Neck 400.JPG,66 Pcs,high
R1273,45,6095,neck small,white,103 Royal,49 N Raj,751 Royal,,,,,Jeetubhai Images\OS New folder (6) Images\6095 Neck 250.JPG|Jeetubhai Images\OS New folder (6) Images\6095 Neck 400.JPG,66 Pcs,medium
R1274,45,7015,cp,firozi,74 Royal,335 Royal,813 Royal,,,,,Jeetubhai Images\OS New folder (7) Images\7015 Border 250.JPG|Jeetubhai Images\OS New folder (7) Images\7015 Nake KP 250.JPG,80 Pcs,high
R1275,45,7015,cp,orange,808 Royal,335 Royal,707 Royal,,,,,Jeetubhai Images\OS New folder (7) Images\7015 Border 250.JPG|Jeetubhai Images\OS New folder (7) Images\7015 Nake KP 250.JPG,86 Pcs,high
R1276,45,7015,cp,peach,790 Royal,335 Royal,81 Royal,,,,,Jeetubhai Images\OS New folder (7) Images\7015 Border 250.JPG|Jeetubhai Images\OS New folder (7) Images\7015 Nake KP 250.JPG,86 Pcs,high
R1277,45,7015,cp,purple,27 Royal,335 Royal,362 Raj,,,,,Jeetubhai Images\OS New folder (7) Images\7015 Border 250.JPG|Jeetubhai Images\OS New folder (7) Images\7015 Nake KP 250.JPG,85 Pcs,high
R1278,45,8026,neck small,firozi,713 Royal,190 Raj,702 Royal,,,,,Jeetubhai Images\OS New folder (8) Images\8026 Neck 250.JPG,26 Pcs,high
R1279,45,8026,neck small,green,303 Royal,190 Raj,717 C Royal,,,,,Jeetubhai Images\OS New folder (8) Images\8026 Neck 250.JPG,28 Pcs,high
R1280,45,8026,neck small,grey,707 D Royal,190 Raj,305 Raj,,,,,Jeetubhai Images\OS New folder (8) Images\8026 Neck 250.JPG,21 Pcs,high
R1281,45,8026,neck small,pink,146 T Raj,190 Raj,715 L Royal,,,,,Jeetubhai Images\OS New folder (8) Images\8026 Neck 250.JPG,27 Pcs,high
R1283,45,9077,neck+daman+astin border,blue,305 D Royal,,,,,,,Jeetubhai Images\OS New folder (9) Images\9077 Daman 250.JPG|Jeetubhai Images\OS New folder (9) Images\9077 Neck 200.JPG,,high
R1284,45,9077,neck+daman+astin border,green,22 Royal,,,,,,,Jeetubhai Images\OS New folder (9) Images\9077 Daman 250.JPG|Jeetubhai Images\OS New folder (9) Images\9077 Neck 200.JPG,,high
R1285,45,9077,neck+daman+astin border,white,76 Royal,,,,,,,Jeetubhai Images\OS New folder (9) Images\9077 Daman 250.JPG|Jeetubhai Images\OS New folder (9) Images\9077 Neck 200.JPG,,high
R1300,46,8057,kp,yellow,795 D Royal,789 DD Raj,118 L Royal,,,,,Jeetubhai Images\OS New folder (8) Images\8057 KP 200.BMP,,medium
R1301,46,8057,kp,pink,768 Raj,95 D Raj,118 L Royal,,,,,Jeetubhai Images\OS New folder (8) Images\8057 KP 200.BMP,,high
R1302,46,8057,kp,blue,87 D Royal,86 Royal,118 L Royal,,,,,Jeetubhai Images\OS New folder (8) Images\8057 KP 200.BMP,,high
R1318,46,8051,kp,dark blue,842 Royal,124 Raj,118 L Royal,,,,jari,Jeetubhai Images\OS New folder (8) Images\8051 KP 200.BMP|Jeetubhai Images\OS New folder (8) Images\8051 KP 400.BMP,33 pcs,high
R1319,46,8051,kp,l blue,834 DD Raj,711 Royal,118 L Royal,,,,jari,Jeetubhai Images\OS New folder (8) Images\8051 KP 200.BMP|Jeetubhai Images\OS New folder (8) Images\8051 KP 400.BMP,55 pcs,high
R1320,46,8051,kp,purple,730 D Royal,8 Royal,118 L Royal,,,,jari,Jeetubhai Images\OS New folder (8) Images\8051 KP 200.BMP|Jeetubhai Images\OS New folder (8) Images\8051 KP 400.BMP,29 pcs,high
R1321,46,8051,kp,pink,768 Royal,105 Royal,118 L Royal,,,,jari,Jeetubhai Images\OS New folder (8) Images\8051 KP 200.BMP|Jeetubhai Images\OS New folder (8) Images\8051 KP 400.BMP,45 pcs,high
R1342,47,9077,neck+daman+astin border,yellow,22 Royal,,,,,,,Jeetubhai Images\OS New folder (9) Images\9077 Daman 250.JPG|Jeetubhai Images\OS New folder (9) Images\9077 Neck 200.JPG,,high
R1343,47,9077,neck+daman+astin border,firozi,35 L Royal,,,,,,,Jeetubhai Images\OS New folder (9) Images\9077 Daman 250.JPG|Jeetubhai Images\OS New folder (9) Images\9077 Neck 200.JPG,,high
R1344,47,9077,neck+daman+astin border,chiku,76 Royal,,,,,,,Jeetubhai Images\OS New folder (9) Images\9077 Daman 250.JPG|Jeetubhai Images\OS New folder (9) Images\9077 Neck 200.JPG,,high
R1345,47,9077,neck+daman+astin border,grey,775 Royal,,,,,,,Jeetubhai Images\OS New folder (9) Images\9077 Daman 250.JPG|Jeetubhai Images\OS New folder (9) Images\9077 Neck 200.JPG,,high
R1346,47,9077,neck+daman+astin border,green,305 D Royal,,,,,,,Jeetubhai Images\OS New folder (9) Images\9077 Daman 250.JPG|Jeetubhai Images\OS New folder (9) Images\9077 Neck 200.JPG,,high
R1356,47,7019,neck small,blue,87 D Royal,1001 Royal,741 Raj,,,,,Jeetubhai Images\OS New folder (7) Images\7019 Nake 400.JPG,,high
R1357,47,7019,neck small,pink,777 L Royal,1001 Royal,146 T Raj,,,,,Jeetubhai Images\OS New folder (7) Images\7019 Nake 400.JPG,,high
R1358,47,7019,neck small,green,143 Raj,1001 Royal,804 Raj,,,,,Jeetubhai Images\OS New folder (7) Images\7019 Nake 400.JPG,,high
R1359,47,7019,neck small,l orange,376 Royal,1001 Royal,707 D Royal,,,,,Jeetubhai Images\OS New folder (7) Images\7019 Nake 400.JPG,,high
R1360,48,9060,cp,gajri,768 D Royal,111 D Royal,76 Raj,,,,,Jeetubhai Images\OS New folder (9) Images\9060 Border CP 250.JPG|Jeetubhai Images\OS New folder (9) Images\9060 Neck CP 250.JPG,,high
R1361,48,9060,cp,peach,Black,825 Royal,372 Royal,,,,,Jeetubhai Images\OS New folder (9) Images\9060 Border CP 250.JPG|Jeetubhai Images\OS New folder (9) Images\9060 Neck CP 250.JPG,,high
R1362,48,9060,cp,firozi,842 DD Raj,825 Royal,834 DD Raj,,,,,Jeetubhai Images\OS New folder (9) Images\9060 Border CP 250.JPG|Jeetubhai Images\OS New folder (9) Images\9060 Neck CP 250.JPG,,high
R1363,48,9060,cp,pink,728 D Raj,111 D Royal,82 Raj,,,,,Jeetubhai Images\OS New folder (9) Images\9060 Border CP 250.JPG|Jeetubhai Images\OS New folder (9) Images\9060 Neck CP 250.JPG,,high
R1364,48,9059,cp,pink,80 Royal,1004 Royal,118 L Royal,,,,,Jeetubhai Images\OS New folder (9) Images\9059 Border CP 250.JPG|Jeetubhai Images\OS New folder (9) Images\9059 Neck CP 250.JPG,,high
R1365,48,9059,cp,firozi,75 Royal,315 D Royal,118 L Royal,,,,,Jeetubhai Images\OS New folder (9) Images\9059 Border CP 250.JPG|Jeetubhai Images\OS New folder (9) Images\9059 Neck CP 250.JPG,,high
R1366,48,9059,cp,red,80 Royal,810 L Raj,118 L Royal,,,,,Jeetubhai Images\OS New folder (9) Images\9059 Border CP 250.JPG|Jeetubhai Images\OS New folder (9) Images\9059 Neck CP 250.JPG,,high
R1367,48,9059,cp,yellow,315 Royal,795 D Royal,118 L Royal,,,,,Jeetubhai Images\OS New folder (9) Images\9059 Border CP 250.JPG|Jeetubhai Images\OS New folder (9) Images\9059 Neck CP 250.JPG,,high
R1368,48,9073,cp,orange,234 Royal,406 Royal,118 L Royal,,,,,Jeetubhai Images\OS New folder (9) Images\9073 Border 250.JPG|Jeetubhai Images\OS New folder (9) Images\9073 Neck 250.JPG,,high
R1369,48,9073,cp,purple,234 Royal,305 D Royal,118 L Royal,,,,,Jeetubhai Images\OS New folder (9) Images\9073 Border 250.JPG|Jeetubhai Images\OS New folder (9) Images\9073 Neck 250.JPG,,high
R1370,48,9073,cp,yellow,234 Royal,44 Royal,118 L Royal,,,,,Jeetubhai Images\OS New folder (9) Images\9073 Border 250.JPG|Jeetubhai Images\OS New folder (9) Images\9073 Neck 250.JPG,,high
R1377,48,9075,cp,pink,766 Raj,109 Royal,118 L Royal,,,,,Jeetubhai Images\OS New folder (9) Images\9075 Border 250.JPG|Jeetubhai Images\OS New folder (9) Images\9075 Neck 250.JPG,,high
R1378,48,9075,cp,rama,142 Raj,109 Royal,118 L Royal,,,,,Jeetubhai Images\OS New folder (9) Images\9075 Border 250.JPG|Jeetubhai Images\OS New folder (9) Images\9075 Neck 250.JPG,,high
R1379,48,9075,cp,green,LML Royal,109 Royal,118 L Royal,,,,,Jeetubhai Images\OS New folder (9) Images\9075 Border 250.JPG|Jeetubhai Images\OS New folder (9) Images\9075 Neck 250.JPG,,high
R1387,48,9075,cp border+neck,purple,234 Royal,840 Royal,118 LL Royal,,,,,Jeetubhai Images\OS New folder (9) Images\9075 Border 250.JPG|Jeetubhai Images\OS New folder (9) Images\9075 Neck 250.JPG,,high
R1388,48,9075,cp border+neck,orange,234 Royal,361 Royal,118 LL Royal,,,,,Jeetubhai Images\OS New folder (9) Images\9075 Border 250.JPG|Jeetubhai Images\OS New folder (9) Images\9075 Neck 250.JPG,,high
R1389,48,9075,cp border+neck,green,847 Royal,363 Royal,118 LL Royal,,,,,Jeetubhai Images\OS New folder (9) Images\9075 Border 250.JPG|Jeetubhai Images\OS New folder (9) Images\9075 Neck 250.JPG,,high
R1417,50,9053,kp,purple,120 N Royal,728 DR Raj,118 L Royal,,,,,Jeetubhai Images\OS New folder (9) Images\9053 KP 200.JPG,,high
R1418,50,9053,kp,gajri,363 Raj,81 Raj,118 L Royal,,,,,Jeetubhai Images\OS New folder (9) Images\9053 KP 200.JPG,,high
R1419,50,9053,kp,l orange,102 Raj,915 Royal,118 L Royal,,,,,Jeetubhai Images\OS New folder (9) Images\9053 KP 200.JPG,,high
R1420,50,9059,panel+neck,purple,120 N Royal,728 DR Raj,118 L Royal,,,,,Jeetubhai Images\OS New folder (9) Images\9059 Neck CP 250.JPG,,high
R1421,50,9059,panel+neck,gajri,363 Raj,81 Raj,118 L Royal,,,,,Jeetubhai Images\OS New folder (9) Images\9059 Neck CP 250.JPG,,high
R1422,50,9059,panel+neck,l orange,102 Raj,915 Royal,118 L Royal,,,,,Jeetubhai Images\OS New folder (9) Images\9059 Neck CP 250.JPG,,high
R1427,50,9061,neck,gajri,81 Raj,363 Raj,118 L Royal,,,,,Jeetubhai Images\OS New folder (9) Images\9061 Neck 250.JPG,,high
R1428,50,9061,neck,wine,728 DR Raj,120 N Royal,118 L Royal,,,,,Jeetubhai Images\OS New folder (9) Images\9061 Neck 250.JPG,,high
R1429,50,9061,neck,peach,915 Royal,102 Raj,118 L Royal,,,,,Jeetubhai Images\OS New folder (9) Images\9061 Neck 250.JPG,,medium
R1430,50,9064,neck,blue,190 Raj,86 Royal,722 Raj,,,,,Jeetubhai Images\OS New folder (9) Images\9064 Neck 400.JPG,52 pcs,high
R1431,50,9064,neck,green,190 Raj,719 Royal,846 Raj,,,,,Jeetubhai Images\OS New folder (9) Images\9064 Neck 400.JPG,52 pcs,high
R1432,50,9064,neck,red,190 Raj,110 N Raj,791 Royal,,,,,Jeetubhai Images\OS New folder (9) Images\9064 Neck 400.JPG,49 pcs,high
R1437,50,9065,top+border,grey,790 Royal,792 D Royal,97 Royal,,,,,Jeetubhai Images\OS New folder (9) Images\9065 Border.JPG,,high
R1438,50,9065,top+border,cream,790 Royal,792 D Royal,97 Royal,,,,,Jeetubhai Images\OS New folder (9) Images\9065 Border.JPG,,high
R1439,50,9065,top+border,chiku,790 Royal,792 D Royal,97 Royal,,,,,Jeetubhai Images\OS New folder (9) Images\9065 Border.JPG,,high
R1440,50,9065,top+border,green,790 Royal,792 D Royal,104 NL Royal,,,,,Jeetubhai Images\OS New folder (9) Images\9065 Border.JPG,,high
R1441,51,9052,kaftan top border+astin+neck,green,117 Royal,14 N Royal,35 L Royal,305 D Royal,,,,Jeetubhai Images\OS New folder (9) Images\9052 Astin Border 250.JPG|Jeetubhai Images\OS New folder (9) Images\9052 Neck 250.JPG|Jeetubhai Images\OS New folder (9) Images\9052 Top Border 250.JPG,,high
R1442,51,9052,kaftan top border+astin+neck,green,95 Royal,356 Royal,766 Royal,177 Royal,,,,Jeetubhai Images\OS New folder (9) Images\9052 Astin Border 250.JPG|Jeetubhai Images\OS New folder (9) Images\9052 Neck 250.JPG|Jeetubhai Images\OS New folder (9) Images\9052 Top Border 250.JPG,,medium
R1443,51,9052,kaftan top border+astin+neck,grey,764 Royal,188 T Raj,222 Raj,775 Royal,,,,Jeetubhai Images\OS New folder (9) Images\9052 Astin Border 250.JPG|Jeetubhai Images\OS New folder (9) Images\9052 Neck 250.JPG|Jeetubhai Images\OS New folder (9) Images\9052 Top Border 250.JPG,,high
R1444,51,9052,kaftan top border+astin+neck,pink,35 Royal,75 Royal,22 Royal,356 Royal,,,,Jeetubhai Images\OS New folder (9) Images\9052 Astin Border 250.JPG|Jeetubhai Images\OS New folder (9) Images\9052 Neck 250.JPG|Jeetubhai Images\OS New folder (9) Images\9052 Top Border 250.JPG,,high
R1445,51,9052,kaftan top border+astin+neck,peach,309 Royal,797 Royal,59 Royal,76 Royal,,,,Jeetubhai Images\OS New folder (9) Images\9052 Astin Border 250.JPG|Jeetubhai Images\OS New folder (9) Images\9052 Neck 250.JPG|Jeetubhai Images\OS New folder (9) Images\9052 Top Border 250.JPG,,high
R1455,51,9055,neck,l orange,376 Royal,1001 Royal,707 D Royal,,,,,Jeetubhai Images\OS New folder (9) Images\9055 Neck 250.JPG,,high
R1456,51,9055,neck,blue,87 D Royal,1001 Royal,741 Raj,,,,,Jeetubhai Images\OS New folder (9) Images\9055 Neck 250.JPG,,high
R1457,51,9055,neck,gajri,777 L Raj,1001 Royal,146 T Raj,,,,,Jeetubhai Images\OS New folder (9) Images\9055 Neck 250.JPG,,high
R1458,51,9055,neck,light green,143 Raj,1001 Royal,804 Raj,,,,,Jeetubhai Images\OS New folder (9) Images\9055 Neck 250.JPG,,high
R1459,51,9054,kp,l orange,376 Royal,1001 Royal,707 D Royal,,,,,Jeetubhai Images\OS New folder (9) Images\9054 KP 200.JPG,,high
R1460,51,9054,kp,blue,87 D Royal,1001 Royal,741 Raj,,,,,Jeetubhai Images\OS New folder (9) Images\9054 KP 200.JPG,,high
R1461,51,9054,kp,gajri,777 L Raj,1001 Royal,146 T Raj,,,,,Jeetubhai Images\OS New folder (9) Images\9054 KP 200.JPG,,high
R1462,51,9054,kp,light green,143 Raj,1001 Royal,804 Raj,,,,,Jeetubhai Images\OS New folder (9) Images\9054 KP 200.JPG,,high
R1467,52,9044,kp,peach,820 Royal,49 N Raj,102 D Royal,,,,,Jeetubhai Images\OS New folder (9) Images\9044 KP 200.JPG,,high
R1468,52,9044,kp,blue,820 Royal,49 N Raj,813 D Royal,,,,,Jeetubhai Images\OS New folder (9) Images\9044 KP 200.JPG,,high
R1469,52,9044,kp,pink,820 Royal,49 N Raj,82 Royal,,,,,Jeetubhai Images\OS New folder (9) Images\9044 KP 200.JPG,,high
R1470,52,9042,kp,brown,190 Raj,740 Royal,311 L Royal,,,,,Jeetubhai Images\OS New folder (9) Images\9042 KP 200.JPG,,medium
R1471,52,9042,kp,blue,190 Raj,710 D Royal,311 L Royal,,,,,Jeetubhai Images\OS New folder (9) Images\9042 KP 200.JPG,,medium
R1472,52,9042,kp,light green,190 Raj,915 Raj,311 L Royal,,,,,Jeetubhai Images\OS New folder (9) Images\9042 KP 200.JPG,,high
R1473,52,8018,top+border1+border2,cream,143 Raj,766 Royal,188 T Raj,335 Royal,110 L Royal,,,Jeetubhai Images\OS New folder (8) Images\8018 BORDER 250.JPG|Jeetubhai Images\OS New folder (8) Images\8018 Big BORDER 250.JPG,,medium
R1474,52,8018,top+border1+border2,green,809 Royal,117 Royal,357 Royal,35 Royal,744 Royal,,,Jeetubhai Images\OS New folder (8) Images\8018 BORDER 250.JPG|Jeetubhai Images\OS New folder (8) Images\8018 Big BORDER 250.JPG,,high
R1475,52,8018,top+border1+border2,grey,188 T Raj,711 Royal,809 Royal,775 Royal,118 L Royal,,,Jeetubhai Images\OS New folder (8) Images\8018 BORDER 250.JPG|Jeetubhai Images\OS New folder (8) Images\8018 Big BORDER 250.JPG,,medium
R1476,52,8018,top+border1+border2,peach,76 Royal,797 Royal,309 Royal,59 Royal,316 D Raj,,,Jeetubhai Images\OS New folder (8) Images\8018 BORDER 250.JPG|Jeetubhai Images\OS New folder (8) Images\8018 Big BORDER 250.JPG,,high
R1477,52,9047,kp,peach,376 Royal,728 Royal,,,,,,Jeetubhai Images\OS New folder (9) Images\9047 KP 200.JPG,120 pcs,high
R1478,52,9047,kp,purple,13 Royal,727 Raj,,,,,,Jeetubhai Images\OS New folder (9) Images\9047 KP 200.JPG,125 pcs,high
R1479,52,9047,kp,mustard,104 Royal,125 Royal,,,,,,Jeetubhai Images\OS New folder (9) Images\9047 KP 200.JPG,129 pcs,medium
R1480,52,9048,kp,black,702 DD Raj,8 N Raj,Black,,,,,Jeetubhai Images\OS New folder (9) Images\9048 KP 200.JPG,119 pcs,high
R1481,52,9048,kp,red,702 DD Raj,810 Royal,7 D Royal,,,,,Jeetubhai Images\OS New folder (9) Images\9048 KP 200.JPG,102 pcs,high
R1482,52,9048,kp,cream,702 DD Raj,795 Royal,372 R Raj,,,,,Jeetubhai Images\OS New folder (9) Images\9048 KP 200.JPG,106 pcs,high
R1483,52,9048,kp,blue,710 D Raj,795 Royal,842 Royal,,,,,Jeetubhai Images\OS New folder (9) Images\9048 KP 200.JPG,111 pcs,high
R1484,52,9051,kp,purple,190 Raj,369 Royal,362 Royal,,,,,Jeetubhai Images\OS New folder (9) Images\9051 KP 200.JPG,129 pcs,high
R1485,52,9051,kp,pink,190 Raj,767 Royal,45 Royal,,,,,Jeetubhai Images\OS New folder (9) Images\9051 KP 200.JPG,133 pcs,high
R1486,52,9051,kp,firozi,70 Royal,937 Raj,75 Royal,,,,,Jeetubhai Images\OS New folder (9) Images\9051 KP 200.JPG,128 pcs,medium
R1502,53,9037,kp,orange,702 D Royal,377 Royal,118 L Royal,,,,,Jeetubhai Images\OS New folder (9) Images\9037 KP 200.JPG,,high
R1503,53,9037,kp,green,709 Royal,110 Royal,118 L Royal,,,,,Jeetubhai Images\OS New folder (9) Images\9037 KP 200.JPG,,high
R1504,53,9037,kp,yellow,739 Royal,778 D Royal,118 L Royal,,,,,Jeetubhai Images\OS New folder (9) Images\9037 KP 200.JPG,,high
R1505,53,9038,kp,l purple,730 D Raj,8 Royal,118 L Royal,,,,,Jeetubhai Images\OS New folder (9) Images\9038 KP 200.JPG,,high
R1506,53,9038,kp,dark blue,842 Royal,124 Raj,118 L Royal,,,,,Jeetubhai Images\OS New folder (9) Images\9038 KP 200.JPG,,high
R1507,53,9038,kp,d pink,768 Raj,105 Royal,118 L Royal,,,,,Jeetubhai Images\OS New folder (9) Images\9038 KP 200.JPG,,high
R1508,53,9038,kp,blue,834 DD Raj,711 Royal,118 L Royal,,,,,Jeetubhai Images\OS New folder (9) Images\9038 KP 200.JPG,,high
R1509,53,9039,kp,purple,118 LL Royal,15 Royal,119 L Royal,,,,,Jeetubhai Images\OS New folder (9) Images\9039 KP 200.JPG,,high
R1510,53,9039,kp,l pink,118 LL Royal,7 L Raj,119 L Royal,,,,,Jeetubhai Images\OS New folder (9) Images\9039 KP 200.JPG,,high
R1511,53,9039,kp,yellow,118 LL Royal,789 DD Raj,119 L Royal,,,,,Jeetubhai Images\OS New folder (9) Images\9039 KP 200.JPG,,high
R1512,53,9039,kp,l blue,118 LL Royal,937 Raj,119 L Royal,,,,,Jeetubhai Images\OS New folder (9) Images\9039 KP 200.JPG,,high
R1513,53,9043,kp,blue,710 Raj,49 N Raj,832 Royal,,,,,Jeetubhai Images\OS New folder (9) Images\9043 KP 200.JPG,,high
R1514,53,9043,kp,green,190 Raj,49 N Raj,194 Raj,,,,,Jeetubhai Images\OS New folder (9) Images\9043 KP 200.JPG,,high
R1515,53,9043,kp,mustard,102 N Raj,49 N Raj,104 D Raj,,,,,Jeetubhai Images\OS New folder (9) Images\9043 KP 200.JPG,,medium
R1519,53,9035,kp,yellow,32 Raj,35 D Royal,353 Royal,,,,,Jeetubhai Images\OS New folder (9) Images\9035 KP 200.JPG,72 pcs,high
R1520,53,9035,kp,green,32 Raj,35 D Royal,62 Raj,,,,,Jeetubhai Images\OS New folder (9) Images\9035 KP 200.JPG,54 pcs,high
R1521,53,9035,kp,peach,32 Raj,35 D Royal,94 N Raj,,,,,Jeetubhai Images\OS New folder (9) Images\9035 KP 200.JPG,49 pcs,high
R1531,54,8018,top+daman+astin border,cream,143 Raj,766 Royal,188 T Raj,335 Royal,110 L Royal,,,Jeetubhai Images\OS New folder (8) Images\8018 BORDER 250.JPG|Jeetubhai Images\OS New folder (8) Images\8018 Big BORDER 250.JPG,,high
R1532,54,8018,top+daman+astin border,grey,188 T Raj,711 Royal,809 Royal,775 Royal,118 L Royal,,,Jeetubhai Images\OS New folder (8) Images\8018 BORDER 250.JPG|Jeetubhai Images\OS New folder (8) Images\8018 Big BORDER 250.JPG,,high
R1533,54,8018,top+daman+astin border,pink,22 Royal,188 T Raj,17 L Royal,75 Royal,777 Raj,,,Jeetubhai Images\OS New folder (8) Images\8018 BORDER 250.JPG|Jeetubhai Images\OS New folder (8) Images\8018 Big BORDER 250.JPG,,high
R1534,54,8018,top+daman+astin border,firozi,45 Royal,22 Royal,35 L Royal,809 Royal,812 Royal,,,Jeetubhai Images\OS New folder (8) Images\8018 BORDER 250.JPG|Jeetubhai Images\OS New folder (8) Images\8018 Big BORDER 250.JPG,,high
R1535,54,8018,top+daman+astin border,green,809 Royal,117 Royal,357 Royal,35 Royal,744 Royal,,,Jeetubhai Images\OS New folder (8) Images\8018 BORDER 250.JPG|Jeetubhai Images\OS New folder (8) Images\8018 Big BORDER 250.JPG,,high
R1542,54,9027,kp,gold,88 NL Raj,305 Royal,118 L Royal,,,,,Jeetubhai Images\OS New folder (9) Images\9027 KP 200.JPG,,high
R1543,54,9027,kp,green,62 Royal,66 Raj,118 L Royal,,,,,Jeetubhai Images\OS New folder (9) Images\9027 KP 200.JPG,,high
R1544,54,9027,kp,blue,835 D Royal,954 Raj,118 L Royal,,,,,Jeetubhai Images\OS New folder (9) Images\9027 KP 200.JPG,,high
R1545,54,9026,kp,blue,87 D Royal,8 F Raj,118 L Royal,,,,,Jeetubhai Images\OS New folder (9) Images\9026 KP 200.JPG,,medium
R1546,54,9026,kp,black,8 F Raj,728 D Royal,118 L Royal,,,,,Jeetubhai Images\OS New folder (9) Images\9026 KP 200.JPG,,medium
R1547,54,9026,kp,maroon,728 D Royal,87 D Royal,118 L Royal,,,,,Jeetubhai Images\OS New folder (9) Images\9026 KP 200.JPG,,high
R1548,54,9029,kp,yellow,305 Royal,820 Royal,118 LL Royal,,,,,Jeetubhai Images\OS New folder (9) Images\9029 KP 200.JPG|Jeetubhai Images\OS New folder (9) Images\9029 KP 250.JPG,,high
R1549,54,9029,kp,green,820 Royal,305 Royal,118 LL Royal,,,,,Jeetubhai Images\OS New folder (9) Images\9029 KP 200.JPG|Jeetubhai Images\OS New folder (9) Images\9029 KP 250.JPG,,high
R1550,54,9029,kp,tomato,845 Royal,820 Royal,118 LL Royal,,,,,Jeetubhai Images\OS New folder (9) Images\9029 KP 200.JPG|Jeetubhai Images\OS New folder (9) Images\9029 KP 250.JPG,,high
R1551,54,9031,kp,blue,146 T Raj,49 N Raj,119 L Royal,,,,,Jeetubhai Images\OS New folder (9) Images\9031 KP 200.JPG|Jeetubhai Images\OS New folder (9) Images\9031 KP 250.JPG,,high
R1552,54,9031,kp,yellow,810 L Raj,49 N Raj,323 Royal,,,,,Jeetubhai Images\OS New folder (9) Images\9031 KP 200.JPG|Jeetubhai Images\OS New folder (9) Images\9031 KP 250.JPG,,high
R1553,54,9031,kp,green,722 Royal,49 N Raj,122 L Royal,,,,,Jeetubhai Images\OS New folder (9) Images\9031 KP 200.JPG|Jeetubhai Images\OS New folder (9) Images\9031 KP 250.JPG,,high
R1560,54,9034,neck1+neck2+daman,yellow,188 T Raj,778 D Royal,234 Royal,,,,,Jeetubhai Images\OS New folder (9) Images\9034 Daman 250.JPG|Jeetubhai Images\OS New folder (9) Images\9034 Neck 2 400.JPG|Jeetubhai Images\OS New folder (9) Images\9034 Neck 200.JPG,58 pcs,high
R1561,54,9034,neck1+neck2+daman,red,66 Raj,8 NL Royal,234 Royal,,,,,Jeetubhai Images\OS New folder (9) Images\9034 Daman 250.JPG|Jeetubhai Images\OS New folder (9) Images\9034 Neck 2 400.JPG|Jeetubhai Images\OS New folder (9) Images\9034 Neck 200.JPG,46 pcs,high
R1562,54,9034,neck1+neck2+daman,firozi,74 Royal,911 D Royal,123 Royal,,,,,Jeetubhai Images\OS New folder (9) Images\9034 Daman 250.JPG|Jeetubhai Images\OS New folder (9) Images\9034 Neck 2 400.JPG|Jeetubhai Images\OS New folder (9) Images\9034 Neck 200.JPG,48 pcs,high
R1571,55,9019,neck+astin,pink,LG,badla LG,767 Royal,925 Raj,LG,,n2=badla LG,Jeetubhai Images\OS New folder (9) Images\9019 Astin 450.JPG|Jeetubhai Images\OS New folder (9) Images\9019 Neck 450.JPG,,high
R1572,55,9019,neck+astin,orange,LG,badla LG,732 D Royal,925 Raj,LG,,n2=badla LG,Jeetubhai Images\OS New folder (9) Images\9019 Astin 450.JPG|Jeetubhai Images\OS New folder (9) Images\9019 Neck 450.JPG,,high
R1573,55,9019,neck+astin,blue,LG,badla LG,85 Royal,925 Raj,LG,,n2=badla LG,Jeetubhai Images\OS New folder (9) Images\9019 Astin 450.JPG|Jeetubhai Images\OS New folder (9) Images\9019 Neck 450.JPG,sheet,high
R1586,55,9023,kp,blue,86 Royal,190 Raj,87 D Royal,,,,,Jeetubhai Images\OS New folder (9) Images\9023 KP 200.JPG,,high
R1587,55,9023,kp,peach,95 D Raj,190 Raj,768 Raj,,,,,Jeetubhai Images\OS New folder (9) Images\9023 KP 200.JPG,,high
R1588,55,9023,kp,yellow,789 DD Raj,190 Raj,795 D Royal,,,,,Jeetubhai Images\OS New folder (9) Images\9023 KP 200.JPG,,medium
R1611,56,5067,kp,firozi,356 Royal,372 Royal,709 Raj,,,,,Jeetubhai Images\OS New folder (5) Images\5067 Kurta patti 400.BMP,,high
R1612,56,5067,kp,gold,35 Royal,372 Royal,90 L Royal,,,,,Jeetubhai Images\OS New folder (5) Images\5067 Kurta patti 400.BMP,,high
R1613,56,5067,kp,green,74 Raj,315 Royal,345 Royal,,,,,Jeetubhai Images\OS New folder (5) Images\5067 Kurta patti 400.BMP,,high
R1620,56,8053,neck,green,315 Raj,712 Royal,118 L Royal,,,,,Jeetubhai Images\OS New folder (8) Images\8053 Neck 400.BMP,,medium
R1621,56,8053,neck,d green,315 Raj,849 Royal,118 L Royal,,,,,Jeetubhai Images\OS New folder (8) Images\8053 Neck 400.BMP,,medium
R1622,56,8053,neck,yellow,190 Raj,M Royal,118 L Royal,,,,,Jeetubhai Images\OS New folder (8) Images\8053 Neck 400.BMP,,high
R1623,56,5032,cp neck+border,blue,125 Raj,911 Royal,822 R Raj,,,,,Jeetubhai Images\OS New folder (5) Images\5032 Kurta patti.BMP,63 pcs,medium
R1624,56,5032,cp neck+border,yellow,326 Royal,103 Royal,822 R Raj,,,,,Jeetubhai Images\OS New folder (5) Images\5032 Kurta patti.BMP,71 pcs,high
R1625,56,5032,cp neck+border,orange,102 N Raj,809 Royal,822 R Raj,,,,,Jeetubhai Images\OS New folder (5) Images\5032 Kurta patti.BMP,70 pcs,high
R1650,57,6050,body+daman+border+butti,peach,312 Royal,117 Royal,45 Royal,788 Royal,75 Royal,,,Jeetubhai Images\OS New folder (6) Images\6050 BORDER.JPG|Jeetubhai Images\OS New folder (6) Images\6050 Body.JPG|Jeetubhai Images\OS New folder (6) Images\6050 Daman.JPG,,medium
R1651,57,6050,body+daman+border+butti,cream,49 N Raj,117 Royal,4 Raj,75 Royal,35 L Royal,,,Jeetubhai Images\OS New folder (6) Images\6050 BORDER.JPG|Jeetubhai Images\OS New folder (6) Images\6050 Body.JPG|Jeetubhai Images\OS New folder (6) Images\6050 Daman.JPG,,medium
R1652,57,6050,body+daman+border+butti,green,142 Raj,788 Royal,35 L Royal,117 Royal,45 Royal,,,Jeetubhai Images\OS New folder (6) Images\6050 BORDER.JPG|Jeetubhai Images\OS New folder (6) Images\6050 Body.JPG|Jeetubhai Images\OS New folder (6) Images\6050 Daman.JPG,,high
R1653,57,6050,body+daman+border+butti,grey,822 R Raj,911 Royal,105 L Raj,756 Royal,731 Royal,,,Jeetubhai Images\OS New folder (6) Images\6050 BORDER.JPG|Jeetubhai Images\OS New folder (6) Images\6050 Body.JPG|Jeetubhai Images\OS New folder (6) Images\6050 Daman.JPG,,medium
R1654,57,6050,body+daman+border+butti,green,836 Royal,28 Royal,117 Royal,807 Royal,67 Royal,,,Jeetubhai Images\OS New folder (6) Images\6050 BORDER.JPG|Jeetubhai Images\OS New folder (6) Images\6050 Body.JPG|Jeetubhai Images\OS New folder (6) Images\6050 Daman.JPG,,medium
R1655,57,6017,kp,pink,335 Royal,102 N Royal,47 Raj,,,,,Jeetubhai Images\OS New folder (6) Images\6017 KP 250.BMP,,high
R1656,57,6017,kp,orange,335 Royal,110 NL Royal,360 Raj,,,,,Jeetubhai Images\OS New folder (6) Images\6017 KP 250.BMP,,high
R1657,57,6017,kp,green,335 Royal,MD Royal,103 Royal,,,,,Jeetubhai Images\OS New folder (6) Images\6017 KP 250.BMP,,high
R1658,57,8027,neck,orange,732 D Royal,720 Royal,118 L Royal,,,,,Jeetubhai Images\OS New folder (8) Images\8027 Neck 250.JPG,shared 8027+8030,high
R1659,57,8027,neck,rust,777 Raj,707 D Royal,118 L Royal,,,,,Jeetubhai Images\OS New folder (8) Images\8027 Neck 250.JPG,shared 8027+8030,high
R1660,57,8027,neck,green,100 Raj,MD Royal,118 L Royal,,,,,Jeetubhai Images\OS New folder (8) Images\8027 Neck 250.JPG,shared 8027+8030,medium
R1661,57,8030,neck,orange,732 D Royal,720 Royal,118 L Royal,,,,,Jeetubhai Images\OS New folder (8) Images\8030 KP 200.JPG,shared 8027+8030,high
R1662,57,8030,neck,rust,777 Raj,707 D Royal,118 L Royal,,,,,Jeetubhai Images\OS New folder (8) Images\8030 KP 200.JPG,shared 8027+8030,high
R1663,57,8030,neck,green,100 Raj,MD Royal,118 L Royal,,,,,Jeetubhai Images\OS New folder (8) Images\8030 KP 200.JPG,shared 8027+8030,medium
R1664,57,7024,neck+daman+astin,grey,791 Royal,,,,,,,Jeetubhai Images\OS New folder (7) Images\7024 Astin 200.JPG|Jeetubhai Images\OS New folder (7) Images\7024 Daman B.JPG|Jeetubhai Images\OS New folder (7) Images\7024 Nake 200.JPG,,high
R1665,57,7024,neck+daman+astin,cream,841 Royal,,,,,,,Jeetubhai Images\OS New folder (7) Images\7024 Astin 200.JPG|Jeetubhai Images\OS New folder (7) Images\7024 Daman B.JPG|Jeetubhai Images\OS New folder (7) Images\7024 Nake 200.JPG,,high
R1666,57,7024,neck+daman+astin,peach,75 Royal,,,,,,,Jeetubhai Images\OS New folder (7) Images\7024 Astin 200.JPG|Jeetubhai Images\OS New folder (7) Images\7024 Daman B.JPG|Jeetubhai Images\OS New folder (7) Images\7024 Nake 200.JPG,,medium
R1667,57,7024,neck+daman+astin,yellow,837 Royal,,,,,,,Jeetubhai Images\OS New folder (7) Images\7024 Astin 200.JPG|Jeetubhai Images\OS New folder (7) Images\7024 Daman B.JPG|Jeetubhai Images\OS New folder (7) Images\7024 Nake 200.JPG,,high
R1671,58,6014,kp,mustard,789 DD Raj,795 D Royal,339 D Raj,,,,,Jeetubhai Images\OS New folder (6) Images\6014 KP 250.BMP,50 pcs,medium
R1672,58,6014,kp,maroon,8 NL Royal,778 D Royal,339 D Raj,,,,,Jeetubhai Images\OS New folder (6) Images\6014 KP 250.BMP,52 pcs,high
R1673,58,6014,kp,blue,842 Raj,74 D Royal,339 D Raj,,,,,Jeetubhai Images\OS New folder (6) Images\6014 KP 250.BMP,57 pcs,high
R1674,58,7091,neck,pink,7 D Royal,118 LL Royal,35 S Royal,,,,,Jeetubhai Images\OS New folder (7) Images\7091 Nake 250.JPG,shared 7091+8008,high
R1675,58,7091,neck,yellow,105 D Royal,118 LL Royal,35 S Royal,,,,,Jeetubhai Images\OS New folder (7) Images\7091 Nake 250.JPG,shared 7091+8008,high
R1676,58,7091,neck,pista,713 Raj,118 LL Royal,35 S Royal,,,,,Jeetubhai Images\OS New folder (7) Images\7091 Nake 250.JPG,shared 7091+8008,high
R1677,58,8008,kp,pink,7 D Royal,118 LL Royal,35 S Royal,,,,,Jeetubhai Images\OS New folder (8) Images\8008 KP 400.JPG,shared 7091+8008,high
R1678,58,8008,kp,yellow,105 D Royal,118 LL Royal,35 S Royal,,,,,Jeetubhai Images\OS New folder (8) Images\8008 KP 400.JPG,shared 7091+8008,high
R1679,58,8008,kp,pista,713 Raj,118 LL Royal,35 S Royal,,,,,Jeetubhai Images\OS New folder (8) Images\8008 KP 400.JPG,shared 7091+8008,high
R1689,58,8067,neck,green,709 Royal,110 Royal,118 L Royal,,,,men 17,Jeetubhai Images\OS New folder (8) Images\8067 Neck.BMP,,high
R1690,58,8067,neck,yellow,739 Royal,778 D Royal,118 L Royal,,,,men 17,Jeetubhai Images\OS New folder (8) Images\8067 Neck.BMP,,high
R1691,58,8067,neck,orange,702 D Royal,377 Royal,118 L Royal,,,,men 17,Jeetubhai Images\OS New folder (8) Images\8067 Neck.BMP,,high
R1692,58,5084,kp,green,118 L Royal,110 Royal,709 Royal,,,,men 11,Jeetubhai Images\OS New folder (5) Images\5084 Kurta patti 250.BMP,,high
R1693,58,5084,kp,yellow,118 L Royal,778 D Royal,739 Royal,,,,men 11,Jeetubhai Images\OS New folder (5) Images\5084 Kurta patti 250.BMP,,high
R1694,58,5084,kp,orange,118 L Royal,377 Royal,702 D Royal,,,,men 11,Jeetubhai Images\OS New folder (5) Images\5084 Kurta patti 250.BMP,,high
R1695,58,7085,neck,gold,105 D Royal,118 LL Royal,35 S Royal,,,,,Jeetubhai Images\OS New folder (7) Images\7085 Nake 250.JPG,shared 7085+5039,high
R1696,58,7085,neck,pink,7 D Royal,118 LL Royal,35 S Royal,,,,,Jeetubhai Images\OS New folder (7) Images\7085 Nake 250.JPG,shared 7085+5039,high
R1697,58,7085,neck,rama,713 Raj,118 LL Royal,35 S Royal,,,,,Jeetubhai Images\OS New folder (7) Images\7085 Nake 250.JPG,shared 7085+5039,high
R1698,58,5039,kp,gold,105 D Royal,118 LL Royal,35 S Royal,,,,,Jeetubhai Images\OS New folder (5) Images\5039 Kurta patti 400.BMP,shared 7085+5039,high
R1699,58,5039,kp,pink,7 D Royal,118 LL Royal,35 S Royal,,,,,Jeetubhai Images\OS New folder (5) Images\5039 Kurta patti 400.BMP,shared 7085+5039,high
R1700,58,5039,kp,rama,713 Raj,118 LL Royal,35 S Royal,,,,,Jeetubhai Images\OS New folder (5) Images\5039 Kurta patti 400.BMP,shared 7085+5039,high
R1728,59,8054,neck,yellow,118 LL Royal,715 Royal,121 D Royal,,,,,Jeetubhai Images\OS New folder (8) Images\8054 Neck 250.BMP|Jeetubhai Images\OS New folder (8) Images\8054 Neck 400.BMP,,high
R1729,59,8054,neck,pink,118 LL Royal,110 Royal,94 Royal,,,,,Jeetubhai Images\OS New folder (8) Images\8054 Neck 250.BMP|Jeetubhai Images\OS New folder (8) Images\8054 Neck 400.BMP,,high
R1730,59,8054,neck,green,118 LL Royal,715 Royal,782 Royal,,,,,Jeetubhai Images\OS New folder (8) Images\8054 Neck 250.BMP|Jeetubhai Images\OS New folder (8) Images\8054 Neck 400.BMP,,high
R1731,59,5050,kp,yellow,715 Royal,118 LL Royal,121 D Royal,,,,,Jeetubhai Images\OS New folder (5) Images\5050 Kurta patti 250.BMP,,high
R1732,59,5050,kp,pink,110 Royal,118 LL Royal,94 Royal,,,,,Jeetubhai Images\OS New folder (5) Images\5050 Kurta patti 250.BMP,,high
R1733,59,5050,kp,green,715 Royal,118 LL Royal,782 Royal,,,,,Jeetubhai Images\OS New folder (5) Images\5050 Kurta patti 250.BMP,,high
R1740,60,6089,kp,firozi,118 LL Royal,741 Raj,361 Royal,,,,,Jeetubhai Images\OS New folder (6) Images\6089 KP 250.JPG,123 pcs,high
R1749,60,6074,neck,blue,776 Raj,49 N Raj,119 L Royal,,,,men 6,Jeetubhai Images\OS New folder (6) Images\6074 Neck 400.JPG,,high
R1750,60,6074,neck,yellow,810 L Raj,49 N Raj,323 Royal,,,,men 6,Jeetubhai Images\OS New folder (6) Images\6074 Neck 400.JPG,,high
R1751,60,6074,neck,green,722 Royal,49 N Raj,122 L Royal,,,,men 6,Jeetubhai Images\OS New folder (6) Images\6074 Neck 400.JPG,,high
R1752,60,6042,kp,pink,835 Royal,343 Royal,47 Royal,,,,,Jeetubhai Images\OS New folder (6) Images\6042 KP 250.JPG,34 pcs,high
R1753,60,6042,kp,rust,813 Royal,343 Royal,5 Raj,,,,,Jeetubhai Images\OS New folder (6) Images\6042 KP 250.JPG,32 pcs,high
R1754,60,6042,kp,green,813 Royal,343 Royal,145 T Raj,,,,,Jeetubhai Images\OS New folder (6) Images\6042 KP 250.JPG,35 pcs,high
R1779,61,8038,neck,blue,111 Royal,911 Royal,190 Raj,,,,,Jeetubhai Images\OS New folder (8) Images\8038 Neck 250.BMP,shared 8038/8057,high
R1780,61,8038,neck,orange,190 Raj,809 Royal,102 N Royal,,,,,Jeetubhai Images\OS New folder (8) Images\8038 Neck 250.BMP,shared 8038/8057,high
R1781,61,8038,neck,yellow,111 Royal,103 Royal,190 Raj,,,,,Jeetubhai Images\OS New folder (8) Images\8038 Neck 250.BMP,shared 8038/8057,high
R1785,61,8057,kp,blue,111 Royal,911 Royal,190 Raj,,,,,Jeetubhai Images\OS New folder (8) Images\8057 KP 200.BMP,shared 8038/8057,high
R1786,61,8057,kp,orange,190 Raj,809 Royal,102 N Royal,,,,,Jeetubhai Images\OS New folder (8) Images\8057 KP 200.BMP,shared 8038/8057,high
R1787,61,8057,kp,yellow,111 Royal,103 Royal,190 Raj,,,,,Jeetubhai Images\OS New folder (8) Images\8057 KP 200.BMP,shared 8038/8057,high
R1788,61,8076,neck,green,121 L Royal,722 D Royal,190 Raj,,,,,Jeetubhai Images\OS New folder (8) Images\8076 Neck 250.BMP,140 Pcs,high
R1789,61,8076,neck,purple,722 D Royal,716 Royal,190 Raj,,,,,Jeetubhai Images\OS New folder (8) Images\8076 Neck 250.BMP,137 Pcs,high
R1790,61,8076,neck,yellow,103 Royal,778 D Royal,190 Raj,,,,,Jeetubhai Images\OS New folder (8) Images\8076 Neck 250.BMP,143 Pcs,high
R1791,61,9011,neck,blue,49 N Raj,86 Raj,722 Royal,,,,,Jeetubhai Images\OS New folder (9) Images\9011 Neck 250.JPG,,high
R1792,61,9011,neck,orange,49 N Raj,120 N Raj,706 Royal,,,,,Jeetubhai Images\OS New folder (9) Images\9011 Neck 250.JPG,,high
R1793,61,9011,neck,pink,49 N Raj,82 Raj,716 Royal,,,,,Jeetubhai Images\OS New folder (9) Images\9011 Neck 250.JPG,,high
R1806,62,7026,neck,gold,235 Royal,305 D Royal,188 T Raj,,,,,Jeetubhai Images\OS New folder (7) Images\7026 Nake 250.JPG,,high
R1807,62,7026,neck,peach,235 Royal,406 Royal,67 Raj,,,,,Jeetubhai Images\OS New folder (7) Images\7026 Nake 250.JPG,,high
R1808,62,7026,neck,purple,235 Royal,74 N Raj,145 R Raj,,,,,Jeetubhai Images\OS New folder (7) Images\7026 Nake 250.JPG,,high
R1853,63,9005,neck+border,green,722 D Royal,778 D Royal,118 LL Royal,,,,,Jeetubhai Images\OS New folder (9) Images\9005 Border.JPG|Jeetubhai Images\OS New folder (9) Images\9005 Neck.JPG,,high
R1854,63,9005,neck+border,mustard,1004 Royal,188 T Raj,118 LL Royal,,,,,Jeetubhai Images\OS New folder (9) Images\9005 Border.JPG|Jeetubhai Images\OS New folder (9) Images\9005 Neck.JPG,,high
R1855,63,9005,neck+border,purple,190 Raj,722 D Royal,118 LL Royal,,,,,Jeetubhai Images\OS New folder (9) Images\9005 Border.JPG|Jeetubhai Images\OS New folder (9) Images\9005 Neck.JPG,,high
R1856,63,9005,neck+border,rama,97 Royal,146 T Raj,118 LL Royal,,,,,Jeetubhai Images\OS New folder (9) Images\9005 Border.JPG|Jeetubhai Images\OS New folder (9) Images\9005 Neck.JPG,,high
R1857,64,5072,kp,light green,7 D Royal,110 Royal,353 Royal,,,,,Jeetubhai Images\OS New folder (5) Images\5072 Kurta patti 400.BMP,,high
R1858,64,5072,kp,l purple,17 N Royal,911 Royal,24 L Royal,,,,,Jeetubhai Images\OS New folder (5) Images\5072 Kurta patti 400.BMP,,high
R1859,64,5072,kp,peach,30 N Royal,825 Royal,787 Royal,,,,,Jeetubhai Images\OS New folder (5) Images\5072 Kurta patti 400.BMP,,high
R1860,64,5082,kp,l pink,376 Royal,728 Royal,,,,,,Jeetubhai Images\OS New folder (5) Images\5082 Kurta patti 400.BMP,shared 5082/5083,high
R1861,64,5082,kp,l purple,13 Raj,727 Raj,,,,,,Jeetubhai Images\OS New folder (5) Images\5082 Kurta patti 400.BMP,shared 5082/5083,high
R1862,64,5082,kp,peach,104 Royal,125 Royal,,,,,,Jeetubhai Images\OS New folder (5) Images\5082 Kurta patti 400.BMP,shared 5082/5083,high
R1863,64,5083,kp,l pink,376 Royal,728 Royal,,,,,,Jeetubhai Images\OS New folder (5) Images\5083 Kurta patti 400.BMP,L Pink=61; shared 5082/5083,high
R1864,64,5083,kp,l purple,13 Raj,727 Raj,,,,,,Jeetubhai Images\OS New folder (5) Images\5083 Kurta patti 400.BMP,L Purple=63; shared 5082/5083,high
R1865,64,5083,kp,peach,104 Royal,125 Royal,,,,,,Jeetubhai Images\OS New folder (5) Images\5083 Kurta patti 400.BMP,Fone=63; shared 5082/5083,high
R1866,64,5084,kp,cream,362 Royal,190 Raj,369 Royal,,,,,Jeetubhai Images\OS New folder (5) Images\5084 Kurta patti 250.BMP,,high
R1867,64,5084,kp,cream,45 Royal,361 Royal,767 Royal,,,,,Jeetubhai Images\OS New folder (5) Images\5084 Kurta patti 250.BMP,,high
R1868,64,5084,kp,cream,75 Royal,710 Royal,937 Raj,,,,,Jeetubhai Images\OS New folder (5) Images\5084 Kurta patti 250.BMP,,high
R1905,65,8092,neck+border,blue,222 D Raj,343 Royal,75 Royal,,,,,Jeetubhai Images\OS New folder (8) Images\8092 Border 250.BMP|Jeetubhai Images\OS New folder (8) Images\8092 Neck 250.BMP,65 Pcs,high
R1906,65,8092,neck+border,pink,798 Royal,343 Royal,4 Raj,,,,,Jeetubhai Images\OS New folder (8) Images\8092 Border 250.BMP|Jeetubhai Images\OS New folder (8) Images\8092 Neck 250.BMP,63 Pcs,high
R1907,65,8092,neck+border,red,7 Royal,343 Royal,791 Raj,,,,,Jeetubhai Images\OS New folder (8) Images\8092 Border 250.BMP|Jeetubhai Images\OS New folder (8) Images\8092 Neck 250.BMP,52 Pcs,high
R1908,65,8092,neck+border,yellow,59 Royal,343 Royal,35 D Royal,,,,,Jeetubhai Images\OS New folder (8) Images\8092 Border 250.BMP|Jeetubhai Images\OS New folder (8) Images\8092 Neck 250.BMP,56 Pcs,high
R1909,65,8094,neck+border,cream,702 Royal,367 Royal,706 Royal,,,,,Jeetubhai Images\OS New folder (8) Images\8094 Border.BMP|Jeetubhai Images\OS New folder (8) Images\8094 Neck 250.BMP,48 KP,high
R1910,65,8094,neck+border,firozi,722 Royal,752 Royal,770 Royal,,,,,Jeetubhai Images\OS New folder (8) Images\8094 Border.BMP|Jeetubhai Images\OS New folder (8) Images\8094 Neck 250.BMP,43 KP,high
R1911,65,8094,neck+border,pink,766 Royal,372 L Royal,27 Royal,,,,,Jeetubhai Images\OS New folder (8) Images\8094 Border.BMP|Jeetubhai Images\OS New folder (8) Images\8094 Neck 250.BMP,51 KP,high
R1922,66,8085,neck,blue,190 Raj,84 Royal,937 D Raj,,,,,Jeetubhai Images\OS New folder (8) Images\8085 Neck 250.BMP,,high
R1923,66,8085,neck,green,702 Raj,112 N Raj,342 DR Raj,,,,,Jeetubhai Images\OS New folder (8) Images\8085 Neck 250.BMP,,high
R1924,66,8085,neck,yellow,190 Raj,104 Raj,88 N Royal,,,,,Jeetubhai Images\OS New folder (8) Images\8085 Neck 250.BMP,,high
R1931,66,8088,neck,green,LMLL Royal,315 D Royal,731 L Royal,,,,,Jeetubhai Images\OS New folder (8) Images\8088 Neck 250.BMP,70 Pcs,medium
R1932,66,8088,neck,purple,715 Raj,727 Royal,30 NR Royal,,,,,Jeetubhai Images\OS New folder (8) Images\8088 Neck 250.BMP,68 Pcs,high
R1933,66,8088,neck,red,784 Royal,728 Royal,47 Royal,,,,,Jeetubhai Images\OS New folder (8) Images\8088 Neck 250.BMP,70 Pcs,high
R1937,67,5050,kp,firozi,73 N Raj,756 Royal,74 N Raj,,,,,Jeetubhai Images\OS New folder (5) Images\5050 Kurta patti 250.BMP,,high
R1938,67,5050,kp,orange,790 Royal,778 D Royal,88 Royal,,,,,Jeetubhai Images\OS New folder (5) Images\5050 Kurta patti 250.BMP,,high
R1939,67,5050,kp,yellow,806 Royal,788 Royal,105 Raj,,,,,Jeetubhai Images\OS New folder (5) Images\5050 Kurta patti 250.BMP,,high
R1960,67,8028,neck,green,118 L Royal,110 Royal,911 Royal,,,,,Jeetubhai Images\OS New folder (8) Images\8028 Neck 3 250.JPG,,high
R1961,67,8028,neck,light green,118 L Royal,110 Royal,935 Raj,,,,,Jeetubhai Images\OS New folder (8) Images\8028 Neck 3 250.JPG,,high
R1962,67,8028,neck,yellow,118 L Royal,110 Royal,789 D Raj,,,,,Jeetubhai Images\OS New folder (8) Images\8028 Neck 3 250.JPG,,high
R1969,68,7014,kp,green,110 Royal,118 L Royal,911 Royal,,,tikli,,Jeetubhai Images\OS New folder (7) Images\7014 KP 200.JPG,shared 8032/7014,high
R1970,68,7014,kp,rama,110 Royal,118 L Royal,935 Raj,,,tikli,,Jeetubhai Images\OS New folder (7) Images\7014 KP 200.JPG,shared 8032/7014,high
R1971,68,7014,kp,yellow,110 Royal,118 L Royal,789 D Raj,,,tikli,,Jeetubhai Images\OS New folder (7) Images\7014 KP 200.JPG,shared 8032/7014,high
R1975,68,7097,neck,green,343 Royal,168 Royal,190 Raj,,,tikli,,Jeetubhai Images\OS New folder (7) Images\7097 Nake P2 250  small.JPG,shared 7097/7069,high
R1976,68,7097,neck,pink,45 Royal,168 Royal,190 Raj,,,tikli,,Jeetubhai Images\OS New folder (7) Images\7097 Nake P2 250  small.JPG,shared 7097/7069,high
R1977,68,7097,neck,yellow,936 Raj,168 Royal,190 Raj,,,tikli,,Jeetubhai Images\OS New folder (7) Images\7097 Nake P2 250  small.JPG,shared 7097/7069,high
R1978,68,8032,neck,green,110 Royal,118 L Royal,911 Royal,,,tikli,,Jeetubhai Images\OS New folder (8) Images\8032 Neck 250.JPG,shared 8032/7014,high
R1979,68,8032,neck,rama,110 Royal,118 L Royal,935 Raj,,,tikli,,Jeetubhai Images\OS New folder (8) Images\8032 Neck 250.JPG,shared 8032/7014,high
R1980,68,8032,neck,yellow,110 Royal,118 L Royal,789 D Raj,,,tikli,,Jeetubhai Images\OS New folder (8) Images\8032 Neck 250.JPG,shared 8032/7014,high
R1981,68,8037,neck,firozi,190 Raj,74 N Raj,937 D Raj,,,tikli,,Jeetubhai Images\OS New folder (8) Images\8037 Neck 250.BMP|Jeetubhai Images\OS New folder (8) Images\8037 Neck 250.JPG,,high
R1982,68,8037,neck,green,702 Raj,112 N Raj,342 DR Raj,,,tikli,,Jeetubhai Images\OS New folder (8) Images\8037 Neck 250.BMP|Jeetubhai Images\OS New folder (8) Images\8037 Neck 250.JPG,,high
R1983,68,8037,neck,yellow,190 Raj,104 Raj,88 N Royal,,,tikli,,Jeetubhai Images\OS New folder (8) Images\8037 Neck 250.BMP|Jeetubhai Images\OS New folder (8) Images\8037 Neck 250.JPG,,high
R1984,68,8038,neck,mendi,118 LL Royal,372 Royal,MD Royal,,,tikli,,Jeetubhai Images\OS New folder (8) Images\8038 Neck 250.BMP,,high
R1985,68,8038,neck,rama,118 LL Royal,372 Royal,911 D Royal,,,tikli,,Jeetubhai Images\OS New folder (8) Images\8038 Neck 250.BMP,,high
R1986,68,8038,neck,red,118 LL Royal,372 Royal,8 NL Royal,,,tikli,,Jeetubhai Images\OS New folder (8) Images\8038 Neck 250.BMP,,high
R1992,68,8058,kp,firozi,345 Royal,111 Royal,76 Royal,,,tikli,,Jeetubhai Images\OS New folder (8) Images\8058 KP 200.BMP,80 Pcs; was misread as 5058 in v1,high
R1993,68,8058,kp,yellow green,345 Royal,235 Royal,103 Royal,,,tikli,,Jeetubhai Images\OS New folder (8) Images\8058 KP 200.BMP,76 Pcs; was misread as 5058 in v1,high
R1994,68,8058,kp,yellow,345 Royal,822 R Raj,105 B Raj,,,tikli,,Jeetubhai Images\OS New folder (8) Images\8058 KP 200.BMP,80 Pcs; was misread as 5058 in v1,high
R1995,68,8080,neck,orange,791 Royal,234 Royal,368 Royal,,,tikli,,Jeetubhai Images\OS New folder (8) Images\8080 Neck 200.BMP,48 Pcs,high
R1996,68,8080,neck,pink,775 Royal,236 Royal,730 Royal,,,tikli,,Jeetubhai Images\OS New folder (8) Images\8080 Neck 200.BMP,55 Pcs,high
R1997,68,8080,neck,rama,813 Royal,236 Royal,34 Royal,,,tikli,,Jeetubhai Images\OS New folder (8) Images\8080 Neck 200.BMP,44 Pcs,high
R2004,69,5033,neck+border,firozi,315 Royal,235 Royal,722 Raj,,,,,Jeetubhai Images\OS New folder (5) Images\5033 Neck 400.BMP,,high
R2005,69,5033,neck+border,green,315 Royal,1004 D Royal,98 D Raj,,,,,Jeetubhai Images\OS New folder (5) Images\5033 Neck 400.BMP,,high
R2006,69,5033,neck+border,yellow,315 Royal,1004 D Royal,188 T Raj,,,,,Jeetubhai Images\OS New folder (5) Images\5033 Neck 400.BMP,,high
R2007,69,5042,neck+daman,blue,911 Raj,401 Royal,105 Raj,322 Royal,,,,Jeetubhai Images\OS New folder (5) Images\5042 Nake.BMP,54 Pcs,high
R2008,69,5042,neck+daman,green,8 NL Royal,871 Raj,105 Raj,222 Royal,,,,Jeetubhai Images\OS New folder (5) Images\5042 Nake.BMP,58 Pcs,high
R2009,69,5042,neck+daman,red,343 Royal,105 Raj,871 Raj,322 Royal,,,,Jeetubhai Images\OS New folder (5) Images\5042 Nake.BMP,56 Pcs,high
R2013,69,7063,neck,firozi,234 Royal,Black,76 Royal,,,,,Jeetubhai Images\OS New folder (7) Images\7063 Nake 250.BMP|Jeetubhai Images\OS New folder (7) Images\7063 Nake 250.JPG,32 Pcs,high
R2014,69,7063,neck,orange,234 Royal,Black,731 L Raj,,,,,Jeetubhai Images\OS New folder (7) Images\7063 Nake 250.BMP|Jeetubhai Images\OS New folder (7) Images\7063 Nake 250.JPG,35 Pcs,high
R2015,69,7063,neck,pink,234 Royal,Black,792 D Raj,,,,,Jeetubhai Images\OS New folder (7) Images\7063 Nake 250.BMP|Jeetubhai Images\OS New folder (7) Images\7063 Nake 250.JPG,31 Pcs,high
R2038,70,7056,neck,blue,86 Raj,190 Raj,222 Raj,,,,,Jeetubhai Images\OS New folder (7) Images\7056 Nake 400.JPG,43 Pcs,high
R2039,70,7056,neck,orange,362 Royal,190 Raj,878 Raj,,,,,Jeetubhai Images\OS New folder (7) Images\7056 Nake 400.JPG,37 Pcs,high
R2040,70,7056,neck,pink,825 L Royal,190 Raj,359 Royal,,,,,Jeetubhai Images\OS New folder (7) Images\7056 Nake 400.JPG,35 Pcs,high
R2044,70,7087,neck,blue,130 L Royal,325 Royal,864 Raj,,,,,Jeetubhai Images\OS New folder (7) Images\7087 Nake 400.JPG,,high
R2045,70,7087,neck,pink,305 Royal,325 Royal,797 Royal,,,,,Jeetubhai Images\OS New folder (7) Images\7087 Nake 400.JPG,,high
R2046,70,7087,neck,yellow,805 Royal,324 Royal,936 Raj,,,,,Jeetubhai Images\OS New folder (7) Images\7087 Nake 400.JPG,,high
R2053,70,8032,neck,c green,315 Raj,712 Royal,118 C Royal,,,,,Jeetubhai Images\OS New folder (8) Images\8032 Neck 250.JPG,shared 8053/8032,high
R2054,70,8032,neck,green,315 Raj,849 Raj,118 C Royal,,,,,Jeetubhai Images\OS New folder (8) Images\8032 Neck 250.JPG,shared 8053/8032,high
R2055,70,8032,neck,pink,315 Raj,M Royal,118 C Royal,,,,,Jeetubhai Images\OS New folder (8) Images\8032 Neck 250.JPG,shared 8053/8032,high
R2056,70,8032,neck,purple,88 Royal,M Royal,118 C Royal,,,,,Jeetubhai Images\OS New folder (8) Images\8032 Neck 250.JPG,shared 8053/8032,high
R2057,70,8032,neck,red,731 Royal,MMD Royal,118 C Royal,,,,,Jeetubhai Images\OS New folder (8) Images\8032 Neck 250.JPG,shared 8053/8032,high
R2058,70,8032,neck,yellow,190 Raj,M Royal,118 C Royal,,,,,Jeetubhai Images\OS New folder (8) Images\8032 Neck 250.JPG,shared 8053/8032,high
R2065,70,8053,neck,c green,315 Raj,712 Royal,118 C Royal,,,,,Jeetubhai Images\OS New folder (8) Images\8053 Neck 400.BMP,shared 8053/8032,high
R2066,70,8053,neck,green,315 Raj,849 Raj,118 C Royal,,,,,Jeetubhai Images\OS New folder (8) Images\8053 Neck 400.BMP,shared 8053/8032,high
R2067,70,8053,neck,pink,315 Raj,M Royal,118 C Royal,,,,,Jeetubhai Images\OS New folder (8) Images\8053 Neck 400.BMP,shared 8053/8032,high
R2068,70,8053,neck,purple,88 Royal,M Royal,118 C Royal,,,,,Jeetubhai Images\OS New folder (8) Images\8053 Neck 400.BMP,shared 8053/8032,high
R2069,70,8053,neck,red,731 Royal,MMD Royal,118 C Royal,,,,,Jeetubhai Images\OS New folder (8) Images\8053 Neck 400.BMP,shared 8053/8032,high
R2070,70,8053,neck,yellow,190 Raj,M Royal,118 C Royal,,,,,Jeetubhai Images\OS New folder (8) Images\8053 Neck 400.BMP,shared 8053/8032,high
R2074,71,6049,neck+daman+astin,gajri,701 Royal,186 Raj,727 S Royal,49 LL Royal,,,,Jeetubhai Images\OS New folder (6) Images\6049 Daman 250.JPG,C/G,high
R2075,71,6049,neck+daman+astin,green,186 Raj,715 Royal,727 S Royal,49 LL Royal,,,,Jeetubhai Images\OS New folder (6) Images\6049 Daman 250.JPG,,high
R2076,71,6049,neck+daman+astin,yellow,715 Royal,701 Royal,727 S Royal,49 LL Royal,,,,Jeetubhai Images\OS New folder (6) Images\6049 Daman 250.JPG,,high
R2077,71,8008,kp,green,713 Raj,118 LL Royal,35 S Royal,,,,,Jeetubhai Images\OS New folder (8) Images\8008 KP 400.JPG,,high
R2078,71,8008,kp,pink,,118 LL Royal,35 S Royal,,,,,Jeetubhai Images\OS New folder (8) Images\8008 KP 400.JPG,,medium
R2079,71,8008,kp,yellow,105 R Raj,118 LL Royal,35 S Royal,,,,,Jeetubhai Images\OS New folder (8) Images\8008 KP 400.JPG,,high
R2080,71,8016,neck+border,cream,143 Raj,766 Royal,White,33 S Royal,110 L Royal,,,Jeetubhai Images\OS New folder (8) Images\8016 BORDER 250.JPG|Jeetubhai Images\OS New folder (8) Images\8016 Nake P1 450.JPG,,high
R2081,71,8016,neck+border,peach,17 Royal,130 D Royal,127 L Raj,49 W Royal,731 Royal,,,Jeetubhai Images\OS New folder (8) Images\8016 BORDER 250.JPG|Jeetubhai Images\OS New folder (8) Images\8016 Nake P1 450.JPG,,high
R2082,71,8016,neck+border,pink,17 N Royal,75 Royal,43 L Royal,49 U Royal,29 Royal,,,Jeetubhai Images\OS New folder (8) Images\8016 BORDER 250.JPG|Jeetubhai Images\OS New folder (8) Images\8016 Nake P1 450.JPG,,high
R2083,71,8016,neck+border,rama,357 Royal,188 Raj,812 Royal,49 U Royal,313 Royal,,,Jeetubhai Images\OS New folder (8) Images\8016 BORDER 250.JPG|Jeetubhai Images\OS New folder (8) Images\8016 Nake P1 450.JPG,,high
R2084,71,8016,neck+border,rust,722 D Royal,341 Royal,78 Raj,49 U Royal,313 Royal,,,Jeetubhai Images\OS New folder (8) Images\8016 BORDER 250.JPG|Jeetubhai Images\OS New folder (8) Images\8016 Nake P1 450.JPG,,high
R2085,71,8016,neck+border,wine,117 Royal,188 Raj,727 L Royal,49 U Royal,313 Royal,,,Jeetubhai Images\OS New folder (8) Images\8016 BORDER 250.JPG|Jeetubhai Images\OS New folder (8) Images\8016 Nake P1 450.JPG,,high
R2086,71,8017,body+border,cream,75 Royal,4 Raj,117 Royal,35 L Royal,,,,Jeetubhai Images\OS New folder (8) Images\8017 BORDER 200.JPG|Jeetubhai Images\OS New folder (8) Images\8017 Big BORDER 200.JPG|Jeetubhai Images\OS New folder (8) Images\8017 Body P1 450.JPG,,high
R2087,71,8017,body+border,gajri,117 Royal,71 Royal,88 T Raj,62 Royal,,,,Jeetubhai Images\OS New folder (8) Images\8017 BORDER 200.JPG|Jeetubhai Images\OS New folder (8) Images\8017 Big BORDER 200.JPG|Jeetubhai Images\OS New folder (8) Images\8017 Body P1 450.JPG,,high
R2088,71,8017,body+border,grey,313 Royal,775 Royal,711 Royal,188 T Raj,,,,Jeetubhai Images\OS New folder (8) Images\8017 BORDER 200.JPG|Jeetubhai Images\OS New folder (8) Images\8017 Big BORDER 200.JPG|Jeetubhai Images\OS New folder (8) Images\8017 Body P1 450.JPG,,high
R2089,71,8017,body+border,light green,731 Royal,35 Royal,357 Royal,311 Royal,,,,Jeetubhai Images\OS New folder (8) Images\8017 BORDER 200.JPG|Jeetubhai Images\OS New folder (8) Images\8017 Big BORDER 200.JPG|Jeetubhai Images\OS New folder (8) Images\8017 Body P1 450.JPG,,high
R2090,71,8017,body+border,pink,17 N Royal,29 Royal,711 Royal,130 D Royal,,,,Jeetubhai Images\OS New folder (8) Images\8017 BORDER 200.JPG|Jeetubhai Images\OS New folder (8) Images\8017 Big BORDER 200.JPG|Jeetubhai Images\OS New folder (8) Images\8017 Body P1 450.JPG,,high
R2091,71,8017,body+border,rama,29 Royal,412 Royal,789 DD Royal,188 Raj,,,,Jeetubhai Images\OS New folder (8) Images\8017 BORDER 200.JPG|Jeetubhai Images\OS New folder (8) Images\8017 Big BORDER 200.JPG|Jeetubhai Images\OS New folder (8) Images\8017 Body P1 450.JPG,,high
R2092,71,8038,neck,green,118 LL Royal,35 S Royal,713 Raj,,,,,Jeetubhai Images\OS New folder (8) Images\8038 Neck 250.BMP,,high
R2093,71,8038,neck,pink,118 LL Royal,35 S Royal,8 L Raj,,,,,Jeetubhai Images\OS New folder (8) Images\8038 Neck 250.BMP,,high
R2094,71,8038,neck,yellow,118 LL Royal,35 S Royal,105 R Raj,,,,,Jeetubhai Images\OS New folder (8) Images\8038 Neck 250.BMP,,high
R2095,71,8072,kp,blue,104 L Royal,190 Raj,104 Raj,,,,,Jeetubhai Images\OS New folder (8) Images\8072 KP 400.BMP,,high
R2096,71,8072,kp,rust,74 N Raj,190 Raj,722 Raj,,,,,Jeetubhai Images\OS New folder (8) Images\8072 KP 400.BMP,,high
R2097,71,8072,kp,yellow,706 Royal,190 Raj,707 D Royal,,,,,Jeetubhai Images\OS New folder (8) Images\8072 KP 400.BMP,,high
R2098,71,8073,kp,blue,130 Royal,727 Raj,49 N Raj,,,,jari,Jeetubhai Images\OS New folder (8) Images\8073 KP 400.BMP,,high
R2099,71,8073,kp,orange,779 Royal,143 Raj,49 N Raj,,,,jari,Jeetubhai Images\OS New folder (8) Images\8073 KP 400.BMP,,high
R2100,71,8073,kp,pink,762 Royal,702 Raj,49 N Raj,,,,jari,Jeetubhai Images\OS New folder (8) Images\8073 KP 400.BMP,,high
R2104,72,7066,kp,blue,188 T Raj,810 L Raj,118 LL Royal,,,,jari,Jeetubhai Images\OS New folder (7) Images\7066 KP 200.JPG,,high
R2105,72,7066,kp,peach,766 Royal,342 R Raj,118 LL Royal,,,,jari,Jeetubhai Images\OS New folder (7) Images\7066 KP 200.JPG,,high
R2106,72,7066,kp,yellow,810 L Raj,790 Raj,118 LL Royal,,,,jari,Jeetubhai Images\OS New folder (7) Images\7066 KP 200.JPG,,high
R2122,72,8074,kp,green,820 Royal,MD Royal,341 R Raj,,,,jari,Jeetubhai Images\OS New folder (8) Images\8074 KP 400.BMP,,high
R2123,72,8074,kp,red,727 L Royal,792 Royal,68 Royal,,,,jari,Jeetubhai Images\OS New folder (8) Images\8074 KP 400.BMP,,high
R2124,72,8074,kp,yellow,334 Raj,110 D Raj,104 N Raj,,,,jari,Jeetubhai Images\OS New folder (8) Images\8074 KP 400.BMP,,high
R2128,72,8076,neck,green,335 Royal,MD Royal,103 Royal,,,,jari,Jeetubhai Images\OS New folder (8) Images\8076 Neck 250.BMP,,high
R2129,72,8076,neck,orange,335 Royal,110 NL Royal,95 Raj,,,,jari,Jeetubhai Images\OS New folder (8) Images\8076 Neck 250.BMP,,high
R2130,72,8076,neck,pink,335 Royal,102 N Royal,47 Raj,,,,jari,Jeetubhai Images\OS New folder (8) Images\8076 Neck 250.BMP,,high
R2137,73,6084,kp,blue,49 L Royal,190 Raj,76 Royal,,,,,Jeetubhai Images\OS New folder (6) Images\6084 KP 250.JPG,,high
R2138,73,6084,kp,green,49 L Royal,190 Raj,839 Royal,,,,,Jeetubhai Images\OS New folder (6) Images\6084 KP 250.JPG,,high
R2139,73,6084,kp,orange,49 L Royal,190 Raj,732 Royal,,,,,Jeetubhai Images\OS New folder (6) Images\6084 KP 250.JPG,,high
R2140,73,7034,kp,blue,710 Royal,722 Raj,721 Royal,,,,,Jeetubhai Images\OS New folder (7) Images\7034 KP 200.JPG,,high
R2141,73,7034,kp,green,702 D Royal,103 Royal,704 Royal,,,,,Jeetubhai Images\OS New folder (7) Images\7034 KP 200.JPG,,high
R2142,73,7034,kp,orange,305 Raj,48 D Royal,809 Royal,,,,,Jeetubhai Images\OS New folder (7) Images\7034 KP 200.JPG,,high
R2143,73,7050,kp,light green,75 N Raj,325 Royal,,,,,,Jeetubhai Images\OS New folder (7) Images\7050 KP 250.JPG,,medium
R2144,73,7050,kp,pink,357 Royal,335 Royal,,,,,,Jeetubhai Images\OS New folder (7) Images\7050 KP 250.JPG,,high
R2145,73,7050,kp,yellow,189 Raj,333 Royal,,,,,,Jeetubhai Images\OS New folder (7) Images\7050 KP 250.JPG,,medium
R2146,73,7052,kp,green,190 Raj,410 Royal,63 Royal,,,,,Jeetubhai Images\OS New folder (7) Images\7052 KP 250.JPG,,high
R2147,73,7052,kp,orange,190 Raj,82 Raj,732 Royal,,,,,Jeetubhai Images\OS New folder (7) Images\7052 KP 250.JPG,,high
R2148,73,7052,kp,yellow,190 Raj,105 L Raj,189 Raj,,,,,Jeetubhai Images\OS New folder (7) Images\7052 KP 250.JPG,,high
R2149,73,7090,kp,green,838 Raj,190 Raj,49 L Raj,,,,,Jeetubhai Images\OS New folder (7) Images\7090 KP 200.JPG|Jeetubhai Images\OS New folder (7) Images\7090 KP 400.BMP,,high
R2150,73,7090,kp,orange,,190 Raj,49 L Raj,,,,,Jeetubhai Images\OS New folder (7) Images\7090 KP 200.JPG|Jeetubhai Images\OS New folder (7) Images\7090 KP 400.BMP,,medium
R2151,73,7090,kp,pink,82 Raj,190 Raj,49 L Raj,,,,,Jeetubhai Images\OS New folder (7) Images\7090 KP 200.JPG|Jeetubhai Images\OS New folder (7) Images\7090 KP 400.BMP,,high
R2152,73,8063,kp,green,104 N Raj,719 Royal,M Royal,,,,,Jeetubhai Images\OS New folder (8) Images\8063 KP 400.BMP,,high
R2153,73,8063,kp,maroon,834 DD Raj,104 N Raj,768 D Royal,,,,,Jeetubhai Images\OS New folder (8) Images\8063 KP 400.BMP,,high
R2154,73,8063,kp,orange,74 N Raj,782 Royal,731 D Royal,,,,,Jeetubhai Images\OS New folder (8) Images\8063 KP 400.BMP,,high
R2164,74,5032,neck+border,green,235 Royal,123 Raj,339 Raj,,,,,Jeetubhai Images\OS New folder (5) Images\5032 Kurta patti.BMP,,high
R2165,74,5032,neck+border,orange,90 N Royal,123 Raj,705 Raj,,,,,Jeetubhai Images\OS New folder (5) Images\5032 Kurta patti.BMP,LG,high
R2166,74,5032,neck+border,pink,82 Raj,123 Raj,78 Royal,,,,,Jeetubhai Images\OS New folder (5) Images\5032 Kurta patti.BMP,,high
R2167,74,7015,neck+border,blue,76 Royal,372 Royal,49 L Royal,,,,,Jeetubhai Images\OS New folder (7) Images\7015 Border 250.JPG|Jeetubhai Images\OS New folder (7) Images\7015 Nake KP 250.JPG,,high
R2168,74,7015,neck+border,green,839 Royal,372 Royal,49 L Royal,,,,,Jeetubhai Images\OS New folder (7) Images\7015 Border 250.JPG|Jeetubhai Images\OS New folder (7) Images\7015 Nake KP 250.JPG,,high
R2169,74,7015,neck+border,orange,732 Royal,372 Royal,49 L Royal,,,,,Jeetubhai Images\OS New folder (7) Images\7015 Border 250.JPG|Jeetubhai Images\OS New folder (7) Images\7015 Nake KP 250.JPG,,high
R2170,74,7097,neck,blue,74 N Raj,313 Royal,190 Raj,,,,,Jeetubhai Images\OS New folder (7) Images\7097 Nake P2 250  small.JPG,LG,high
R2171,74,7097,neck,green,836 Royal,313 Royal,190 Raj,,,,,Jeetubhai Images\OS New folder (7) Images\7097 Nake P2 250  small.JPG,LG,high
R2172,74,7097,neck,pink,775 Royal,313 Royal,190 Raj,,,,,Jeetubhai Images\OS New folder (7) Images\7097 Nake P2 250  small.JPG,LG,high
R2173,74,7098,neck,green,33 S Royal,75 N Raj,,,,,,Jeetubhai Images\OS New folder (7) Images\7098 Nake 400.JPG,,high
R2174,74,7098,neck,pink,33 S Raj,357 Royal,,,,,,Jeetubhai Images\OS New folder (7) Images\7098 Nake 400.JPG,,high
R2175,74,7098,neck,yellow,33 S Royal,189 Raj,,,,,,Jeetubhai Images\OS New folder (7) Images\7098 Nake 400.JPG,,high
R2176,74,8002,neck+border,blue,49 L Royal,313 Royal,190 Raj,74 N Raj,,,,Jeetubhai Images\OS New folder (8) Images\8002 border 200.JPG,,high
R2177,74,8002,neck+border,green,49 L Royal,313 Royal,190 Raj,836 Royal,,,,Jeetubhai Images\OS New folder (8) Images\8002 border 200.JPG,,high
R2178,74,8002,neck+border,pink,49 L Royal,313 Royal,190 Raj,775 Royal,,,,Jeetubhai Images\OS New folder (8) Images\8002 border 200.JPG,,high
R2182,74,8059,neck+border,blue,834 D Raj,812 Royal,834 D Raj,49 L Royal,,,,Jeetubhai Images\OS New folder (8) Images\8059 Neck+Border.BMP|Jeetubhai Images\OS New folder (8) Images\8059 Border 200.BMP|Jeetubhai Images\OS New folder (8) Images\8059 Neck.BMP,,high
R2183,74,8059,neck+border,green,100 Royal,234 Royal,100 Royal,49 L Royal,,,,Jeetubhai Images\OS New folder (8) Images\8059 Neck+Border.BMP|Jeetubhai Images\OS New folder (8) Images\8059 Border 200.BMP|Jeetubhai Images\OS New folder (8) Images\8059 Neck.BMP,,high
R2184,74,8059,neck+border,peach,8 Royal,363 Raj,8 Royal,49 L Royal,,,,Jeetubhai Images\OS New folder (8) Images\8059 Neck+Border.BMP|Jeetubhai Images\OS New folder (8) Images\8059 Border 200.BMP|Jeetubhai Images\OS New folder (8) Images\8059 Neck.BMP,,high
R2191,74,8064,kp,blue,313 Royal,190 Raj,74 N Raj,,,,,Jeetubhai Images\OS New folder (8) Images\8064 KP 400.BMP,,high
R2192,74,8064,kp,green,313 Royal,190 Raj,836 Royal,,,,,Jeetubhai Images\OS New folder (8) Images\8064 KP 400.BMP,,high
R2193,74,8064,kp,pink,313 Royal,190 Raj,775 Royal,,,,,Jeetubhai Images\OS New folder (8) Images\8064 KP 400.BMP,,high
R2197,75,8055,neck+border+astin border,blue,125 Raj,822 R Raj,911 Royal,,,,,Jeetubhai Images\OS New folder (8) Images\8055 Neck+Border.BMP|Jeetubhai Images\OS New folder (8) Images\8055 Border 200.BMP|Jeetubhai Images\OS New folder (8) Images\8055 Neck.BMP,,high
R2198,75,8055,neck+border,blue,125 Raj,822 R Raj,911 Royal,,,,,Jeetubhai Images\OS New folder (8) Images\8055 Neck+Border.BMP|Jeetubhai Images\OS New folder (8) Images\8055 Border 200.BMP|Jeetubhai Images\OS New folder (8) Images\8055 Neck.BMP,2nd block Blue-68,high
R2199,75,8055,neck+border+astin border,orange,102 N Raj,822 R Raj,809 Royal,,,,,Jeetubhai Images\OS New folder (8) Images\8055 Neck+Border.BMP|Jeetubhai Images\OS New folder (8) Images\8055 Border 200.BMP|Jeetubhai Images\OS New folder (8) Images\8055 Neck.BMP,,high
R2200,75,8055,neck+border,orange,102 N Raj,822 R Raj,809 Royal,,,,,Jeetubhai Images\OS New folder (8) Images\8055 Neck+Border.BMP|Jeetubhai Images\OS New folder (8) Images\8055 Border 200.BMP|Jeetubhai Images\OS New folder (8) Images\8055 Neck.BMP,2nd block Orange-64,high
R2201,75,8055,neck+border+astin border,yellow,326 Royal,822 R Raj,103 Royal,,,,,Jeetubhai Images\OS New folder (8) Images\8055 Neck+Border.BMP|Jeetubhai Images\OS New folder (8) Images\8055 Border 200.BMP|Jeetubhai Images\OS New folder (8) Images\8055 Neck.BMP,,high
R2202,75,8055,neck+border,yellow,326 Royal,822 S Raj,103 Royal,,,,,Jeetubhai Images\OS New folder (8) Images\8055 Neck+Border.BMP|Jeetubhai Images\OS New folder (8) Images\8055 Border 200.BMP|Jeetubhai Images\OS New folder (8) Images\8055 Neck.BMP,2nd block Yellow-62,high
